-9.25549613839393714e1 -1.77635683940025046e-7 -7.94851064966905909e1 -3.55271367880050093e-7 -1.21286147702903691e2 -8.32667268468867299e-7 -1.60660835746284619e2 -7.99360577730112603e-7 -1.82400945547556120e2 -1.08801856413265320e-6 -2.35044974639109199e2 -4.26325641456060112e-6 -2.48294813331995101e2 0.00000000000000000e0 -3.02558730069790670e2 1.11022302462515633e-6 -3.20174802226347254e2 4.03010957938931824e-6 -3.63506808254143664e2 0.00000000000000000e0 -3.95618462789570856e2 -1.87627691161651477e-6 -4.22094624052960000e2 2.17603712826530640e-6 -4.69505539690828698e2 -3.99680288865056355e-5 -4.83700629549943528e2 -2.84217094304040074e-6 -5.37189225724432617e2 -2.88769008705003182e-5 -5.51430347162096155e2 -3.59712259978550677e-6 -5.97737330032543809e2 4.00790511889681511e-6 -6.24259774584245974e2 -1.77635683940025013e-5 -6.54774563457749423e2 -4.89608353859693950e-6 -6.97697329110624651e2 2.04192218689058764e-4 -7.13947345687415577e2 1.17461596005341528e-5 -7.66603028123924219e2 -1.79056769411545220e-4 -7.79385285909483969e2 -6.93889390390722838e-6 0.00000000000000000e0 -1.23759924974820024e1 7.99360577730112603e-7 -5.50162152279654038e1 1.42108547152020037e-6 -3.62594251845926792e1 1.11022302462515633e-6 -7.30914912594471247e1 0.00000000000000000e0 -6.73938990169986454e1 -4.35207425653061279e-6 -8.82303694993424870e1 2.84217094304040074e-6 -1.02316521954914904e2 0.00000000000000000e0 -1.02780869370988611e2 0.00000000000000000e0 -1.34943512097862595e2 0.00000000000000000e0 -1.22656014944766397e2 0.00000000000000000e0 -1.59960646561874171e2 -1.50102152929321181e-5 -1.50665379150538541e2 0.00000000000000000e0 -1.76919279226694925e2 -9.99200722162640886e-6 -1.84629473665154364e2 -1.13686837721616030e-5 -1.90975686586991571e2 -2.56683563293336158e-5 -2.18491295056466555e2 0.00000000000000000e0 -2.08691639580482757e2 1.60316204755872604e-5 -2.45814808508271170e2 3.55271367880050025e-5 -2.34154504885619673e2 -3.91686683087755160e-5 -2.64422491147442429e2 -2.14939177567430272e-5 -2.66777003177232018e2 2.34923192010683056e-5 -2.78701951117454826e2 2.55795384873636033e-5 -3.01353345055765942e2
-1.77635683940025046e-7 -1.15051594251625019e2 7.99360577730112603e-7 -8.67737302456816906e1 0.00000000000000000e0 -1.07358047174432855e2 -2.22044604925031266e-6 -1.52915654139107431e2 -1.59872115546022521e-6 -1.65945577146331374e2 4.35207425653061279e-6 -2.06560358151364198e2 2.84217094304040074e-6 -2.30289287039830953e2 0.00000000000000000e0 -2.57860528485309658e2 8.88178419700125063e-6 -2.94932206001963209e2 -1.61204383175572730e-5 -3.11778064165935064e2 -6.39488462184090083e-6 -3.55655547912281406e2 -1.50102152929321181e-5 -3.71081435002196201e2 3.48165940522449023e-5 -4.11284683810020397e2 1.99840144432528177e-5 -4.35115754271464539e2 -1.13686837721616030e-5 -4.64325447335767137e2 0.00000000000000000e0 -5.00265034197866441e2 -1.43884903991420271e-5 -5.18833020779485537e2 1.60316204755872604e-5 -5.62372921564246894e2 1.77635683940025013e-5 -5.77792306899471555e2 0.00000000000000000e0 -6.19387809930316280e2 2.14939177567430272e-5 -6.41371934850809339e2 2.34923192010683056e-5 -6.73057360245365885e2 2.55795384873636033e-5 -7.06625612190148217e2 3.34588193595664052e1 -4.99600361081320337e-7 4.48686503951023425e1 0.00000000000000000e0 2.88286926775072061e1 2.77555756156289082e-7 5.72225433703721293e1 -1.19904086659516885e-6 7.01934734337328194e1 5.44009282066326599e-7 7.26366938152977895e1 -6.39488462184090167e-6 1.01469214541793917e2 8.99280649946376692e-7 9.47823351804544103e1 -6.66133814775093840e-6 1.24885901620075387e2 1.34336985979643920e-6 1.23954612307741726e2 -1.59872115546022521e-6 1.42576702444330266e2 -9.38138455808257446e-6 1.56358050418248268e2 -4.35207425653061279e-6 1.59639985142234735e2 1.59872115546022542e-4 1.86545449087915927e2 -2.84217094304040074e-6 1.81085943040670827e2 -5.13367126586672317e-5 2.10858424276594263e2 0.00000000000000000e0 2.08901441745012988e2 0.00000000000000000e0 2.29502730997310778e2 -1.77635683940025013e-5 2.40606414791955075e2 0.00000000000000000e0 2.46529498015846059e2 -5.37347943918575681e-6 2.71281399122358380e2 5.87307980026707640e-6 2.66868517506679780e2 -1.27897692436818017e-5 2.96897508178517398e2 6.93889390390722838e-6
-7.94851064966905909e1 7.99360577730112603e-7 -2.07591213019497872e2 3.99680288865056302e-7 -1.63990447532569306e2 3.99680288865056302e-7 -2.18903734028330604e2 -3.99680288865056302e-7 -2.67519320296116746e2 -1.63202784619897990e-6 -3.16744630257659253e2 -7.10542735760100186e-7 -3.62465550551860360e2 0.00000000000000000e0 -4.13702832791074059e2 -1.11022302462515633e-6 -4.58184929996718836e2 2.68673971959287840e-6 -5.08196226878254663e2 -1.59872115546022521e-6 -5.54637136218616320e2 -1.87627691161651477e-6 -6.01000284383701569e2 8.70414851306122558e-6 -6.50614176578301226e2 -9.99200722162640886e-6 -6.93583750432935631e2 -5.68434188608080149e-6 -7.44847000078152632e2 3.20854454116670198e-6 -7.87056052953260973e2 3.59712259978550677e-6 -8.36967277884070768e2 4.00790511889681511e-6 -8.81542177699756735e2 -1.33226762955018768e-5 -9.27839440834077209e2 0.00000000000000000e0 -9.76226003635005441e2 -7.52287121486006072e-5 -1.01899085347412199e3 1.17461596005341528e-5 -1.07000236040377649e3 -4.47641923528863049e-5 -1.11170631100776495e3 1.38777878078144568e-5 -3.99680288865056302e-7 2.42893397395249586e1 0.00000000000000000e0 -2.01084221274072625e1 7.10542735760100186e-7 -3.51973886036915857e1 -2.22044604925031266e-6 -3.39253493297775250e1 0.00000000000000000e0 -3.77539150497874161e1 0.00000000000000000e0 -4.58927914337436960e1 2.84217094304040074e-6 -5.09121130254364047e1 -3.59712259978550677e-6 -5.61666435583418817e1 -4.44089209850062531e-6 -6.53207320788773416e1 0.00000000000000000e0 -6.69750814807912178e1 1.27897692436818017e-5 -7.83942360471634601e1 0.00000000000000000e0 -7.95951121901339178e1 0.00000000000000000e0 -8.94081758628928469e1 9.99200722162640886e-6 -9.38706705255754059e1 1.13686837721616030e-5 -9.93474961741291764e1 -2.56683563293336158e-5 -1.08442156454557889e2 -4.31654711974260795e-5 -1.09830651973119586e2 1.60316204755872604e-5 -1.21633640937091045e2 0.00000000000000000e0 -1.22053335538385682e2 -1.95843341543877580e-5 -1.32720729340007892e2 0.00000000000000000e0 -1.36095656610990517e2 2.34923192010683056e-5 -1.42619797571796852e2 -2.55795384873636033e-5 -1.50819121080836283e2
-3.55271367880050093e-7 -8.67737302456816906e1 3.99680288865056302e-7 -2.63166120362257061e2 -2.13162820728030056e-6 -1.59804934285467908e2 1.11022302462515633e-6 -2.21113041076748090e2 -1.59872115546022521e-6 -2.62726861388617976e2 0.00000000000000000e0 -3.03526969247513989e2 2.84217094304040074e-6 -3.53883024784007375e2 7.19424519957101353e-6 -3.88278913465711582e2 -4.44089209850062531e-6 -4.43100552238728767e2 5.37347943918575681e-6 -4.75594566928805250e2 6.39488462184090083e-6 -5.29457665621180354e2 -1.50102152929321181e-5 -5.65797641538523408e2 1.74082970261224512e-5 -6.13367396873343296e2 9.99200722162640886e-6 -6.57639037626722711e2 1.13686837721616030e-5 -6.96965807778226917e2 2.56683563293336158e-5 -7.48717029575018842e2 -1.43884903991420271e-5 -7.82625151563021177e2 -3.20632409511745209e-5 -8.36941791426681789e2 -1.77635683940025013e-5 -8.71516995071264091e2 0.00000000000000000e0 -9.21864449576759057e2 -2.14939177567430272e-5 -9.62971389362188006e2 4.69846384021366112e-5 -1.00537751563933841e3 5.11590769747272066e-5 -1.05466183009106385e3 2.10090627561498877e1 -3.55271367880050093e-7 8.42517479782145386e1 5.32907051820075139e-7 5.88656405398069182e1 2.77555756156289082e-7 4.47214698606757040e1 -7.99360577730112603e-7 8.95137819867386355e1 -1.08801856413265320e-6 8.77603194116005483e1 -7.10542735760100186e-6 1.17772702878937707e2 0.00000000000000000e0 1.21982948941834465e2 -3.33066907387546920e-6 1.43797391771727206e2 -1.34336985979643920e-6 1.57034622239038413e2 3.19744231092045041e-6 1.68755710205914482e2 -7.50510764646605906e-6 1.91553913175823737e2 2.17603712826530640e-6 1.95282689929854286e2 1.54876111935209337e-4 2.23157042844590592e2 0.00000000000000000e0 2.25408734877419192e2 -4.81281681175005293e-5 2.50837120274738339e2 3.59712259978550677e-6 2.59173100580767311e2 -8.01581023779363022e-6 2.75799694282596874e2 -2.22044604925031274e-5 2.94193096550543430e2 4.89608353859693950e-6 3.01067442576297083e2 1.07469588783715136e-5 3.27277998479758025e2 1.17461596005341528e-5 3.29466550619272766e2 6.39488462184090083e-6 3.56474990326205386e2 -1.38777878078144568e-5
-1.21286147702903691e2 0.00000000000000000e0 -1.63990447532569306e2 -2.13162820728030056e-6 -4.22674020228441805e2 -1.42108547152020037e-6 -3.15369833581158275e2 -2.13162820728030056e-6 -3.69792534193891186e2 -2.13162820728030056e-6 -4.87220647071850919e2 -1.13686837721616030e-5 -5.01143290421168786e2 -8.99280649946376692e-7 -6.25681001409361556e2 -5.55111512312578186e-6 -6.50471307928057627e2 1.34336985979643920e-6 -7.47183025318065461e2 0.00000000000000000e0 -8.09594330775098456e2 -1.31339383813156036e-5 -8.62946163238120903e2 0.00000000000000000e0 -9.65336950642381339e2 -9.99200722162640886e-5 -9.86636692346110067e2 8.52651282912120223e-6 -1.10583979449074832e3 -6.09623462821673389e-5 -1.12614918332809543e3 0.00000000000000000e0 -1.22851329589224156e3 -4.00790511889681511e-6 -1.27896300328167445e3 -1.77635683940025013e-5 -1.34220613290381129e3 0.00000000000000000e0 -1.43375335763806765e3 8.06021915877863648e-5 -1.46093903214961051e3 2.93653990013353837e-5 -1.57745087943084127e3 1.27897692436818006e-4 -1.59507356443100412e3 -6.93889390390722838e-6 2.84217094304040074e-6 -3.31765264149908035e0 -1.42108547152020037e-6 -2.12390673937079555e1 -7.10542735760100186e-7 -1.15306860948294343e1 -1.11022302462515633e-6 -1.17437002700171433e2 3.19744231092045041e-6 -5.76073503566476575e1 4.35207425653061279e-6 -1.00090959165299864e2 2.84217094304040074e-6 -1.11552456172336875e2 0.00000000000000000e0 -9.68475200036067321e1 0.00000000000000000e0 -1.58606386468918004e2 -5.37347943918575681e-6 -1.09181294405402681e2 1.27897692436818017e-5 -1.86095602239255726e2 7.50510764646605906e-6 -1.42852115470049029e2 8.70414851306122558e-6 -1.92965780854148505e2 0.00000000000000000e0 -1.92112213426298695e2 0.00000000000000000e0 -1.92150982869510017e2 -1.28341781646668079e-5 -2.41503084730254585e2 -2.87769807982840541e-5 -2.00214451329117082e2 3.20632409511745209e-5 -2.74813460876543957e2 -3.55271367880050025e-5 -2.27634184801761506e2 1.95843341543877580e-5 -2.86298764207160161e2 4.29878355134860545e-5 -2.73204172818175493e2 4.69846384021366112e-5 -2.86621050094026884e2 -7.67386154620908065e-5 -3.23964993720338157e2
-8.32667268468867299e-7 -1.07358047174432855e2 3.99680288865056302e-7 -1.59804934285467908e2 -1.42108547152020037e-6 -4.33458213766613142e2 3.33066907387546920e-6 -2.62246554472156333e2 1.59872115546022521e-6 -3.10225978106259902e2 4.35207425653061279e-6 -3.88978289578290060e2 5.68434188608080149e-6 -4.21944798401074820e2 -7.19424519957101353e-6 -4.89344377241351879e2 4.44089209850062531e-6 -5.39662724674538822e2 0.00000000000000000e0 -5.89891906521699980e2 6.39488462184090083e-6 -6.54849761971831981e2 0.00000000000000000e0 -6.95913096171452025e2 0.00000000000000000e0 -7.64378552953193207e2 0.00000000000000000e0 -8.08294555554311955e2 0.00000000000000000e0 -8.69507026302063082e2 -1.28341781646668079e-5 -9.24065378615779196e2 -2.87769807982840541e-5 -9.74093299843659111e2 -1.60316204755872604e-5 -1.03869668865996778e3 0.00000000000000000e0 -1.08190123470075491e3 1.95843341543877580e-5 -1.14900869041534293e3 0.00000000000000000e0 -1.19430977092438411e3 7.04769576032049236e-5 -1.25529572017057922e3 -5.11590769747272066e-5 -1.30944755732942394e3 4.53227580465842479e1 2.77555756156289082e-7 7.01909546485523919e1 -2.77555756156289082e-7 1.26948739165300140e2 -2.77555756156289082e-7 1.26195864869060856e2 0.00000000000000000e0 9.33620524889988559e1 1.08801856413265320e-6 1.50420564093423053e2 -1.42108547152020037e-6 1.77231461861993012e2 0.00000000000000000e0 1.86487929099143884e2 -3.33066907387546920e-6 2.31208145962114003e2 -1.34336985979643920e-6 2.33518552317235589e2 -4.79616346638067541e-6 2.73758251267963658e2 -7.50510764646605906e-6 2.87391848763363157e2 0.00000000000000000e0 3.11880878278714079e2 1.87350135405495166e-4 3.41755264088305921e2 1.13686837721616030e-5 3.52218330590403639e2 -3.20854454116670172e-5 3.91301347901773454e2 3.59712259978550677e-6 3.98638666077033520e2 0.00000000000000000e0 4.34474405386353624e2 -1.77635683940025013e-5 4.50326744783069387e2 -4.89608353859693950e-6 4.74108548020879425e2 0.00000000000000000e0 5.03104414484312144e2 -1.17461596005341528e-5 5.15012951840532082e2 6.39488462184090083e-6 5.52498335082418521e2 1.38777878078144568e-5
-1.60660835746284619e2 -2.22044604925031266e-6 -2.18903734028330604e2 1.11022302462515633e-6 -3.15369833581158275e2 3.33066907387546920e-6 -7.06608731526614406e2 -1.11022302462515633e-6 -4.82568936810423509e2 0.00000000000000000e0 -6.01342592210229895e2 -4.44089209850062531e-6 -6.91473010761001206e2 2.22044604925031266e-6 -7.80006899070428858e2 -1.11022302462515633e-6 -8.74362093838953911e2 -2.68673971959287840e-6 -9.59156735413912884e2 1.59872115546022521e-6 -1.05585244867256711e3 3.75255382323302953e-6 -1.13672846744350431e3 4.35207425653061279e-6 -1.23518947354739316e3 -1.74860126378462155e-5 -1.31432228100969451e3 0.00000000000000000e0 -1.41110631375340745e3 -1.60427227058335086e-5 -1.49298581546553055e3 7.19424519957101353e-6 -1.58385213104850186e3 4.00790511889681511e-6 -1.67229270360280680e3 -4.44089209850062531e-6 -1.75551969405773866e3 0.00000000000000000e0 -1.85066519189369637e3 -1.71951342053944218e-4 -1.92879797822342857e3 1.17461596005341528e-5 -2.02656334189477093e3 -8.95283847057726099e-5 -2.10542917500333670e3 0.00000000000000000e0 -3.33066907387546920e-6 4.74152050955467441e0 -3.33066907387546920e-6 -7.88253773364999546e1 0.00000000000000000e0 8.42667602363178325e0 1.11022302462515633e-6 -6.95425383945291600e1 0.00000000000000000e0 -1.41497720207439642e2 4.35207425653061279e-6 -1.12616702629964024e2 5.68434188608080149e-6 -1.44884926278621123e2 3.59712259978550677e-6 -1.47389406235376413e2 -8.88178419700125063e-6 -1.74020554799536569e2 0.00000000000000000e0 -1.81414104538646342e2 -6.39488462184090083e-6 -2.04401300918366530e2 7.50510764646605906e-6 -2.17008749459068866e2 0.00000000000000000e0 -2.33381721448377988e2 9.99200722162640886e-6 -2.53696319418850180e2 0.00000000000000000e0 -2.62457538124927169e2 2.56683563293336158e-5 -2.89347318904731253e2 -1.43884903991420271e-5 -2.93825239539025063e2 -4.80948614267617813e-5 -3.21760706967211206e2 -5.32907051820075072e-5 -3.28534201943231267e2 3.91686683087755160e-5 -3.50648367497541301e2 2.14939177567430272e-5 -3.65763240939287357e2 -2.34923192010683056e-5 -3.78562582881158903e2 5.11590769747272066e-5 -4.02991848225120464e2
-7.99360577730112603e-7 -1.52915654139107431e2 -3.99680288865056302e-7 -2.21113041076748090e2 -2.13162820728030056e-6 -2.62246554472156333e2 -1.11022302462515633e-6 -7.29924738251952363e2 -4.79616346638067541e-6 -4.01880805023235780e2 -2.17603712826530640e-6 -5.01586710299761762e2 -2.84217094304040074e-6 -5.93985586017087144e2 -7.19424519957101353e-6 -6.30021861347529352e2 -4.44089209850062531e-6 -7.48164041308729793e2 -1.61204383175572730e-5 -7.72810103910614885e2 6.39488462184090083e-6 -8.89498406653199822e2 -1.50102152929321181e-5 -9.28123534382763069e2 -8.70414851306122558e-6 -1.02025905224234498e3 -9.99200722162640886e-6 -1.09078368950576987e3 -1.13686837721616030e-5 -1.14903492619555777e3 -1.28341781646668079e-5 -1.25100399559485686e3 -1.43884903991420271e-5 -1.28559590990562356e3 -3.20632409511745209e-5 -1.40005411264354484e3 -5.32907051820075072e-5 -1.43511397435736012e3 0.00000000000000000e0 -1.53569625909177876e3 0.00000000000000000e0 -1.59535882181538432e3 -7.04769576032049236e-5 -1.66505914975800783e3 2.55795384873636033e-5 -1.75721279888074741e3 4.64720178339206242e1 -1.19904086659516885e-6 1.10987282564423126e2 0.00000000000000000e0 6.99808971660331736e1 -7.99360577730112603e-7 1.92714219027223493e2 -7.59392548843606989e-6 1.94716780299586361e2 1.08801856413265320e-6 1.02402470680829069e2 -2.91322521661641076e-5 2.33298780472068756e2 8.99280649946376692e-7 2.03198998827147619e2 -2.22044604925031274e-5 2.69852731271669143e2 0.00000000000000000e0 2.82635453707769102e2 -1.59872115546022521e-6 3.02961847609139966e2 -3.37729844090972687e-5 3.57956221774813400e2 4.35207425653061279e-6 3.42336850600588548e2 8.24340595784178731e-5 4.21150134766179463e2 0.00000000000000000e0 3.96359030219173292e2 6.73794353645007369e-5 4.68048334401061027e2 -7.19424519957101353e-6 4.65559937801174271e2 -1.20237153566904453e-5 5.03231925463865082e2 -1.24344978758017505e-4 5.40676055038602385e2 1.46882506157908176e-5 5.38734657284933746e2 5.37347943918575681e-6 6.08822377934359338e2 1.17461596005341528e-5 5.86201139407549363e2 0.00000000000000000e0 6.61701170656669888e2 6.93889390390722838e-6
-1.82400945547556120e2 -1.59872115546022521e-6 -2.67519320296116746e2 -1.59872115546022521e-6 -3.69792534193891186e2 1.59872115546022521e-6 -4.82568936810423509e2 -4.79616346638067541e-6 -1.00103185260991256e3 0.00000000000000000e0 -7.04047825816900172e2 -3.19744231092045041e-6 -7.65772443855894380e2 -1.59872115546022521e-6 -9.57799341838594273e2 -4.79616346638067541e-6 -9.84930426106700338e2 1.59872115546022521e-6 -1.14702223328322361e3 -1.59872115546022521e-6 -1.22608823573955283e3 -2.25153229393981780e-5 -1.32382117201679262e3 2.17603712826530640e-6 -1.46521525969944810e3 -1.34892097491956520e-4 -1.51001292469921123e3 8.52651282912120223e-6 -1.68358644714317052e3 -7.05879799056674393e-5 -1.71871127472300577e3 -3.59712259978550677e-6 -1.87573707606247785e3 8.01581023779363022e-6 -1.94792084351469430e3 -3.10862446895043764e-5 -2.05296721844661033e3 0.00000000000000000e0 -2.18227293475869965e3 4.83613149526718121e-5 -2.23500699370049460e3 6.46038778029378455e-5 -2.40287940309613577e3 9.59232693276135115e-5 -2.43751090351906851e3 1.38777878078144568e-5 1.59872115546022521e-6 1.50014880517801412e1 0.00000000000000000e0 -6.40054105716103408e1 0.00000000000000000e0 -5.87571415522347635e1 1.59872115546022521e-6 -3.06052703180625905e1 -3.19744231092045041e-6 -3.78167753112279499e1 0.00000000000000000e0 -1.92228944762007330e2 -2.84217094304040074e-6 -1.32021481746846774e2 3.59712259978550677e-6 -1.37629042562537023e2 1.33226762955018768e-5 -2.05200602110266999e2 -1.61204383175572730e-5 -1.39358977158110491e2 0.00000000000000000e0 -2.47498205152574286e2 0.00000000000000000e0 -1.77489160346766511e2 8.70414851306122558e-6 -2.57458771801832881e2 -1.99840144432528177e-5 -2.41949965129606426e2 -2.27373675443232059e-5 -2.52930740507473189e2 -1.28341781646668079e-5 -3.10066424935584394e2 -1.43884903991420271e-5 -2.58171071909618604e2 -3.20632409511745209e-5 -3.57571674491907686e2 -3.55271367880050025e-5 -2.89878667669718425e2 5.87530024631632706e-5 -3.74363918087539048e2 0.00000000000000000e0 -3.48314338471933297e2 0.00000000000000000e0 -3.73488868632421088e2 5.11590769747272066e-5 -4.16298821803717829e2
-1.08801856413265320e-6 -1.65945577146331374e2 -1.63202784619897990e-6 -2.62726861388617976e2 -2.13162820728030056e-6 -3.10225978106259902e2 0.00000000000000000e0 -4.01880805023235780e2 0.00000000000000000e0 -9.96957794807684536e2 1.08801856413265324e-5 -5.52985716950615824e2 -2.84217094304040074e-6 -6.43176667425304686e2 -1.07913677993565199e-5 -7.62439512635992742e2 0.00000000000000000e0 -8.09188574479868748e2 1.61204383175572730e-5 -9.21409107412784920e2 -6.39488462184090083e-6 -9.85576036616198280e2 0.00000000000000000e0 -1.07806719382708116e3 -2.61124455391836784e-5 -1.16202003769272369e3 2.99760216648792266e-5 -1.23798864137825149e3 1.13686837721616030e-5 -1.33452182943250000e3 2.56683563293336158e-5 -1.40343882835125532e3 4.31654711974260795e-5 -1.50198580538551937e3 -1.60316204755872604e-5 -1.57399483668996231e3 0.00000000000000000e0 -1.66584559786464547e3 -1.95843341543877580e-5 -1.74717701155735472e3 4.29878355134860545e-5 -1.82885933659449006e3 0.00000000000000000e0 -1.91948300454214382e3 2.55795384873636033e-5 -1.99373698800409124e3 6.21229147457213955e1 -1.08801856413265320e-6 1.24175660998204748e2 5.44009282066326599e-7 1.33452172690340376e2 -1.08801856413265320e-6 1.23317125400035351e2 2.17603712826530640e-6 2.86202639188104456e2 1.08801856413265320e-6 2.71254019201805306e2 1.13686837721616030e-5 1.82259682901531050e2 -8.99280649946376692e-7 2.98214927552109486e2 8.88178419700125063e-6 3.19172954732493906e2 1.34336985979643920e-6 3.50093840539855648e2 -1.59872115546022521e-6 4.03907154122862210e2 1.12576614696990890e-5 4.14001303594702165e2 0.00000000000000000e0 4.74279817375133860e2 -1.49880108324396133e-4 4.86216547024298507e2 0.00000000000000000e0 5.37122832611203194e2 6.73794353645007369e-5 5.62404942749949896e2 3.59712259978550677e-6 5.97747445141294406e2 8.01581023779363022e-6 6.37971347039467673e2 1.77635683940025013e-5 6.60722747625186344e2 0.00000000000000000e0 7.09486608663212223e2 0.00000000000000000e0 7.28451226450488207e2 -1.17461596005341528e-5 7.76074990271879756e2 -6.39488462184090083e-6 8.00468401962461826e2 0.00000000000000000e0
-2.35044974639109199e2 4.35207425653061279e-6 -3.16744630257659253e2 0.00000000000000000e0 -4.87220647071850919e2 4.35207425653061279e-6 -6.01342592210229895e2 -2.17603712826530640e-6 -7.04047825816900172e2 1.08801856413265324e-5 -1.49289555739784396e3 0.00000000000000000e0 -9.52546983512547740e2 0.00000000000000000e0 -1.14357049030289181e3 -1.08801856413265324e-5 -1.28034447488545288e3 0.00000000000000000e0 -1.38960815063704490e3 4.35207425653061279e-6 -1.55385781042127724e3 -4.35207425653061279e-6 -1.64317487261200790e3 0.00000000000000000e0 -1.81762677922137050e3 -9.24260668000442820e-5 -1.90345540329595065e3 -2.84217094304040074e-6 -2.06948193408607040e3 -4.17110790351671244e-5 -2.17149491996693177e3 -1.07913677993565199e-5 -2.31166206177135746e3 -8.01581023779363022e-6 -2.44318590327807760e3 -2.22044604925031274e-5 -2.55228281176300652e3 0.00000000000000000e0 -2.71088713277300940e3 1.02096109344529382e-4 -2.80053877279584594e3 2.93653990013353837e-5 -2.96799785397538972e3 1.40687461680499810e-4 -3.06127431883851341e3 0.00000000000000000e0 -2.17603712826530640e-6 -2.12167536872698248e0 2.17603712826530640e-6 -9.52002643384019933e1 2.17603712826530640e-6 -5.19425567890863178e1 4.35207425653061279e-6 -1.97910550703284088e2 4.35207425653061279e-6 -2.96825042767068190e1 4.35207425653061279e-6 -1.23674413021745963e2 5.68434188608080149e-6 -3.06046126308245846e2 0.00000000000000000e0 -2.01886879924728618e2 4.44089209850062531e-6 -2.94601315609099800e2 -1.07469588783715136e-5 -2.64181121689688268e2 1.91846538655227016e-5 -3.25161903091952752e2 -7.50510764646605906e-6 -3.30516192592611390e2 8.70414851306122558e-6 -3.55383050487656533e2 0.00000000000000000e0 -3.98533958900770813e2 1.13686837721616030e-5 -3.89668811562326937e2 1.28341781646668079e-5 -4.59977307842862558e2 -1.43884903991420271e-5 -4.35320786773552015e2 0.00000000000000000e0 -5.07644406511076284e2 -1.77635683940025013e-5 -4.94722220090171220e2 -1.95843341543877580e-5 -5.41859995495386215e2 0.00000000000000000e0 -5.63254587893080384e2 2.34923192010683056e-5 -5.73139967485758348e2 0.00000000000000000e0 -6.30576792171044758e2
-4.26325641456060112e-6 -2.06560358151364198e2 -7.10542735760100186e-7 -3.03526969247513989e2 -1.13686837721616030e-5 -3.88978289578290060e2 -4.44089209850062531e-6 -5.01586710299761762e2 -3.19744231092045041e-6 -5.52985716950615824e2 0.00000000000000000e0 -1.39420364746456471e3 5.68434188608080149e-6 -7.59603633893046663e2 -1.79856129989275326e-5 -8.58635154088460581e2 -4.44089209850062531e-6 -1.04196080558116569e3 -1.07469588783715136e-5 -1.04079175358151565e3 6.39488462184090083e-6 -1.23956118399659613e3 -3.75255382323302978e-5 -1.25742565493247571e3 -1.74082970261224512e-5 -1.41195601460752937e3 9.99200722162640886e-6 -1.49197441317028279e3 0.00000000000000000e0 -1.57744501684264878e3 0.00000000000000000e0 -1.72420534769734923e3 -1.15107923193136217e-4 -1.75631595753511488e3 -1.60316204755872604e-5 -1.93564344996843806e3 -5.32907051820075072e-5 -1.96050207438291886e3 3.91686683087755160e-5 -2.12025111188118808e3 -4.29878355134860545e-5 -2.18727024512421713e3 2.34923192010683056e-5 -2.29032663554562487e3 2.55795384873636033e-5 -2.41956384788855075e3 7.16021865798666113e1 -1.42108547152020037e-6 1.48387546516914881e2 -4.97379915032070130e-6 1.41459823765899273e2 -4.97379915032070130e-6 2.00764563862421113e2 -1.56319401867222041e-5 1.83094998362776067e2 2.13162820728030056e-6 3.56815862190273890e2 -7.10542735760100186e-7 4.05900755140464753e2 1.79856129989275338e-6 2.01178232472898316e2 -5.32907051820075072e-5 4.20147636681633628e2 -1.34336985979643920e-6 3.91383882236695456e2 -3.19744231092045041e-6 4.49088056342361540e2 -1.12576614696990887e-4 5.25055687328190970e2 2.17603712826530640e-6 4.92395300355497000e2 2.99760216648792266e-5 6.30075301932819798e2 0.00000000000000000e0 5.65670040941768093e2 3.52939899528337196e-5 7.00383048890529267e2 -3.59712259978550677e-6 6.71025911636036085e2 -1.60316204755872604e-5 7.44491365178845399e2 -3.28626015289046282e-4 7.91285543755293361e2 4.89608353859693950e-6 7.85805270453465596e2 -1.07469588783715136e-5 9.00835885886408391e2 2.93653990013353837e-5 8.48316080093169717e2 1.91846538655227016e-5 9.81725472115613115e2 6.93889390390722838e-6
-2.48294813331995101e2 2.84217094304040074e-6 -3.62465550551860360e2 2.84217094304040074e-6 -5.01143290421168786e2 5.68434188608080149e-6 -6.91473010761001206e2 -2.84217094304040074e-6 -7.65772443855894380e2 -2.84217094304040074e-6 -9.52546983512547740e2 5.68434188608080149e-6 -1.86148555485488032e3 5.68434188608080149e-6 -1.22751682098964898e3 -1.13686837721616030e-5 -1.34315953914665420e3 5.68434188608080149e-6 -1.56807202618125507e3 2.84217094304040074e-6 -1.64843236021283678e3 -2.84217094304040074e-6 -1.82108048485396557e3 0.00000000000000000e0 -1.96657518021225974e3 -7.10542735760100186e-5 -2.07500225002377192e3 5.68434188608080149e-6 -2.26826909965893719e3 -4.17110790351671244e-5 -2.34856703653640807e3 0.00000000000000000e0 -2.54368298744367348e3 4.00790511889681511e-6 -2.64407626375806603e3 -2.22044604925031274e-5 -2.80043000344676284e3 -4.89608353859693950e-6 -2.94926570925113583e3 8.06021915877863648e-5 -3.05650719560901462e3 2.34923192010683056e-5 -3.24612346798147564e3 1.15107923193136217e-4 -3.32855757676497842e3 0.00000000000000000e0 5.68434188608080149e-6 2.30169632686738623e1 -2.84217094304040074e-6 -9.38019809382240055e1 2.84217094304040074e-6 -4.20442916038155090e1 2.84217094304040074e-6 -1.18737420962133911e2 8.52651282912120223e-6 -1.78989799337614386e2 -5.68434188608080149e-6 -2.36342117432286614e1 0.00000000000000000e0 -1.02417826042255911e2 -3.59712259978550677e-6 -2.99864737485222577e2 4.44089209850062531e-6 -2.38717328215898306e2 0.00000000000000000e0 -2.25223715233369148e2 1.27897692436818017e-5 -3.13445644906096277e2 0.00000000000000000e0 -2.50557070557988482e2 8.70414851306122558e-6 -3.47160229807741416e2 2.99760216648792266e-5 -3.15204502499000228e2 -3.41060513164848089e-5 -3.58080241358305045e2 1.28341781646668079e-5 -3.92835586460193952e2 -2.87769807982840541e-5 -3.71128194476266742e2 4.80948614267617813e-5 -4.56980324692324245e2 -1.77635683940025013e-5 -4.05889041477092064e2 1.95843341543877580e-5 -4.93674420187772910e2 0.00000000000000000e0 -4.66963224543537194e2 0.00000000000000000e0 -5.10649749685398945e2 -2.55795384873636033e-5 -5.41351283245283867e2
0.00000000000000000e0 -2.30289287039830953e2 0.00000000000000000e0 -3.53883024784007375e2 -8.99280649946376692e-7 -4.21944798401074820e2 2.22044604925031266e-6 -5.93985586017087144e2 -1.59872115546022521e-6 -6.43176667425304686e2 0.00000000000000000e0 -7.59603633893046663e2 5.68434188608080149e-6 -1.79982855539328989e3 -7.19424519957101353e-6 -9.65511766093385290e2 0.00000000000000000e0 -1.10001243975865737e3 1.61204383175572730e-5 -1.26948139520521840e3 0.00000000000000000e0 -1.32371938399433748e3 7.50510764646605906e-6 -1.48641914212710412e3 1.74082970261224512e-5 -1.56555818808801200e3 -1.99840144432528177e-5 -1.69745764821982448e3 -3.41060513164848089e-5 -1.80862803710324351e3 1.28341781646668079e-5 -1.91203322295052635e3 2.87769807982840541e-5 -2.04574552713498997e3 -3.20632409511745209e-5 -2.13518867031581249e3 5.32907051820075072e-5 -2.27397070413637402e3 0.00000000000000000e0 -2.36741397094952754e3 0.00000000000000000e0 -2.49489278575376557e3 0.00000000000000000e0 -2.60429523066818501e3 2.55795384873636033e-5 -2.71363431031401706e3 7.91753671625094881e1 -8.99280649946376692e-7 1.73292856064932693e2 8.99280649946376692e-7 1.58519478943297514e2 0.00000000000000000e0 2.18097460091826150e2 0.00000000000000000e0 2.79464258134964837e2 -1.79856129989275338e-6 2.13592003417417658e2 1.34892097491956503e-5 5.04195202211121796e2 8.99280649946376692e-7 4.78228071942865483e2 1.44328993201270333e-5 3.01312814698917407e2 0.00000000000000000e0 4.92120581885302443e2 -1.59872115546022521e-6 5.06867993976811647e2 2.25153229393981780e-5 5.54107373629264657e2 -4.35207425653061279e-6 6.26338167108997254e2 -1.19904086659516906e-4 6.34882596495245366e2 2.84217094304040074e-6 7.22528659480303759e2 9.94648807761677609e-5 7.29886244821287164e2 -3.59712259978550677e-6 8.04905404727662585e2 4.00790511889681511e-6 8.33232300179176377e2 5.32907051820075072e-5 8.82152484393827649e2 0.00000000000000000e0 9.36732098288928000e2 -5.37347943918575681e-6 9.62776843138612890e2 -1.76192394008012309e-5 1.03346099757928278e3 -1.91846538655227016e-5 1.05189677128691960e3 6.93889390390722838e-6
-3.02558730069790670e2 0.00000000000000000e0 -4.13702832791074059e2 7.19424519957101353e-6 -6.25681001409361556e2 -7.19424519957101353e-6 -7.80006899070428858e2 -7.19424519957101353e-6 -9.57799341838594273e2 -1.07913677993565199e-5 -1.14357049030289181e3 -1.79856129989275326e-5 -1.22751682098964898e3 -7.19424519957101353e-6 -2.53319374916571815e3 -7.19424519957101353e-6 -1.56798940054159152e3 1.79856129989275326e-5 -1.79974479905808926e3 -1.07913677993565199e-5 -2.02946577303464414e3 -1.79856129989275326e-5 -2.10027206537510847e3 3.59712259978550677e-6 -2.38489834210042727e3 -1.83453252589060840e-4 -2.43290144030794409e3 1.79856129989275326e-5 -2.70742749535202165e3 -1.40287781391634753e-4 -2.79127030755610349e3 3.59712259978550677e-6 -3.00396325574325783e3 -1.20237153566904453e-5 -3.16366927552991228e3 -1.15463194561016267e-4 -3.29476879556977974e3 9.79216707719387899e-6 -3.52895258015628542e3 1.07469588783715136e-5 -3.60343332364010348e3 1.46826995006676898e-4 -3.86809852312985822e3 4.47641923528863049e-5 -3.94310839340050688e3 1.38777878078144568e-5 -3.59712259978550677e-6 -6.99726676600675890e-1 -7.19424519957101353e-6 -1.17773286723021883e2 3.59712259978550677e-6 -7.65612041764285181e1 7.19424519957101353e-6 -1.97130847245929857e2 0.00000000000000000e0 -1.39830482792646620e2 -3.59712259978550677e-6 -3.27954275336494959e2 3.59712259978550677e-6 -9.91348859002982721e1 -3.59712259978550677e-6 -1.51477929799526095e2 1.33226762955018768e-5 -5.23198956958736858e2 -2.68673971959287849e-5 -2.86963509354975997e2 1.27897692436818017e-5 -4.59757858184417444e2 -3.00204305858642362e-5 -3.99537648165804114e2 -1.74082970261224512e-5 -4.60251131606526030e2 -9.99200722162640886e-6 -5.14739082158044312e2 2.27373675443232059e-5 -4.74817693962847841e2 1.28341781646668079e-5 -6.13203352894941986e2 -1.00719432793994188e-4 -5.19834544165931334e2 1.60316204755872604e-5 -6.75916242975915679e2 -1.42108547152020010e-4 -6.02150616269003649e2 1.95843341543877580e-5 -7.02328518276118416e2 -4.29878355134860545e-5 -7.10935769498987952e2 0.00000000000000000e0 -7.17703873931441080e2 0.00000000000000000e0 -8.19543870267391867e2
1.11022302462515633e-6 -2.57860528485309658e2 -1.11022302462515633e-6 -3.88278913465711582e2 -5.55111512312578186e-6 -4.89344377241351879e2 -1.11022302462515633e-6 -6.30021861347529352e2 -4.79616346638067541e-6 -7.62439512635992742e2 -1.08801856413265324e-5 -8.58635154088460581e2 -1.13686837721616030e-5 -9.65511766093385290e2 -7.19424519957101353e-6 -2.25854984492457288e3 4.44089209850062531e-6 -1.22395838061395420e3 -2.68673971959287849e-5 -1.31937025624750936e3 0.00000000000000000e0 -1.58335962811007062e3 -1.50102152929321181e-5 -1.57362612140943247e3 -4.35207425653061296e-5 -1.80949351252790439e3 -9.99200722162640886e-6 -1.87035811904934235e3 -2.27373675443232059e-5 -2.01639612603665660e3 1.28341781646668079e-5 -2.17183176243196340e3 -1.15107923193136217e-4 -2.23472034561744704e3 3.20632409511745209e-5 -2.45056941405863381e3 -1.24344978758017505e-4 -2.48400195083098242e3 -1.95843341543877580e-5 -2.69456527890454799e3 -2.14939177567430272e-5 -2.76492751581924813e3 0.00000000000000000e0 -2.91528689828623965e3 0.00000000000000000e0 -3.05847964315875151e3 9.69044522403095101e1 -2.22044604925031266e-6 1.88056674677028440e2 -3.33066907387546920e-6 2.00770046143716712e2 0.00000000000000000e0 2.41818872703802839e2 -9.99200722162640717e-6 3.17118440307240178e2 1.11022302462515633e-6 3.46301235554236030e2 -4.10782519111307852e-5 3.30650962609979615e2 2.22044604925031266e-6 6.07332298452334271e2 -4.88498130835068810e-5 6.59217160858815873e2 -1.34336985979643920e-6 3.71346596539368022e2 -7.99360577730112540e-6 6.32329593486247063e2 -1.01318953227291799e-4 6.56449971003780888e2 2.17603712826530640e-6 6.68129055902966115e2 1.99840144432528177e-5 8.22915096065912621e2 8.52651282912120223e-6 7.48786726489925059e2 2.88769008705003182e-5 9.33049745066583000e2 1.07913677993565199e-5 8.76454863885100963e2 -1.20237153566904453e-5 1.00091665373724936e3 -3.28626015289046282e-4 1.03122983929893030e3 -4.89608353859693950e-6 1.05635546350235632e3 0.00000000000000000e0 1.18009855700762500e3 2.93653990013353837e-5 1.13226840006141992e3 1.27897692436818017e-5 1.29667195380989119e3 3.46944695195361419e-5
-3.20174802226347254e2 8.88178419700125063e-6 -4.58184929996718836e2 -4.44089209850062531e-6 -6.50471307928057627e2 4.44089209850062531e-6 -8.74362093838953911e2 -4.44089209850062531e-6 -9.84930426106700338e2 0.00000000000000000e0 -1.28034447488545288e3 -4.44089209850062531e-6 -1.34315953914665420e3 0.00000000000000000e0 -1.56798940054159152e3 4.44089209850062531e-6 -3.02953235831182565e3 -4.44089209850062531e-6 -1.90095560617109504e3 4.44089209850062531e-6 -2.10560625575340009e3 -4.44089209850062531e-6 -2.35604599136962679e3 0.00000000000000000e0 -2.48116021879241043e3 -1.33226762955018768e-5 -2.69319879397933437e3 4.44089209850062531e-6 -2.86650384850872797e3 -4.44089209850062531e-6 -3.03374960566316031e3 -4.44089209850062531e-6 -3.23627406633164537e3 4.44089209850062531e-6 -3.38916062254668304e3 0.00000000000000000e0 -3.58907398023688938e3 0.00000000000000000e0 -3.75662941474175159e3 -1.71951342053944218e-4 -3.93410028962648494e3 1.76192394008012309e-5 -4.12606239450496923e3 -8.95283847057726099e-5 -4.28339273810251962e3 0.00000000000000000e0 4.44089209850062531e-6 2.17534124047347142e1 8.88178419700125063e-6 -1.25079813173556417e2 4.44089209850062531e-6 -5.44733946838959966e1 0.00000000000000000e0 -1.81754482575513492e2 -8.88178419700125063e-6 -1.57706820935743480e2 4.44089209850062531e-6 -1.85617876624632999e2 -8.88178419700125063e-6 -3.70336432631290734e2 4.44089209850062531e-6 -4.18454781936361471e1 8.88178419700125063e-6 -1.90157818380498583e2 0.00000000000000000e0 -4.90042899592424362e2 0.00000000000000000e0 -3.68574455400505428e2 -7.50510764646605906e-6 -3.96214194786637051e2 1.74082970261224512e-5 -4.54736492905283228e2 -9.99200722162640886e-6 -4.35988067870596240e2 1.13686837721616030e-5 -5.06062423077935307e2 0.00000000000000000e0 -5.08239730301340785e2 -1.43884903991420271e-5 -5.44937597268812965e2 0.00000000000000000e0 -5.85117274631841042e2 -3.55271367880050025e-5 -5.89644922188714418e2 3.91686683087755160e-5 -6.50370067223349224e2 0.00000000000000000e0 -6.49552201192893222e2 -4.69846384021366112e-5 -7.01811568859511567e2 5.11590769747272066e-5 -7.21936718739435491e2
4.03010957938931824e-6 -2.94932206001963209e2 2.68673971959287840e-6 -4.43100552238728767e2 1.34336985979643920e-6 -5.39662724674538822e2 -2.68673971959287840e-6 -7.48164041308729793e2 1.59872115546022521e-6 -8.09188574479868748e2 0.00000000000000000e0 -1.04196080558116569e3 5.68434188608080149e-6 -1.10001243975865737e3 1.79856129989275326e-5 -1.22395838061395420e3 -4.44089209850062531e-6 -2.84478011747246728e3 -5.37347943918575681e-6 -1.48398415635853075e3 1.91846538655227016e-5 -1.68211723444722270e3 -7.50510764646605906e-6 -1.89438114239770493e3 8.70414851306122558e-6 -1.95812637604486645e3 9.99200722162640886e-6 -2.17502016255366470e3 1.13686837721616030e-5 -2.25929079590292349e3 1.28341781646668079e-5 -2.44619420239899864e3 -1.43884903991420271e-5 -2.56501569814160393e3 1.60316204755872604e-5 -2.71746624314062001e3 3.55271367880050025e-5 -2.86789240425688831e3 1.95843341543877580e-5 -2.99409102932912629e3 -4.29878355134860545e-5 -3.16348771993712944e3 0.00000000000000000e0 -3.27909137283199880e3 -2.55795384873636033e-5 -3.45046661381909189e3 9.84418545013632098e1 0.00000000000000000e0 2.20963015939989987e2 1.34336985979643920e-6 1.91623592515899304e2 -1.34336985979643920e-6 2.90411051750982779e2 4.03010957938931824e-6 3.24614834212866242e2 -1.34336985979643920e-6 3.61926015557401058e2 -1.34336985979643920e-6 4.84667654632175982e2 1.34336985979643920e-6 3.35369427029164001e2 -5.37347943918575681e-6 7.90890744006844557e2 0.00000000000000000e0 7.52164246131670097e2 -3.19744231092045041e-6 4.53872107897268450e2 -7.50510764646605906e-6 7.48382308612960514e2 4.35207425653061279e-6 7.35238145388450334e2 1.27398092075736713e-4 8.22762158403378407e2 2.84217094304040074e-6 8.91728370788769098e2 -9.94648807761677609e-5 9.18759375378996765e2 -3.59712259978550677e-6 1.02077527870392237e3 -4.00790511889681511e-6 1.02981116474332157e3 -3.55271367880050025e-5 1.13359769571275115e3 4.89608353859693950e-6 1.15193459331308622e3 1.61204383175572730e-5 1.23674934524586888e3 0.00000000000000000e0 1.27934847782284987e3 0.00000000000000000e0 1.33742929051550141e3 0.00000000000000000e0
-3.63506808254143664e2 -1.61204383175572730e-5 -5.08196226878254663e2 5.37347943918575681e-6 -7.47183025318065461e2 0.00000000000000000e0 -9.59156735413912884e2 -1.61204383175572730e-5 -1.14702223328322361e3 1.61204383175572730e-5 -1.38960815063704490e3 -1.07469588783715136e-5 -1.56807202618125507e3 1.61204383175572730e-5 -1.79974479905808926e3 -2.68673971959287849e-5 -1.90095560617109504e3 -5.37347943918575681e-6 -3.77656289778371911e3 -1.07469588783715136e-5 -2.33809127578865582e3 -3.22408766351145459e-5 -2.53739899975791195e3 1.07469588783715136e-5 -2.92279859142041641e3 -2.41806574763359067e-4 -2.91001176155880603e3 4.29878355134860545e-5 -3.32260092363867443e3 -1.98818739249873006e-4 -3.34941633095553425e3 1.61204383175572730e-5 -3.66838827474680284e3 -2.14939177567430272e-5 -3.82218089582941866e3 -2.84794410276845156e-4 -3.99736979517228929e3 8.59756710269721089e-5 -4.28942696362177776e3 5.37347943918575681e-6 -4.35195688162082206e3 0.00000000000000000e0 -4.71495415621525535e3 1.27897692436818017e-5 -4.75842466869380496e3 6.24500451351650554e-5 5.37347943918575681e-6 8.49689496540406708e0 5.37347943918575681e-6 -1.39230893125841249e2 -1.61204383175572730e-5 -8.73316524430123167e1 5.37347943918575681e-6 -2.12960211065649190e2 -1.07469588783715136e-5 -1.88999334271855417e2 2.14939177567430272e-5 -2.72776677245900601e2 5.37347943918575681e-6 -2.76940049115381726e2 -2.68673971959287849e-5 -4.45287500605573371e2 1.61204383175572730e-5 -1.83882352500219753e2 -6.98552327094148495e-5 -1.62599424413656379e2 2.55795384873636033e-5 -7.44800446028648253e2 -6.00408611717284725e-5 -4.00490785334994769e2 8.70414851306122558e-6 -5.81524935805433074e2 0.00000000000000000e0 -5.82361683276744202e2 -3.41060513164848089e-5 -5.43076234205130959e2 1.28341781646668079e-5 -7.31447016466546415e2 -1.87050375188846347e-4 -5.65040718303322365e2 9.61897228535235627e-5 -8.17547690745712316e2 -1.77635683940025019e-4 -6.56906926455036455e2 1.95843341543877580e-5 -8.36108247570521598e2 -2.14939177567430272e-5 -8.02060561055917105e2 -4.69846384021366112e-5 -8.27683771120746201e2 5.11590769747272066e-5 -9.54694642785192173e2
0.00000000000000000e0 -3.11778064165935064e2 -1.59872115546022521e-6 -4.75594566928805250e2 0.00000000000000000e0 -5.89891906521699980e2 1.59872115546022521e-6 -7.72810103910614885e2 -1.59872115546022521e-6 -9.21409107412784920e2 4.35207425653061279e-6 -1.04079175358151565e3 2.84217094304040074e-6 -1.26948139520521840e3 -1.07913677993565199e-5 -1.31937025624750936e3 4.44089209850062531e-6 -1.48398415635853075e3 -1.07469588783715136e-5 -3.36674412508841624e3 -6.39488462184090083e-6 -1.77717940270660824e3 7.50510764646605906e-6 -1.92213848486666416e3 8.70414851306122558e-6 -2.22126370547082161e3 -1.99840144432528177e-5 -2.24344932746589620e3 1.13686837721616030e-5 -2.49321980408945228e3 0.00000000000000000e0 -2.60159149583216686e3 -4.31654711974260795e-5 -2.75820305335461308e3 -1.60316204755872604e-5 -2.95095446301019092e3 -1.77635683940025013e-5 -3.04439516806143047e3 0.00000000000000000e0 -3.27175936223333929e3 0.00000000000000000e0 -3.36103960072442396e3 -2.34923192010683056e-5 -3.56527956597574257e3 0.00000000000000000e0 -3.69815376238813451e3 1.20520080315600339e2 -3.19744231092045041e-6 2.31588206212052199e2 1.59872115546022521e-6 2.51633330172751329e2 0.00000000000000000e0 2.94233335296212260e2 3.19744231092045041e-6 4.09826730951579009e2 4.79616346638067541e-6 4.01707242669857521e2 -4.79616346638067541e-6 5.26353213103902817e2 4.79616346638067541e-6 5.73303072615161000e2 -3.19744231092045041e-6 4.83182636124013186e2 0.00000000000000000e0 9.54290673638169437e2 -1.59872115546022521e-6 9.55320392392877579e2 -1.12576614696990890e-5 5.87981421817929231e2 4.35207425653061279e-6 9.00696845107518016e2 1.42386102908176326e-4 9.51394703019303734e2 0.00000000000000000e0 9.64961145655252039e2 -5.13367126586672317e-5 1.13609529921454555e3 0.00000000000000000e0 1.08771994611345212e3 -1.60316204755872604e-5 1.25818958216505894e3 -6.66133814775093789e-5 1.25048439159058921e3 -4.89608353859693950e-6 1.35012311970328346e3 1.07469588783715136e-5 1.42436326218131603e3 0.00000000000000000e0 1.44471293301862102e3 1.27897692436818017e-5 1.58101602210081160e3 1.38777878078144568e-5
-3.95618462789570856e2 -6.39488462184090083e-6 -5.54637136218616320e2 6.39488462184090083e-6 -8.09594330775098456e2 6.39488462184090083e-6 -1.05585244867256711e3 6.39488462184090083e-6 -1.22608823573955283e3 -6.39488462184090083e-6 -1.55385781042127724e3 6.39488462184090083e-6 -1.64843236021283678e3 0.00000000000000000e0 -2.02946577303464414e3 0.00000000000000000e0 -2.10560625575340009e3 1.91846538655227016e-5 -2.33809127578865582e3 -6.39488462184090083e-6 -4.49247318385914605e3 6.39488462184090083e-6 -2.74141326039867317e3 -1.91846538655227016e-5 -3.03574923670168982e3 0.00000000000000000e0 -3.33227864302010357e3 -1.27897692436818017e-5 -3.47492715491171111e3 6.39488462184090083e-6 -3.75760428728000261e3 1.27897692436818017e-5 -3.93269795129214071e3 0.00000000000000000e0 -4.17951579265718465e3 1.27897692436818017e-5 -4.38403962021993630e3 0.00000000000000000e0 -4.60790113865350213e3 -5.75539615965681083e-5 -4.82777908779041809e3 0.00000000000000000e0 -5.04271288570556771e3 -3.19744231092045016e-5 -5.26785982515320848e3 -1.38777878078144568e-5 -6.39488462184090083e-6 1.40932513659208762e1 6.39488462184090083e-6 -1.57165985825713477e2 0.00000000000000000e0 -7.93108938523800902e1 1.27897692436818017e-5 -2.46169721407341029e2 0.00000000000000000e0 -1.84990928175920970e2 6.39488462184090083e-6 -2.93379848415042886e2 -6.39488462184090083e-6 -3.31386182494952607e2 0.00000000000000000e0 -2.93790854044573223e2 6.39488462184090083e-6 -6.18726944878744575e2 -6.39488462184090083e-6 -1.07722189568448798e2 -6.39488462184090083e-6 -2.97700469076289608e2 -7.50510764646605906e-6 -7.65118119261387506e2 1.74082970261224512e-5 -5.36881425716728586e2 -1.99840144432528177e-5 -6.34577446589901115e2 3.41060513164848089e-5 -6.54130835897603788e2 0.00000000000000000e0 -6.75276199757490645e2 -1.43884903991420271e-5 -7.39759287426977494e2 1.60316204755872604e-5 -7.48458523958106412e2 0.00000000000000000e0 -8.13370433405680046e2 -3.91686683087755160e-5 -8.30511333305139374e2 -2.14939177567430272e-5 -8.85590717558670690e2 0.00000000000000000e0 -9.13115445655421240e2 2.55795384873636033e-5 -9.60820735473877335e2
-1.87627691161651477e-6 -3.55655547912281406e2 -1.87627691161651477e-6 -5.29457665621180354e2 -1.31339383813156036e-5 -6.54849761971831981e2 3.75255382323302953e-6 -8.89498406653199822e2 -2.25153229393981780e-5 -9.85576036616198280e2 -4.35207425653061279e-6 -1.23956118399659613e3 -2.84217094304040074e-6 -1.32371938399433748e3 -1.79856129989275326e-5 -1.58335962811007062e3 -4.44089209850062531e-6 -1.68211723444722270e3 -3.22408766351145459e-5 -1.77717940270660824e3 6.39488462184090083e-6 -4.11850626438337076e3 -3.75255382323302978e-5 -2.10464482957028986e3 0.00000000000000000e0 -2.35732005915423315e3 -9.99200722162640886e-6 -2.64482323757420090e3 -3.41060513164848089e-5 -2.67141289307382067e3 -1.28341781646668079e-5 -2.99351461459096345e3 -1.43884903991420261e-4 -3.03253085650601042e3 3.20632409511745209e-5 -3.31371677653180495e3 -1.24344978758017505e-4 -3.41460923956038368e3 0.00000000000000000e0 -3.61931358892064691e3 -4.29878355134860545e-5 -3.80212884887320843e3 2.34923192010683056e-5 -3.92960262090014066e3 -7.67386154620908065e-5 -4.17643442746085111e3 1.21637373551308784e2 -5.62883073484954451e-6 2.65972044510842693e2 0.00000000000000000e0 2.37609554121220896e2 0.00000000000000000e0 3.53747597570119922e2 -1.68864922045486344e-5 3.92928715642337863e2 -3.75255382323302953e-6 4.62028621717180897e2 -7.69273533762771102e-5 5.56546501684351824e2 1.87627691161651477e-6 5.58659175720066401e2 -1.01318953227291799e-4 7.43969508221198225e2 -1.87627691161651477e-6 5.16014800666653173e2 -1.31339383813156036e-5 1.13014264826460908e3 0.00000000000000000e0 1.12792929161109623e3 4.35207425653061279e-6 6.26348472820836719e2 9.99200722162640886e-6 1.09211911514250914e3 1.70530256582424045e-5 1.00931364386269706e3 1.60427227058335086e-5 1.15938164491069506e3 -3.59712259978550677e-6 1.23021046150029156e3 -2.80553358322777058e-5 1.24872711055878926e3 -8.88178419700125063e-6 1.41400013475845276e3 4.89608353859693950e-6 1.36538953903198012e3 -5.37347943918575681e-6 1.56196139133868405e3 5.28577182024036893e-5 1.51532734418147152e3 5.24380538990953829e-4 1.67687917951297982e3 1.38777878078144568e-5
-4.22094624052960000e2 -1.50102152929321181e-5 -6.01000284383701569e2 -1.50102152929321181e-5 -8.62946163238120903e2 0.00000000000000000e0 -1.13672846744350431e3 -1.50102152929321181e-5 -1.32382117201679262e3 0.00000000000000000e0 -1.64317487261200790e3 -3.75255382323302978e-5 -1.82108048485396557e3 7.50510764646605906e-6 -2.10027206537510847e3 -1.50102152929321181e-5 -2.35604599136962679e3 -7.50510764646605906e-6 -2.53739899975791195e3 7.50510764646605906e-6 -2.74141326039867317e3 -3.75255382323302978e-5 -5.22870360590843666e3 1.50102152929321181e-5 -3.24388194812286156e3 -1.27586829989923017e-4 -3.40314387670126462e3 0.00000000000000000e0 -3.91739878295993549e3 -1.27586829989923017e-4 -3.88051852064918921e3 1.50102152929321181e-5 -4.33311712111361612e3 -2.25153229393981780e-5 -4.43619431669262121e3 -1.57607260575787250e-4 -4.70815852082750916e3 4.50306458787963561e-5 -4.99951013068766679e3 -1.50102152929321181e-5 -5.10412213259314740e3 3.60245167030370848e-4 -5.51793210408213326e3 0.00000000000000000e0 -5.56181302613367643e3 6.75459688181945375e-5 0.00000000000000000e0 2.03595708292425606e1 -1.50102152929321181e-5 -1.61385129127111810e2 -2.25153229393981780e-5 -9.16179111243309450e1 -7.50510764646605906e-6 -2.33166845609034141e2 -2.25153229393981780e-5 -2.23998305903805345e2 1.50102152929321181e-5 -2.69079963999274753e2 -7.50510764646605906e-6 -3.61065002474347864e2 -1.50102152929321181e-5 -3.31523585384019327e2 3.00204305858642362e-5 -4.35669247345060796e2 -5.25357535252624143e-5 -6.01872505479050915e2 3.75255382323302978e-5 -2.29721288214079806e2 -6.00408611717284725e-5 -2.21654325693876359e2 3.48165940522449023e-5 -9.30001823373771799e2 1.99840144432528177e-5 -5.80467375588256232e2 -1.13686837721616030e-5 -6.69506861949997869e2 3.85025344940004220e-5 -8.00944930423597270e2 -2.15827355987130404e-4 -6.34425106849079270e2 9.61897228535235627e-5 -9.31057334208063139e2 -1.77635683940025019e-4 -7.08158158824190423e2 5.87530024631632706e-5 -9.66501195742708433e2 -6.44817532702290919e-5 -8.64846741688296675e2 0.00000000000000000e0 -9.50221101225778966e2 -5.11590769747272066e-5 -1.04734500698810984e3
2.17603712826530640e-6 -3.71081435002196201e2 8.70414851306122558e-6 -5.65797641538523408e2 0.00000000000000000e0 -6.95913096171452025e2 4.35207425653061279e-6 -9.28123534382763069e2 2.17603712826530640e-6 -1.07806719382708116e3 0.00000000000000000e0 -1.25742565493247571e3 0.00000000000000000e0 -1.48641914212710412e3 3.59712259978550677e-6 -1.57362612140943247e3 0.00000000000000000e0 -1.89438114239770493e3 1.07469588783715136e-5 -1.92213848486666416e3 -1.91846538655227016e-5 -2.10464482957028986e3 1.50102152929321181e-5 -4.73835028422797586e3 0.00000000000000000e0 -2.44274038246894406e3 0.00000000000000000e0 -2.66105266177874000e3 1.13686837721616030e-5 -3.00231596003230879e3 -3.85025344940004220e-5 -3.03214300627629927e3 8.63309423948521590e-5 -3.33796868049462955e3 -1.60316204755872604e-5 -3.44491351889075713e3 1.77635683940025013e-5 -3.66390935780946893e3 1.95843341543877580e-5 -3.85301521030889626e3 4.29878355134860545e-5 -4.00471751813569108e3 0.00000000000000000e0 -4.24002681924662193e3 0.00000000000000000e0 -4.36832654771013313e3 1.41679103071723461e2 -4.35207425653061279e-6 2.79630169286448847e2 -2.17603712826530640e-6 2.92034457860523787e2 -2.17603712826530640e-6 3.58456296067899359e2 0.00000000000000000e0 4.82614296348771120e2 -2.17603712826530640e-6 4.75536374366924917e2 1.08801856413265324e-5 6.50179981676046737e2 -2.17603712826530640e-6 6.36681020305118636e2 2.17603712826530648e-5 7.57969349507447873e2 4.35207425653061279e-6 8.69371842426858052e2 6.52811138479591961e-6 6.61204358465283690e2 6.74571509762244978e-5 1.35914711330009663e3 -2.17603712826530640e-6 1.32978025817465073e3 -2.99760216648792266e-5 8.11714365722693287e2 0.00000000000000000e0 1.24655909985449398e3 -3.20854454116670172e-5 1.26293260716003874e3 -1.07913677993565199e-5 1.32648305939397892e3 8.01581023779363022e-6 1.48607470662476248e3 1.77635683940025019e-4 1.46460184424768136e3 9.79216707719387899e-6 1.64638650552717513e3 0.00000000000000000e0 1.63933627117529545e3 0.00000000000000000e0 1.77654447890418464e3 -6.39488462184090083e-6 1.82817355494080380e3 -6.93889390390722838e-6
-4.69505539690828698e2 3.48165940522449023e-5 -6.50614176578301226e2 1.74082970261224512e-5 -9.65336950642381339e2 0.00000000000000000e0 -1.23518947354739316e3 -8.70414851306122558e-6 -1.46521525969944810e3 -2.61124455391836784e-5 -1.81762677922137050e3 -1.74082970261224512e-5 -1.96657518021225974e3 1.74082970261224512e-5 -2.38489834210042727e3 -4.35207425653061296e-5 -2.48116021879241043e3 8.70414851306122558e-6 -2.92279859142041641e3 8.70414851306122558e-6 -3.03574923670168982e3 0.00000000000000000e0 -3.24388194812286156e3 0.00000000000000000e0 -6.23055505428737797e3 -8.70414851306122558e-6 -3.72407583770772999e3 2.61124455391836784e-5 -4.11270053746193298e3 -2.61124455391836784e-5 -4.46744180035984937e3 -1.74082970261224512e-5 -4.60507002131293939e3 8.70414851306122558e-6 -4.98481116655291589e3 1.74082970261224512e-5 -5.13306648741718072e3 -1.74082970261224512e-5 -5.48570505261025573e3 -3.56870089035510264e-4 -5.67101056478946884e3 3.48165940522449023e-5 -5.97932724373251131e3 -3.91686683087755173e-4 -6.21479461813123544e3 8.70414851306122558e-6 0.00000000000000000e0 6.40889066261251994e0 -1.74082970261224512e-5 -1.87439137988576448e2 0.00000000000000000e0 -1.07545464800296017e2 -8.70414851306122558e-6 -3.03051685968114214e2 0.00000000000000000e0 -2.24874540499797575e2 -8.70414851306122558e-6 -3.82077172567107880e2 0.00000000000000000e0 -3.69751680473484555e2 1.74082970261224512e-5 -4.29157285175563118e2 2.61124455391836784e-5 -5.51283312866246320e2 -2.61124455391836784e-5 -4.36620100252582631e2 0.00000000000000000e0 -9.12124948193593241e2 -8.70414851306122558e-6 -2.06998691432147524e2 1.74082970261224512e-5 -4.11349354578760483e2 1.99840144432528177e-5 -1.10785007869651486e3 -1.13686837721616030e-5 -7.23756294185306956e2 -1.28341781646668079e-5 -9.24308075234136936e2 -4.31654711974260795e-5 -8.83067662904579606e2 -3.20632409511745209e-5 -9.52664728792740220e2 -3.55271367880050025e-5 -1.01485708849935452e3 0.00000000000000000e0 -1.01436885540095989e3 2.14939177567430272e-5 -1.13182685694823681e3 0.00000000000000000e0 -1.09680970190595394e3 0.00000000000000000e0 -1.23312357001026362e3
-3.99680288865056355e-5 -4.11284683810020397e2 -9.99200722162640886e-6 -6.13367396873343296e2 -9.99200722162640886e-5 -7.64378552953193207e2 -1.74860126378462155e-5 -1.02025905224234498e3 -1.34892097491956520e-4 -1.16202003769272369e3 -9.24260668000442820e-5 -1.41195601460752937e3 -7.10542735760100186e-5 -1.56555818808801200e3 -1.83453252589060840e-4 -1.80949351252790439e3 -1.33226762955018768e-5 -1.95812637604486645e3 -2.41806574763359067e-4 -2.22126370547082161e3 0.00000000000000000e0 -2.35732005915423315e3 -1.27586829989923017e-4 -2.44274038246894406e3 -8.70414851306122558e-6 -5.57580232984911072e3 -2.99760216648792266e-5 -2.85313873007453367e3 -1.13686837721616030e-4 -3.09137610519094551e3 1.28341781646668079e-5 -3.52520586721638483e3 -4.46043202373402837e-4 -3.45756296608046296e3 -1.60316204755872604e-5 -3.91340790883987165e3 -3.19744231092045029e-4 -3.90699490659951380e3 1.95843341543877580e-5 -4.24796918929715139e3 -6.44817532702290919e-5 -4.38954712533856491e3 -4.69846384021366112e-5 -4.57123694417305069e3 0.00000000000000000e0 -4.86306055147434108e3 1.48594324345108220e2 -4.24660306919122377e-5 3.08578110563839687e2 -2.49800180540660222e-5 2.95969438957044417e2 -3.49720252756924310e-5 4.09476123008900572e2 -1.32394095686549917e-4 4.82199627727109032e2 7.49400541621980665e-6 5.49319449927310188e2 7.49400541621980665e-6 6.57217427146861155e2 3.74700270810990332e-5 7.07561148471924525e2 9.99200722162640886e-6 8.24861108306151777e2 -6.49480469405716576e-5 8.51477204788508743e2 -9.74220704108574864e-5 1.02810853590540296e3 -2.49800180540660222e-6 7.86093238014373810e2 8.49320613838244753e-5 1.51759405753182341e3 2.49800180540660222e-6 1.60318505471046547e3 2.01794136955868453e-4 8.49956256843142910e2 3.20854454116670198e-6 1.48940928936802652e3 7.19424519957101353e-6 1.38325956768881019e3 -1.16229248448007638e-4 1.52122347341077102e3 0.00000000000000000e0 1.68715287074405728e3 2.44804176929846983e-5 1.60550128991410156e3 8.06021915877863648e-5 1.91183061506450235e3 4.69846384021366139e-4 1.75858363768988056e3 2.30215846386272433e-4 2.06002477796118865e3 6.93889390390722838e-5
-4.83700629549943528e2 1.99840144432528177e-5 -6.93583750432935631e2 9.99200722162640886e-6 -9.86636692346110067e2 0.00000000000000000e0 -1.31432228100969451e3 -9.99200722162640886e-6 -1.51001292469921123e3 2.99760216648792266e-5 -1.90345540329595065e3 9.99200722162640886e-6 -2.07500225002377192e3 -1.99840144432528177e-5 -2.43290144030794409e3 -9.99200722162640886e-6 -2.69319879397933437e3 9.99200722162640886e-6 -2.91001176155880603e3 -1.99840144432528177e-5 -3.33227864302010357e3 -9.99200722162640886e-6 -3.40314387670126462e3 0.00000000000000000e0 -3.72407583770772999e3 -2.99760216648792266e-5 -6.96816140788314442e3 0.00000000000000000e0 -4.25414950768754352e3 -3.99680288865056355e-5 -4.46997001795068536e3 9.99200722162640886e-6 -5.01505812717795106e3 1.99840144432528177e-5 -5.04770088909367587e3 -1.99840144432528177e-5 -5.47358926183960557e3 9.99200722162640886e-6 -5.68594057277493812e3 -3.89688281643429946e-4 -5.92401192420766074e3 4.99600361081320443e-5 -6.29934492515360307e3 -4.09672296086682763e-4 -6.42325721571523809e3 1.99840144432528177e-5 2.99760216648792266e-5 2.81900702781001655e1 0.00000000000000000e0 -1.86778752464533682e2 -1.99840144432528177e-5 -9.83240089347248158e1 -9.99200722162640886e-6 -2.66822953731704615e2 -9.99200722162640886e-6 -2.53453388276980718e2 9.99200722162640886e-6 -2.96342740346844380e2 0.00000000000000000e0 -4.26315333035276467e2 9.99200722162640886e-6 -3.32716824091860985e2 0.00000000000000000e0 -5.55866582763187012e2 -2.99760216648792266e-5 -4.53853604698295499e2 0.00000000000000000e0 -5.71488996126134907e2 -2.99760216648792266e-5 -8.67650681302123417e2 9.99200722162640886e-6 -2.31523920035670017e2 -9.99200722162640886e-6 -3.51186290048488559e2 1.13686837721616030e-5 -1.13739322959993683e3 -1.28341781646668079e-5 -7.98544020907954177e2 -8.63309423948521590e-5 -8.24022610146357692e2 4.80948614267617813e-5 -1.01136599095497104e3 -5.32907051820075072e-5 -8.29602906371462723e2 0.00000000000000000e0 -1.10596110269867154e3 2.14939177567430272e-5 -9.54699359567712236e2 0.00000000000000000e0 -1.12439329846836245e3 0.00000000000000000e0 -1.13477671259687440e3
-2.84217094304040074e-6 -4.35115754271464539e2 -5.68434188608080149e-6 -6.57639037626722711e2 8.52651282912120223e-6 -8.08294555554311955e2 0.00000000000000000e0 -1.09078368950576987e3 8.52651282912120223e-6 -1.23798864137825149e3 -2.84217094304040074e-6 -1.49197441317028279e3 5.68434188608080149e-6 -1.69745764821982448e3 1.79856129989275326e-5 -1.87035811904934235e3 4.44089209850062531e-6 -2.17502016255366470e3 4.29878355134860545e-5 -2.24344932746589620e3 -1.27897692436818017e-5 -2.64482323757420090e3 0.00000000000000000e0 -2.66105266177874000e3 2.61124455391836784e-5 -2.85313873007453367e3 0.00000000000000000e0 -6.35402641364635201e3 2.27373675443232059e-5 -3.24882588312869166e3 2.56683563293336158e-5 -3.52179924822948396e3 1.15107923193136217e-4 -3.93803710450057997e3 -1.60316204755872604e-5 -3.94619233290427428e3 8.88178419700125097e-5 -4.33158271780920040e3 -1.95843341543877580e-5 -4.42841605070576315e3 0.00000000000000000e0 -4.70600795217101950e3 0.00000000000000000e0 -4.91050915769619587e3 -2.55795384873636033e-5 -5.09253725300418137e3 1.61420734912098851e2 2.84217094304040074e-6 3.30821228544664336e2 2.84217094304040074e-6 3.25719824445513950e2 2.84217094304040074e-6 4.31533268852035690e2 -2.84217094304040074e-6 5.42156720939601655e2 5.68434188608080149e-6 5.63422085519960092e2 3.69482222595252097e-5 7.52605015463814198e2 -2.84217094304040074e-6 7.21404523718049859e2 4.83169060316868126e-5 9.29372507840753201e2 5.68434188608080149e-6 9.25602102164191251e2 1.13686837721616030e-5 1.03817187167010138e3 1.10844666778575629e-4 1.20790046147511998e3 2.84217094304040074e-6 8.86396129295974220e2 -5.68434188608080149e-6 1.81268993815209001e3 -5.68434188608080149e-6 1.78026123194285901e3 -1.28341781646668079e-5 1.06112249667056335e3 0.00000000000000000e0 1.64276616470004888e3 2.80553358322777058e-5 1.62726483545760902e3 4.44089209850062531e-6 1.72008277843360679e3 1.46882506157908176e-5 1.90246164302187958e3 0.00000000000000000e0 1.86756709403823584e3 0.00000000000000000e0 2.09916290101474988e3 -2.55795384873636033e-5 2.06347658320282744e3 6.93889390390722838e-6
-5.37189225724432617e2 -1.13686837721616030e-5 -7.44847000078152632e2 1.13686837721616030e-5 -1.10583979449074832e3 0.00000000000000000e0 -1.41110631375340745e3 -1.13686837721616030e-5 -1.68358644714317052e3 1.13686837721616030e-5 -2.06948193408607040e3 0.00000000000000000e0 -2.26826909965893719e3 -3.41060513164848089e-5 -2.70742749535202165e3 -2.27373675443232059e-5 -2.86650384850872797e3 1.13686837721616030e-5 -3.32260092363867443e3 1.13686837721616030e-5 -3.47492715491171111e3 -3.41060513164848089e-5 -3.91739878295993549e3 1.13686837721616030e-5 -4.11270053746193298e3 -1.13686837721616030e-4 -4.25414950768754352e3 2.27373675443232059e-5 -8.20347281660360750e3 -1.02318153949454427e-4 -4.83215260489444518e3 -1.13686837721616030e-5 -5.27762686832744475e3 -3.41060513164848089e-5 -5.75218161000812233e3 -6.82121026329696178e-5 -5.80876415412490041e3 1.13686837721616030e-5 -6.35797919272817944e3 -1.13686837721616030e-5 -6.41614218910291311e3 2.04636307898908854e-4 -6.91330172286619199e3 0.00000000000000000e0 -7.06500759974915036e3 6.82121026329696178e-5 0.00000000000000000e0 4.84127440358861350e0 1.13686837721616030e-5 -2.13776900181983365e2 -1.13686837721616030e-5 -1.30548664856178220e2 1.13686837721616030e-5 -3.43765111665561562e2 -1.13686837721616030e-5 -2.68476935616490664e2 -1.13686837721616030e-5 -4.36988034380192403e2 0.00000000000000000e0 -4.26303586209542118e2 -1.13686837721616030e-5 -5.10676511566998670e2 2.27373675443232059e-5 -5.94239759266201872e2 -2.27373675443232059e-5 -5.76840955091029173e2 1.13686837721616030e-5 -7.82164056545298081e2 -4.54747350886464119e-5 -6.13770419022330316e2 0.00000000000000000e0 -1.19891614076550468e3 -1.13686837721616030e-5 -3.42987357271340443e2 -5.68434188608080149e-5 -4.78342997212166665e2 1.28341781646668079e-5 -1.50910623233357910e3 -3.02158298381982550e-4 -8.91138415681780316e2 1.60316204755872604e-4 -1.22935731496909284e3 -2.66453525910037515e-4 -1.12444712385695311e3 1.95843341543877580e-5 -1.20386937396688154e3 0.00000000000000000e0 -1.32881154968345072e3 7.04769576032049236e-5 -1.23308727779658511e3 0.00000000000000000e0 -1.49276974070744473e3
-2.88769008705003182e-5 -4.64325447335767137e2 3.20854454116670198e-6 -6.96965807778226917e2 -6.09623462821673389e-5 -8.69507026302063082e2 -1.60427227058335086e-5 -1.14903492619555777e3 -7.05879799056674393e-5 -1.33452182943250000e3 -4.17110790351671244e-5 -1.57744501684264878e3 -4.17110790351671244e-5 -1.80862803710324351e3 -1.40287781391634753e-4 -2.01639612603665660e3 -4.44089209850062531e-6 -2.25929079590292349e3 -1.98818739249873006e-4 -2.49321980408945228e3 6.39488462184090083e-6 -2.67141289307382067e3 -1.27586829989923017e-4 -3.00231596003230879e3 -2.61124455391836784e-5 -3.09137610519094551e3 -3.99680288865056355e-5 -3.24882588312869166e3 -1.02318153949454427e-4 -7.21523023314851616e3 0.00000000000000000e0 -3.71940562429173769e3 -4.02877731175976751e-4 -3.92378494580292136e3 3.20632409511745209e-5 -4.49394589097096195e3 -3.37507799486047534e-4 -4.37490874367618562e3 0.00000000000000000e0 -4.89145714048788705e3 -2.14939177567430272e-5 -4.92804070895136283e3 -7.04769576032049236e-5 -5.24124137371018060e3 5.11590769747272066e-5 -5.49394204435449410e3 1.77039957327540492e2 -3.20854454116670172e-5 3.51016312905016946e2 -9.62563362350010551e-6 3.59117297499267295e2 -2.24598117881669134e-5 4.62746143958803145e2 -6.09623462821673389e-5 5.81798849053072217e2 9.62563362350010551e-6 6.29187428402566638e2 -1.66844316140668498e-4 7.76030386961945510e2 2.56683563293336158e-5 8.38098572941703310e2 -1.76469949764168605e-4 9.38266424554967557e2 -3.85025344940004220e-5 1.06480037826983676e3 -5.77538017410006365e-5 1.10654015870181843e3 0.00000000000000000e0 1.24100349494504781e3 3.85025344940004220e-5 1.35763664079746582e3 3.20854454116670198e-6 1.10233633221490390e3 1.41175959811334879e-4 2.00762793838293874e3 2.24598117881669134e-5 2.11502447187150710e3 1.43884903991420271e-5 1.17784391040487412e3 -8.01581023779363022e-5 1.89722462722308182e3 -4.44089209850062531e-6 1.86893316822533939e3 3.42725847701785756e-5 1.91511954654721671e3 8.59756710269721089e-5 2.22096089039780509e3 4.22861745619229515e-4 2.04098889446946373e3 3.13349346470204128e-4 2.44194746983339382e3 4.85722573273505986e-5
-5.51430347162096155e2 0.00000000000000000e0 -7.87056052953260973e2 2.56683563293336158e-5 -1.12614918332809543e3 -1.28341781646668079e-5 -1.49298581546553055e3 -1.28341781646668079e-5 -1.71871127472300577e3 2.56683563293336158e-5 -2.17149491996693177e3 0.00000000000000000e0 -2.34856703653640807e3 1.28341781646668079e-5 -2.79127030755610349e3 1.28341781646668079e-5 -3.03374960566316031e3 1.28341781646668079e-5 -3.34941633095553425e3 0.00000000000000000e0 -3.75760428728000261e3 -1.28341781646668079e-5 -3.88051852064918921e3 -3.85025344940004220e-5 -4.46744180035984937e3 1.28341781646668079e-5 -4.46997001795068536e3 2.56683563293336158e-5 -4.83215260489444518e3 0.00000000000000000e0 -9.04357515185694137e3 0.00000000000000000e0 -5.39598962632226085e3 -1.28341781646668079e-5 -5.74296660249551405e3 0.00000000000000000e0 -6.29004341945460419e3 -2.56683563293336158e-5 -6.38727719994847030e3 -2.56683563293336158e-5 -6.83439839601618314e3 1.28341781646668079e-5 -7.08188227656058916e3 -3.85025344940004220e-5 -7.38332840626298912e3 -1.28341781646668079e-5 3.85025344940004220e-5 2.79389662960483030e1 2.56683563293336158e-5 -2.16366584027127800e2 1.28341781646668079e-5 -1.13747293273291902e2 1.28341781646668079e-5 -3.17982819586504149e2 1.28341781646668079e-5 -2.83649403698404910e2 0.00000000000000000e0 -3.61086214439865159e2 0.00000000000000000e0 -4.81704374832858605e2 -1.28341781646668079e-5 -3.94301773409821919e2 -2.56683563293336158e-5 -6.55541264604764137e2 1.28341781646668079e-5 -4.81448486988611478e2 -1.28341781646668079e-5 -7.47692242430986084e2 1.28341781646668079e-5 -6.85166115710344911e2 -2.56683563293336158e-5 -7.09746647098441372e2 1.28341781646668079e-5 -1.23569558057035056e3 -1.28341781646668079e-5 -2.68183962326418111e2 -2.56683563293336158e-5 -5.10381614393651205e2 0.00000000000000000e0 -1.46069999003017847e3 3.20632409511745209e-5 -1.02567418855947767e3 -1.77635683940025013e-5 -1.10690235670674019e3 1.95843341543877580e-5 -1.23809469916302805e3 -2.14939177567430272e-5 -1.13590283787878820e3 -2.34923192010683056e-5 -1.34323502036792752e3 5.11590769747272066e-5 -1.26899529324653304e3
-3.59712259978550677e-6 -5.00265034197866441e2 3.59712259978550677e-6 -7.48717029575018842e2 0.00000000000000000e0 -9.24065378615779196e2 7.19424519957101353e-6 -1.25100399559485686e3 -3.59712259978550677e-6 -1.40343882835125532e3 -1.07913677993565199e-5 -1.72420534769734923e3 0.00000000000000000e0 -1.91203322295052635e3 3.59712259978550677e-6 -2.17183176243196340e3 -4.44089209850062531e-6 -2.44619420239899864e3 1.61204383175572730e-5 -2.60159149583216686e3 1.27897692436818017e-5 -2.99351461459096345e3 1.50102152929321181e-5 -3.03214300627629927e3 -1.74082970261224512e-5 -3.52520586721638483e3 9.99200722162640886e-6 -3.52179924822948396e3 -1.13686837721616030e-5 -3.71940562429173769e3 0.00000000000000000e0 -8.21238578740945741e3 4.31654711974260795e-5 -4.16844644768321632e3 -1.60316204755872604e-5 -4.51387753841458925e3 5.32907051820075072e-5 -4.99377484374230335e3 -3.91686683087755160e-5 -4.99194227532306832e3 2.14939177567430272e-5 -5.44646078121102528e3 2.34923192010683056e-5 -5.53903043112313662e3 -5.11590769747272066e-5 -5.87545744695772191e3 1.82139770465994360e2 -3.59712259978550677e-6 3.82247578389893704e2 0.00000000000000000e0 3.61244986724074067e2 -3.59712259978550677e-6 5.06661210986081244e2 3.59712259978550677e-6 6.01055110882597774e2 0.00000000000000000e0 6.59825784810052937e2 7.19424519957101353e-6 8.45949447692006970e2 -3.59712259978550677e-6 8.26619895732960572e2 1.79856129989275326e-5 1.07362163159763190e3 -3.59712259978550677e-6 1.02350833226516602e3 -3.59712259978550677e-6 1.25938831843086496e3 1.79856129989275326e-5 1.27227878703450892e3 7.19424519957101353e-6 1.36542396393934928e3 9.35251875944231734e-5 1.61006147414433099e3 -3.59712259978550677e-6 1.14444472956165555e3 7.55395745954956375e-5 2.34455064465066653e3 -7.19424519957101353e-6 2.29405591642972649e3 8.01581023779363022e-6 1.35715825817506175e3 4.88498130835068810e-5 2.09586922039761657e3 4.89608353859693950e-6 2.04360732976027703e3 1.61204383175572730e-5 2.17667428490386783e3 1.76192394008012309e-5 2.36592889804043625e3 -3.83693077310454033e-5 2.33943575551620552e3 0.00000000000000000e0
-5.97737330032543809e2 -1.43884903991420271e-5 -8.36967277884070768e2 -1.43884903991420271e-5 -1.22851329589224156e3 -2.87769807982840541e-5 -1.58385213104850186e3 -1.43884903991420271e-5 -1.87573707606247785e3 4.31654711974260795e-5 -2.31166206177135746e3 -1.15107923193136217e-4 -2.54368298744367348e3 2.87769807982840541e-5 -3.00396325574325783e3 -1.15107923193136217e-4 -3.23627406633164537e3 -1.43884903991420271e-5 -3.66838827474680284e3 -4.31654711974260795e-5 -3.93269795129214071e3 -1.43884903991420261e-4 -4.33311712111361612e3 8.63309423948521590e-5 -4.60507002131293939e3 -4.46043202373402837e-4 -5.01505812717795106e3 1.15107923193136217e-4 -5.27762686832744475e3 -4.02877731175976751e-4 -5.39598962632226085e3 4.31654711974260795e-5 -1.03400151289179103e4 -8.63309423948521590e-5 -6.09065822310128624e3 -3.74100750377692694e-4 -6.48016037274601240e3 1.43884903991420261e-4 -7.17957922073963891e3 -4.31654711974260795e-5 -7.07675108824190556e3 7.62589991154527416e-4 -7.82613464171966007e3 -2.87769807982840541e-5 -7.80826802895262426e3 2.15827355987130404e-4 -1.43884903991420271e-5 1.12353246706220471e1 1.43884903991420271e-5 -2.36341846893139945e2 -5.75539615965681083e-5 -1.44426227777216781e2 2.87769807982840541e-5 -3.68580922582850633e2 -5.75539615965681083e-5 -3.10084442922686719e2 1.43884903991420271e-5 -4.57667649378379281e2 -4.31654711974260795e-5 -4.91546688152766308e2 -7.19424519957101303e-5 -5.40336231757976179e2 4.31654711974260795e-5 -6.57977752283045334e2 -2.01438865587988376e-4 -6.47557737032400269e2 1.00719432793994188e-4 -7.96675993974815697e2 -2.01438865587988376e-4 -7.74542251136267510e2 5.75539615965681083e-5 -9.51716812558345168e2 -5.75539615965681083e-5 -8.54381250547930790e2 -2.15827355987130404e-4 -1.43393970137850579e3 2.30215846386272433e-4 -5.03819077657396917e2 1.43884903991420271e-5 -5.00881063025815308e2 5.77138337121141376e-4 -1.90669297790435598e3 -9.23705556488130133e-4 -1.07806572948732060e3 1.17506004926326541e-4 -1.46116953096964130e3 -6.44817532702290919e-5 -1.42165690899531660e3 -7.04769576032049236e-5 -1.36337005525177779e3 1.53477230924181613e-4 -1.68759615402080931e3
4.00790511889681511e-6 -5.18833020779485537e2 4.00790511889681511e-6 -7.82625151563021177e2 -4.00790511889681511e-6 -9.74093299843659111e2 4.00790511889681511e-6 -1.28559590990562356e3 8.01581023779363022e-6 -1.50198580538551937e3 -8.01581023779363022e-6 -1.75631595753511488e3 4.00790511889681511e-6 -2.04574552713498997e3 -1.20237153566904453e-5 -2.23472034561744704e3 4.44089209850062531e-6 -2.56501569814160393e3 -2.14939177567430272e-5 -2.75820305335461308e3 0.00000000000000000e0 -3.03253085650601042e3 -2.25153229393981780e-5 -3.33796868049462955e3 8.70414851306122558e-6 -3.45756296608046296e3 1.99840144432528177e-5 -3.93803710450057997e3 -3.41060513164848089e-5 -3.92378494580292136e3 -1.28341781646668079e-5 -4.16844644768321632e3 -8.63309423948521590e-5 -9.10687761517259241e3 0.00000000000000000e0 -4.66465913007141262e3 -5.32907051820075072e-5 -4.91876984523020747e3 3.91686683087755160e-5 -5.53855281353321516e3 -2.14939177567430272e-5 -5.45143922651147750e3 0.00000000000000000e0 -5.96727871595703527e3 -5.11590769747272066e-5 -6.07652381884316037e3 2.04170674511505723e2 -1.20237153566904453e-5 3.95909564798735403e2 0.00000000000000000e0 4.17522437634598703e2 4.00790511889681511e-6 5.20105121848413205e2 -4.00790511889681511e-6 6.77464410436812159e2 -4.00790511889681511e-6 7.07338060679241153e2 -4.00790511889681511e-6 9.00948674720236568e2 0.00000000000000000e0 9.50884066375223824e2 -4.00790511889681511e-6 1.07605183430337070e3 4.00790511889681511e-6 1.23316122584427035e3 8.01581023779363022e-6 1.23595301033674309e3 -8.01581023779363022e-6 1.49789358054874833e3 0.00000000000000000e0 1.44574466265368051e3 -1.20237153566904453e-4 1.65809367236313687e3 8.01581023779363022e-6 1.78873954155278625e3 -8.81739126157299324e-5 1.40395730334752488e3 8.01581023779363022e-6 2.62410397251500126e3 1.20237153566904453e-5 2.64926629247597111e3 -1.33226762955018758e-4 1.57430271485736716e3 -4.89608353859693950e-6 2.35629539160342392e3 5.37347943918575681e-6 2.38635293356992406e3 4.11115586018695331e-5 2.40405486477968043e3 1.08713038571295315e-4 2.75247321894767038e3 6.93889390390722838e-6
-6.24259774584245974e2 1.60316204755872604e-5 -8.81542177699756735e2 -3.20632409511745209e-5 -1.27896300328167445e3 -1.60316204755872604e-5 -1.67229270360280680e3 -3.20632409511745209e-5 -1.94792084351469430e3 -1.60316204755872604e-5 -2.44318590327807760e3 -1.60316204755872604e-5 -2.64407626375806603e3 -3.20632409511745209e-5 -3.16366927552991228e3 3.20632409511745209e-5 -3.38916062254668304e3 1.60316204755872604e-5 -3.82218089582941866e3 -1.60316204755872604e-5 -4.17951579265718465e3 3.20632409511745209e-5 -4.43619431669262121e3 -1.60316204755872604e-5 -4.98481116655291589e3 -1.60316204755872604e-5 -5.04770088909367587e3 -1.60316204755872604e-5 -5.75218161000812233e3 3.20632409511745209e-5 -5.74296660249551405e3 -1.60316204755872604e-5 -6.09065822310128624e3 0.00000000000000000e0 -1.14291943823729980e4 -3.20632409511745209e-5 -6.71675918439973339e3 -3.20632409511745209e-5 -7.18784424060814217e3 4.80948614267617813e-5 -7.78122064790664990e3 0.00000000000000000e0 -7.88584058240004742e3 8.01581023779363022e-5 -8.42241844907220911e3 -3.20632409511745209e-5 -1.60316204755872604e-5 2.06459216389731637e1 0.00000000000000000e0 -2.48687530746138918e2 -1.60316204755872604e-5 -1.38255572768031243e2 3.20632409511745209e-5 -3.81046240649496326e2 3.20632409511745209e-5 -3.18254471309842302e2 1.60316204755872604e-5 -4.52890056079624514e2 3.20632409511745209e-5 -5.32906470995797577e2 -4.80948614267617813e-5 -5.00197636688071157e2 0.00000000000000000e0 -7.43362113864165508e2 3.20632409511745209e-5 -5.74380369355864673e2 0.00000000000000000e0 -9.00532578018697905e2 1.60316204755872604e-5 -7.24366920090702138e2 -3.20632409511745209e-5 -9.66505646093906989e2 1.60316204755872604e-5 -9.95784018220646772e2 1.60316204755872604e-5 -9.07047171283537068e2 -1.60316204755872604e-5 -1.66556796785677352e3 3.20632409511745209e-5 -3.85145878700754452e2 -1.60316204755872604e-5 -6.84281632601368983e2 1.77635683940025013e-5 -1.90550502332520455e3 3.91686683087755160e-5 -1.29074808796758589e3 -4.29878355134860545e-5 -1.48384966198733537e3 2.34923192010683056e-5 -1.54018883233852921e3 5.11590769747272066e-5 -1.50511573480116567e3
-1.77635683940025013e-5 -5.62372921564246894e2 -1.33226762955018768e-5 -8.36941791426681789e2 -1.77635683940025013e-5 -1.03869668865996778e3 -4.44089209850062531e-6 -1.40005411264354484e3 -3.10862446895043764e-5 -1.57399483668996231e3 -2.22044604925031274e-5 -1.93564344996843806e3 -2.22044604925031274e-5 -2.13518867031581249e3 -1.15463194561016267e-4 -2.45056941405863381e3 0.00000000000000000e0 -2.71746624314062001e3 -2.84794410276845156e-4 -2.95095446301019092e3 1.27897692436818017e-5 -3.31371677653180495e3 -1.57607260575787250e-4 -3.44491351889075713e3 1.74082970261224512e-5 -3.91340790883987165e3 -1.99840144432528177e-5 -3.94619233290427428e3 -6.82121026329696178e-5 -4.49394589097096195e3 0.00000000000000000e0 -4.51387753841458925e3 -3.74100750377692694e-4 -4.66465913007141262e3 -3.20632409511745209e-5 -1.03092633452206410e4 -2.48689957516035011e-4 -5.17989670786311763e3 1.95843341543877580e-5 -5.60537230440694111e3 -6.44817532702290919e-5 -6.16962262315334647e3 -7.04769576032049236e-5 -6.11521152436011926e3 -2.55795384873636033e-5 -6.69399603109299733e3 2.06018340165314811e2 -4.44089209850062531e-6 4.31122400001981930e2 -8.88178419700125063e-6 4.06689459886422298e2 0.00000000000000000e0 5.76801624241340846e2 -1.77635683940025013e-5 6.71989588418853032e2 4.44089209850062531e-6 7.57559366348914295e2 -1.11022302462515640e-4 9.41724702663293442e2 4.44089209850062531e-6 9.51717695762965718e2 -1.50990331349021262e-4 1.19935383846581067e3 -1.33226762955018768e-5 1.16689596101338111e3 -2.22044604925031274e-5 1.43192100736655425e3 4.44089209850062531e-6 1.41240267419462407e3 4.44089209850062531e-6 1.62410853334904436e3 0.00000000000000000e0 1.70340827443382636e3 3.99680288865056287e-5 1.73770778246762347e3 8.88178419700125063e-6 2.08306562279325635e3 4.44089209850062531e-6 1.45948577543464330e3 -1.24344978758017505e-4 2.93791685357369670e3 -4.44089209850062531e-6 2.91684777664613603e3 0.00000000000000000e0 1.67201556400264872e3 1.61204383175572730e-4 2.65151600302715451e3 1.99684713209080601e-4 2.49760717641045403e3 2.04636307898908826e-4 2.71891242960009504e3 5.55111512312578270e-5
-6.54774563457749423e2 1.77635683940025013e-5 -9.27839440834077209e2 -1.77635683940025013e-5 -1.34220613290381129e3 0.00000000000000000e0 -1.75551969405773866e3 -5.32907051820075072e-5 -2.05296721844661033e3 0.00000000000000000e0 -2.55228281176300652e3 -5.32907051820075072e-5 -2.80043000344676284e3 5.32907051820075072e-5 -3.29476879556977974e3 -1.24344978758017505e-4 -3.58907398023688938e3 3.55271367880050025e-5 -3.99736979517228929e3 -1.77635683940025013e-5 -4.38403962021993630e3 -1.24344978758017505e-4 -4.70815852082750916e3 1.77635683940025013e-5 -5.13306648741718072e3 -3.19744231092045029e-4 -5.47358926183960557e3 8.88178419700125097e-5 -5.80876415412490041e3 -3.37507799486047534e-4 -6.29004341945460419e3 5.32907051820075072e-5 -6.48016037274601240e3 -5.32907051820075072e-5 -6.71675918439973339e3 -2.48689957516035011e-4 -1.26406168021730973e4 1.59872115546022515e-4 -7.49144744318641460e3 -1.77635683940025013e-5 -7.78444449913706558e3 5.32907051820075031e-4 -8.69506137917141859e3 1.77635683940025013e-5 -8.50276899768686962e3 1.59872115546022515e-4 -1.77635683940025013e-5 2.18987850075791322e1 5.32907051820075072e-5 -2.57793164593067502e2 -5.32907051820075072e-5 -1.51973100770419450e2 1.77635683940025013e-5 -3.87984631089466291e2 -1.77635683940025013e-5 -3.47340893824821194e2 1.77635683940025013e-5 -4.64151952428437596e2 -3.55271367880050025e-5 -5.59137465216963278e2 -1.24344978758017505e-4 -5.42933715763638133e2 7.10542735760100050e-5 -7.34847613870215241e2 -1.59872115546022515e-4 -6.75966660423909957e2 1.06581410364015014e-4 -8.44455350090811294e2 -1.77635683940025019e-4 -8.68297043155052847e2 5.32907051820075072e-5 -9.18594000864913937e2 -3.55271367880050025e-5 -1.06027687962750838e3 -2.13162820728030029e-4 -1.06454091763907832e3 1.77635683940025019e-4 -1.12994698042712093e3 -9.41469124882132638e-4 -1.68863074634373311e3 5.15143483426072526e-4 -6.10808257306416522e2 -9.41469124882132638e-4 -5.77536098944619766e2 1.95843341543877587e-4 -2.22669482852211286e3 -8.59756710269721089e-5 -1.35457757011181434e3 -2.11430872809614757e-4 -1.61253344899137096e3 2.81374923360999619e-4 -1.77245707888573611e3
-4.89608353859693950e-6 -5.77792306899471555e2 0.00000000000000000e0 -8.71516995071264091e2 0.00000000000000000e0 -1.08190123470075491e3 0.00000000000000000e0 -1.43511397435736012e3 0.00000000000000000e0 -1.66584559786464547e3 0.00000000000000000e0 -1.96050207438291886e3 -4.89608353859693950e-6 -2.27397070413637402e3 9.79216707719387899e-6 -2.48400195083098242e3 0.00000000000000000e0 -2.86789240425688831e3 8.59756710269721089e-5 -3.04439516806143047e3 0.00000000000000000e0 -3.41460923956038368e3 4.50306458787963561e-5 -3.66390935780946893e3 -1.74082970261224512e-5 -3.90699490659951380e3 9.99200722162640886e-6 -4.33158271780920040e3 1.13686837721616030e-5 -4.37490874367618562e3 -2.56683563293336158e-5 -4.99377484374230335e3 1.43884903991420261e-4 -4.91876984523020747e3 -3.20632409511745209e-5 -5.17989670786311763e3 1.59872115546022515e-4 -1.12882560778793086e4 -3.91686683087755160e-5 -5.70959462971032372e3 -4.29878355134860545e-5 -6.06926866844048436e3 -4.69846384021366112e-5 -6.72448711753759108e3 -2.55795384873636033e-5 -6.64947114037417487e3 2.28267037871709931e2 -9.79216707719387899e-6 4.44611882211010027e2 9.79216707719387899e-6 4.65250308878672911e2 -4.89608353859693950e-6 5.85700539368349951e2 -9.79216707719387899e-6 7.59058029731196484e2 0.00000000000000000e0 7.89204028828205196e2 1.46882506157908176e-5 1.02069641069180125e3 9.79216707719387899e-6 1.04913032771269923e3 2.93765012315816353e-5 1.22979789601851394e3 4.89608353859693950e-6 1.35909736243000611e3 1.46882506157908176e-5 1.40589124981715918e3 2.93765012315816353e-5 1.67856951565070767e3 -1.46882506157908176e-5 1.60057577982541920e3 -9.79216707719387899e-6 1.94357943739120742e3 -4.89608353859693950e-6 1.87698801710212138e3 -4.89608353859693950e-6 2.07377638581362999e3 0.00000000000000000e0 2.30620777355028349e3 5.87530024631632706e-5 1.71473284376055790e3 4.89608353859693950e-6 3.30112987612096686e3 4.89608353859693950e-6 3.26358792710479338e3 -2.47180054202544852e-4 1.96092470066133706e3 -1.17461596005341528e-5 2.91135596950375839e3 -2.55795384873636013e-4 2.89176419130399108e3 6.93889390390722838e-6
-6.97697329110624651e2 0.00000000000000000e0 -9.76226003635005441e2 0.00000000000000000e0 -1.43375335763806765e3 1.95843341543877580e-5 -1.85066519189369637e3 0.00000000000000000e0 -2.18227293475869965e3 -1.95843341543877580e-5 -2.71088713277300940e3 3.91686683087755160e-5 -2.94926570925113583e3 0.00000000000000000e0 -3.52895258015628542e3 -1.95843341543877580e-5 -3.75662941474175159e3 1.95843341543877580e-5 -4.28942696362177776e3 0.00000000000000000e0 -4.60790113865350213e3 0.00000000000000000e0 -4.99951013068766679e3 1.95843341543877580e-5 -5.48570505261025573e3 1.95843341543877580e-5 -5.68594057277493812e3 -1.95843341543877580e-5 -6.35797919272817944e3 0.00000000000000000e0 -6.38727719994847030e3 -3.91686683087755160e-5 -7.17957922073963891e3 3.91686683087755160e-5 -7.18784424060814217e3 1.95843341543877580e-5 -7.49144744318641460e3 -3.91686683087755160e-5 -1.40938005058544004e4 0.00000000000000000e0 -8.19423285474129989e3 0.00000000000000000e0 -8.78542214177712958e3 -5.87530024631632706e-5 -9.44968608962426333e3 0.00000000000000000e0 1.95843341543877580e-5 1.18068858689923655e1 1.95843341543877580e-5 -2.80552637121900204e2 0.00000000000000000e0 -1.66412435032015054e2 0.00000000000000000e0 -4.43159503094037063e2 -1.95843341543877580e-5 -3.57458476418770431e2 1.95843341543877580e-5 -5.46106004817303756e2 -1.95843341543877580e-5 -5.84863950470193458e2 -3.91686683087755160e-5 -6.16546487464120105e2 -1.95843341543877580e-5 -8.20728818906601873e2 -3.91686683087755160e-5 -6.95359331714939685e2 0.00000000000000000e0 -1.02483095250072142e3 1.95843341543877580e-5 -8.23458600907045366e2 -3.91686683087755160e-5 -1.16325377050863176e3 -1.95843341543877580e-5 -1.03171304419724652e3 -2.38928876683530645e-3 -1.21614322332597135e3 1.95843341543877580e-5 -1.35699565424474122e3 -1.95843341543877580e-5 -1.15143031629294501e3 3.91686683087755160e-5 -2.14228162649376918e3 0.00000000000000000e0 -5.49404496297256514e2 -1.95843341543877580e-5 -8.69144563520052088e2 2.14939177567430272e-5 -2.42813842592504125e3 2.34923192010683056e-5 -1.58652358051014608e3 2.55795384873636033e-5 -1.91715896118438377e3
2.04192218689058764e-4 -6.19387809930316280e2 -7.52287121486006072e-5 -9.21864449576759057e2 8.06021915877863648e-5 -1.14900869041534293e3 -1.71951342053944218e-4 -1.53569625909177876e3 4.83613149526718121e-5 -1.74717701155735472e3 1.02096109344529382e-4 -2.12025111188118808e3 8.06021915877863648e-5 -2.36741397094952754e3 1.07469588783715136e-5 -2.69456527890454799e3 -1.71951342053944218e-4 -2.99409102932912629e3 5.37347943918575681e-6 -3.27175936223333929e3 -5.75539615965681083e-5 -3.61931358892064691e3 -1.50102152929321181e-5 -3.85301521030889626e3 -3.56870089035510264e-4 -4.24796918929715139e3 -3.89688281643429946e-4 -4.42841605070576315e3 -1.13686837721616030e-5 -4.89145714048788705e3 -2.56683563293336158e-5 -4.99194227532306832e3 -4.31654711974260795e-5 -5.53855281353321516e3 4.80948614267617813e-5 -5.60537230440694111e3 -1.77635683940025013e-5 -5.70959462971032372e3 0.00000000000000000e0 -1.25835969770449192e4 -2.79420930837659398e-4 -6.31962011219400028e3 -6.10800299227775905e-4 -6.73593238786906932e3 2.55795384873636033e-5 -7.48490354418596144e3 2.33533614180103626e2 1.88071780371501491e-4 4.76400338822457968e2 2.47180054202544852e-4 4.64432702740324942e2 2.09565698128244521e-4 6.38623780879754577e2 7.52287121486006072e-5 7.60145399913980555e2 3.76143560743003036e-5 8.50696029841557674e2 -5.37347943918575681e-6 1.04757649594944269e3 1.50457424297201214e-4 1.08951737347595667e3 1.07469588783715136e-5 1.31505155867017720e3 1.45083944858015457e-4 1.34952997363768645e3 3.22408766351145459e-5 1.56902475652032058e3 1.07469588783715136e-5 1.61677646701718936e3 -1.93445259810687248e-4 1.81869253257360674e3 -1.07469588783715136e-5 1.88688704660933126e3 -6.98552327094148495e-5 2.05391908139063162e3 0.00000000000000000e0 2.18143148722482738e3 1.61204383175572730e-4 2.21467349259540879e3 0.00000000000000000e0 2.57512832009254544e3 0.00000000000000000e0 1.88616740004476901e3 -2.68673971959287849e-5 3.56370306184849915e3 -5.37347943918575681e-6 3.66464398204868712e3 -2.34923192010683056e-5 2.02429905820089516e3 1.72661884789704318e-4 3.27768030956576649e3 3.67761376907083104e-4
-7.13947345687415577e2 2.14939177567430272e-5 -1.01899085347412199e3 -2.14939177567430272e-5 -1.46093903214961051e3 0.00000000000000000e0 -1.92879797822342857e3 0.00000000000000000e0 -2.23500699370049460e3 4.29878355134860545e-5 -2.80053877279584594e3 -4.29878355134860545e-5 -3.05650719560901462e3 0.00000000000000000e0 -3.60343332364010348e3 -2.14939177567430272e-5 -3.93410028962648494e3 -4.29878355134860545e-5 -4.35195688162082206e3 0.00000000000000000e0 -4.82777908779041809e3 -4.29878355134860545e-5 -5.10412213259314740e3 4.29878355134860545e-5 -5.67101056478946884e3 -6.44817532702290919e-5 -5.92401192420766074e3 0.00000000000000000e0 -6.41614218910291311e3 -2.14939177567430272e-5 -6.83439839601618314e3 2.14939177567430272e-5 -7.07675108824190556e3 -2.14939177567430272e-5 -7.78122064790664990e3 -6.44817532702290919e-5 -7.78444449913706558e3 -4.29878355134860545e-5 -8.19423285474129989e3 -2.79420930837659398e-4 -1.52246877206607660e4 1.07469588783715140e-4 -8.98699061009366778e3 -3.65396601864631466e-4 -9.31243876891585205e3 0.00000000000000000e0 -2.14939177567430272e-5 3.04553124053086286e1 0.00000000000000000e0 -2.81507452903895228e2 0.00000000000000000e0 -1.59997671644873662e2 4.29878355134860545e-5 -4.15735873104949803e2 2.14939177567430272e-5 -3.81192181109213323e2 2.14939177567430272e-5 -4.84285758695079892e2 2.14939177567430272e-5 -6.24232549739645037e2 4.29878355134860545e-5 -5.55718988870523845e2 -2.14939177567430272e-5 -8.22266116173864134e2 0.00000000000000000e0 -6.97819814376998579e2 0.00000000000000000e0 -9.29686698825093913e2 -6.44817532702290919e-5 -9.28456558924039996e2 4.29878355134860545e-5 -9.66505973387654535e2 0.00000000000000000e0 -1.19301298404650424e3 -4.29878355134860545e-5 -1.02392768397407951e3 6.44817532702290919e-5 -1.38310775046335266e3 -1.07469588783715140e-4 -1.24328934258954860e3 8.59756710269721089e-5 -1.36493257958392178e3 -1.28963506540458184e-4 -2.08073085250504164e3 1.07469588783715140e-4 -6.33918353898366149e2 0.00000000000000000e0 -7.62270594911740204e2 -4.69846384021366112e-5 -2.53280866324701037e3 0.00000000000000000e0 -1.69037658803716772e3
1.17461596005341528e-5 -6.41371934850809339e2 1.17461596005341528e-5 -9.62971389362188006e2 2.93653990013353837e-5 -1.19430977092438411e3 1.17461596005341528e-5 -1.59535882181538432e3 6.46038778029378455e-5 -1.82885933659449006e3 2.93653990013353837e-5 -2.18727024512421713e3 2.34923192010683056e-5 -2.49489278575376557e3 1.46826995006676898e-4 -2.76492751581924813e3 1.76192394008012309e-5 -3.16348771993712944e3 0.00000000000000000e0 -3.36103960072442396e3 0.00000000000000000e0 -3.80212884887320843e3 3.60245167030370848e-4 -4.00471751813569108e3 3.48165940522449023e-5 -4.38954712533856491e3 4.99600361081320443e-5 -4.70600795217101950e3 2.04636307898908854e-4 -4.92804070895136283e3 1.28341781646668079e-5 -5.44646078121102528e3 7.62589991154527416e-4 -5.45143922651147750e3 0.00000000000000000e0 -6.16962262315334647e3 5.32907051820075031e-4 -6.06926866844048436e3 0.00000000000000000e0 -6.31962011219400028e3 1.07469588783715140e-4 -1.37225265750995331e4 9.39692768042732225e-5 -6.90673707026689863e3 0.00000000000000000e0 -7.33710163458578518e3 2.49532771667837437e2 1.17461596005341528e-5 4.96369470814883471e2 5.87307980026707640e-6 5.02986088390944133e2 0.00000000000000000e0 6.58891026494856419e2 4.11115586018695331e-5 8.25640271684413278e2 -1.17461596005341528e-5 8.77331948623271956e2 1.70319314207745211e-4 1.12942792612757944e3 -1.17461596005341528e-5 1.14136118443131068e3 2.29050112210415992e-4 1.38762803039149640e3 2.34923192010683056e-5 1.45690084806249183e3 7.04769576032049236e-5 1.60134261690814105e3 3.75877107217092890e-4 1.80561438680726405e3 5.87307980026707640e-6 1.80052190010826484e3 -5.87307980026707640e-6 2.14375164619973202e3 -1.17461596005341528e-5 2.03523852633225033e3 -5.87307980026707640e-6 2.41227132797838749e3 1.76192394008012309e-5 2.36132439681568894e3 2.64288591012018460e-4 2.53253781936635369e3 1.17461596005341528e-5 2.85170491665098734e3 5.87307980026707640e-6 2.07945831394162860e3 -4.69846384021366112e-5 4.00170766692298184e3 -7.04769576032049236e-5 3.96578900678789978e3 -1.79056769411545220e-4 2.34769257474454162e3 0.00000000000000000e0
-7.66603028123924219e2 2.34923192010683056e-5 -1.07000236040377649e3 4.69846384021366112e-5 -1.57745087943084127e3 7.04769576032049236e-5 -2.02656334189477093e3 -7.04769576032049236e-5 -2.40287940309613577e3 0.00000000000000000e0 -2.96799785397538972e3 2.34923192010683056e-5 -3.24612346798147564e3 0.00000000000000000e0 -3.86809852312985822e3 0.00000000000000000e0 -4.12606239450496923e3 0.00000000000000000e0 -4.71495415621525535e3 -2.34923192010683056e-5 -5.04271288570556771e3 2.34923192010683056e-5 -5.51793210408213326e3 0.00000000000000000e0 -5.97932724373251131e3 -4.69846384021366112e-5 -6.29934492515360307e3 0.00000000000000000e0 -6.91330172286619199e3 -7.04769576032049236e-5 -7.08188227656058916e3 2.34923192010683056e-5 -7.82613464171966007e3 0.00000000000000000e0 -7.88584058240004742e3 -7.04769576032049236e-5 -8.69506137917141859e3 -4.69846384021366112e-5 -8.78542214177712958e3 -6.10800299227775905e-4 -8.98699061009366778e3 9.39692768042732225e-5 -1.70023354211679070e4 -7.75246533635254092e-4 -9.79450177283069752e3 9.39692768042732225e-5 4.69846384021366112e-5 8.01929109783827521e0 2.34923192010683056e-5 -3.08855071029512260e2 -2.34923192010683056e-5 -1.90535159649840523e2 -2.34923192010683056e-5 -4.91469842245351060e2 -4.69846384021366112e-5 -3.98678023971754556e2 4.69846384021366112e-5 -6.14100617690737977e2 -2.34923192010683056e-5 -6.40846834532027060e2 -7.04769576032049236e-5 -7.06061042787808674e2 0.00000000000000000e0 -8.89567394501966419e2 0.00000000000000000e0 -8.05527099423386289e2 2.34923192010683056e-5 -1.11073017197149647e3 -4.69846384021366112e-5 -9.43579219869761005e2 -2.34923192010683056e-5 -1.28234645013769432e3 4.69846384021366112e-5 -1.13524027240963187e3 2.34923192010683056e-5 -1.39996610246662067e3 2.34923192010683056e-5 -1.38650063399303713e3 -2.81907830412819695e-4 -1.46127515900928938e3 1.64446234407478133e-4 -1.73262140652496964e3 -3.52384788016024578e-4 -1.42052115350566010e3 4.69846384021366112e-5 -2.60763239623429308e3 0.00000000000000000e0 -7.49207975925258779e2 0.00000000000000000e0 -9.96143213605193750e2 5.11590769747272066e-5 -3.01482904054850496e3
-1.79056769411545220e-4 -6.73057360245365885e2 -4.47641923528863049e-5 -1.00537751563933841e3 1.27897692436818006e-4 -1.25529572017057922e3 -8.95283847057726099e-5 -1.66505914975800783e3 9.59232693276135115e-5 -1.91948300454214382e3 1.40687461680499810e-4 -2.29032663554562487e3 1.15107923193136217e-4 -2.60429523066818501e3 4.47641923528863049e-5 -2.91528689828623965e3 -8.95283847057726099e-5 -3.27909137283199880e3 1.27897692436818017e-5 -3.56527956597574257e3 -3.19744231092045016e-5 -3.92960262090014066e3 0.00000000000000000e0 -4.24002681924662193e3 -3.91686683087755173e-4 -4.57123694417305069e3 -4.09672296086682763e-4 -4.91050915769619587e3 0.00000000000000000e0 -5.24124137371018060e3 -3.85025344940004220e-5 -5.53903043112313662e3 -2.87769807982840541e-5 -5.96727871595703527e3 8.01581023779363022e-5 -6.11521152436011926e3 1.77635683940025013e-5 -6.72448711753759108e3 -5.87530024631632706e-5 -6.73593238786906932e3 -3.65396601864631466e-4 -6.90673707026689863e3 -7.75246533635254092e-4 -1.50091587158840393e4 0.00000000000000000e0 -7.59021174384644200e3 2.62631292713422170e2 -1.91846538655227023e-4 5.19689245237486716e2 -1.34292577058658908e-4 5.28230515328686920e2 -1.66267000167863416e-4 6.94879085472166366e2 1.02318153949454413e-4 8.58600115805074779e2 4.47641923528863049e-5 9.37039732207267548e2 3.83693077310454033e-5 1.16338747275790388e3 1.02318153949454413e-4 1.22581956105705081e3 3.83693077310454033e-5 1.43230892106771512e3 -3.45323769579408636e-4 1.54442386559594502e3 9.59232693276135115e-5 1.69061192565322904e3 1.27897692436818017e-5 1.85458880164191009e3 2.43005615629954236e-4 1.97492871691906635e3 2.55795384873636033e-5 2.12661693255178352e3 -8.95283847057726099e-5 2.29633947128604632e3 7.67386154620908065e-5 2.37070338853229123e3 -2.04636307898908826e-4 2.61458837460537507e3 7.03437308402499048e-5 2.64965852210252706e3 0.00000000000000000e0 2.81634628507276784e3 -4.47641923528863049e-5 3.08826877191137282e3 7.03437308402499048e-5 2.37963208640223911e3 -2.55795384873636033e-5 4.28224955171252350e3 0.00000000000000000e0 4.45015242576118817e3 4.09394740330526474e-4
-7.79385285909483969e2 2.55795384873636033e-5 -1.11170631100776495e3 5.11590769747272066e-5 -1.59507356443100412e3 -5.11590769747272066e-5 -2.10542917500333670e3 2.55795384873636033e-5 -2.43751090351906851e3 2.55795384873636033e-5 -3.06127431883851341e3 2.55795384873636033e-5 -3.32855757676497842e3 2.55795384873636033e-5 -3.94310839340050688e3 0.00000000000000000e0 -4.28339273810251962e3 -2.55795384873636033e-5 -4.75842466869380496e3 0.00000000000000000e0 -5.26785982515320848e3 -7.67386154620908065e-5 -5.56181302613367643e3 0.00000000000000000e0 -6.21479461813123544e3 0.00000000000000000e0 -6.42325721571523809e3 -2.55795384873636033e-5 -7.06500759974915036e3 5.11590769747272066e-5 -7.38332840626298912e3 -5.11590769747272066e-5 -7.80826802895262426e3 -5.11590769747272066e-5 -8.42241844907220911e3 -2.55795384873636033e-5 -8.50276899768686962e3 -2.55795384873636033e-5 -9.44968608962426333e3 2.55795384873636033e-5 -9.31243876891585205e3 0.00000000000000000e0 -9.79450177283069752e3 0.00000000000000000e0 -1.81891283091317709e4 -2.55795384873636033e-5 -2.55795384873636033e-5 3.20637212780638876e1 -2.55795384873636033e-5 -3.09455910496580998e2 -2.55795384873636033e-5 -1.74596235069657240e2 0.00000000000000000e0 -4.60282768699471433e2 2.55795384873636033e-5 -4.14418784089320923e2 -5.11590769747272066e-5 -5.36621038804696468e2 5.11590769747272066e-5 -6.84410122175904576e2 7.67386154620908065e-5 -6.06748469067497240e2 0.00000000000000000e0 -9.15726886319134678e2 0.00000000000000000e0 -7.44927959317465024e2 0.00000000000000000e0 -1.05218221335690009e3 -2.55795384873636033e-5 -9.83447282010274535e2 -2.55795384873636033e-5 -1.09641125618509227e3 -5.11590769747272066e-5 -1.28530333256549034e3 -2.55795384873636033e-5 -1.12062310790861352e3 0.00000000000000000e0 -1.55643242294445349e3 2.55795384873636033e-5 -1.23750686498169648e3 2.55795384873636033e-5 -1.68756674554515462e3 -5.11590769747272066e-5 -1.57341562498913822e3 0.00000000000000000e0 -1.57479763629453350e3 -5.11590769747272066e-5 -2.61700142516474398e3 -2.55795384873636033e-5 -6.77383729907887641e2 -2.55795384873636033e-5 -9.95733211084370737e2
-6.93889390390722838e-6 -7.06625612190148217e2 1.38777878078144568e-5 -1.05466183009106385e3 -6.93889390390722838e-6 -1.30944755732942394e3 0.00000000000000000e0 -1.75721279888074741e3 1.38777878078144568e-5 -1.99373698800409124e3 0.00000000000000000e0 -2.41956384788855075e3 0.00000000000000000e0 -2.71363431031401706e3 1.38777878078144568e-5 -3.05847964315875151e3 0.00000000000000000e0 -3.45046661381909189e3 6.24500451351650554e-5 -3.69815376238813451e3 -1.38777878078144568e-5 -4.17643442746085111e3 6.75459688181945375e-5 -4.36832654771013313e3 8.70414851306122558e-6 -4.86306055147434108e3 1.99840144432528177e-5 -5.09253725300418137e3 6.82121026329696178e-5 -5.49394204435449410e3 -1.28341781646668079e-5 -5.87545744695772191e3 2.15827355987130404e-4 -6.07652381884316037e3 -3.20632409511745209e-5 -6.69399603109299733e3 1.59872115546022515e-4 -6.64947114037417487e3 0.00000000000000000e0 -7.48490354418596144e3 0.00000000000000000e0 -7.33710163458578518e3 9.39692768042732225e-5 -7.59021174384644200e3 -2.55795384873636033e-5 -1.63917997231255431e4 2.70030255100639522e2 -6.93889390390722838e-6 5.48448161885595255e2 1.38777878078144568e-5 5.37961779289997139e2 1.38777878078144568e-5 7.34132921120789206e2 -6.93889390390722838e-6 8.86095939678366335e2 6.93889390390722838e-6 9.70145380696507686e2 2.08166817117216851e-5 1.22883893338698863e3 6.93889390390722838e-6 1.23895958770159359e3 3.46944695195361419e-5 1.53719590528789149e3 6.93889390390722838e-6 1.55422145986516830e3 6.93889390390722838e-6 1.79835282082541084e3 4.85722573273505986e-5 1.91554668940163742e3 6.93889390390722838e-6 2.02215954185902524e3 2.56739074444567450e-4 2.29910425697532628e3 6.93889390390722838e-6 2.24276591325178742e3 2.84494650060196363e-4 2.65902883520574505e3 6.93889390390722838e-6 2.51106521496069445e3 4.16333634234433703e-5 2.93542638942767553e3 2.15105711021124080e-4 2.88465956899130970e3 -6.93889390390722838e-6 3.04211697632616961e3 -2.70616862252381907e-4 3.44369183800097244e3 6.93889390390722838e-6 2.47445281771341206e3 -7.35522753814166208e-4 4.77062449704135270e3 -1.38777878078144568e-5
0.00000000000000000e0 3.34588193595664052e1 -3.99680288865056302e-7 2.10090627561498877e1 2.84217094304040074e-6 4.53227580465842479e1 -3.33066907387546920e-6 4.64720178339206242e1 1.59872115546022521e-6 6.21229147457213955e1 -2.17603712826530640e-6 7.16021865798666113e1 5.68434188608080149e-6 7.91753671625094881e1 -3.59712259978550677e-6 9.69044522403095101e1 4.44089209850062531e-6 9.84418545013632098e1 5.37347943918575681e-6 1.20520080315600339e2 -6.39488462184090083e-6 1.21637373551308784e2 0.00000000000000000e0 1.41679103071723461e2 0.00000000000000000e0 1.48594324345108220e2 2.99760216648792266e-5 1.61420734912098851e2 0.00000000000000000e0 1.77039957327540492e2 3.85025344940004220e-5 1.82139770465994360e2 -1.43884903991420271e-5 2.04170674511505723e2 -1.60316204755872604e-5 2.06018340165314811e2 -1.77635683940025013e-5 2.28267037871709931e2 1.95843341543877580e-5 2.33533614180103626e2 -2.14939177567430272e-5 2.49532771667837437e2 4.69846384021366112e-5 2.62631292713422170e2 -2.55795384873636033e-5 2.70030255100639522e2 -1.03620541835880431e2 -1.77635683940025046e-7 -9.72679700783629499e1 -1.77635683940025046e-7 -1.22227437060473676e2 -2.77555756156289082e-7 -1.68493899943555874e2 -1.59872115546022521e-6 -1.92624449191214325e2 -1.63202784619897990e-6 -2.42340970357801638e2 -7.10542735760100186e-6 -2.64855881937364757e2 1.79856129989275338e-6 -3.13016712949476471e2 -6.66133814775093840e-6 -3.40374328722248208e2 -1.34336985979643920e-6 -3.80636531094324880e2 0.00000000000000000e0 -4.17731430246703837e2 -1.12576614696990890e-5 -4.47727133412456681e2 0.00000000000000000e0 -4.93886599528536806e2 1.64868119156835746e-4 -5.17333725857938020e2 8.52651282912120223e-6 -5.66333926599327242e2 -5.13367126586672317e-5 -5.90983962345248301e2 0.00000000000000000e0 -6.34693117262940973e2 0.00000000000000000e0 -6.67746266547197820e2 -2.22044604925031274e-5 -7.01294684546382882e2 -4.89608353859693950e-6 -7.44564951693504781e2 -5.37347943918575681e-6 -7.69550069001922907e2 -1.17461596005341528e-5 -8.18370585253802346e2 0.00000000000000000e0 -8.41751321445371900e2 0.00000000000000000e0
-1.23759924974820024e1 -4.99600361081320337e-7 2.42893397395249586e1 -3.55271367880050093e-7 -3.31765264149908035e0 2.77555756156289082e-7 4.74152050955467441e0 -1.19904086659516885e-6 1.50014880517801412e1 -1.08801856413265320e-6 -2.12167536872698248e0 -1.42108547152020037e-6 2.30169632686738623e1 -8.99280649946376692e-7 -6.99726676600675890e-1 -2.22044604925031266e-6 2.17534124047347142e1 0.00000000000000000e0 8.49689496540406708e0 -3.19744231092045041e-6 1.40932513659208762e1 -5.62883073484954451e-6 2.03595708292425606e1 -4.35207425653061279e-6 6.40889066261251994e0 -4.24660306919122377e-5 2.81900702781001655e1 2.84217094304040074e-6 4.84127440358861350e0 -3.20854454116670172e-5 2.79389662960483030e1 -3.59712259978550677e-6 1.12353246706220471e1 -1.20237153566904453e-5 2.06459216389731637e1 -4.44089209850062531e-6 2.18987850075791322e1 -9.79216707719387899e-6 1.18068858689923655e1 1.88071780371501491e-4 3.04553124053086286e1 1.17461596005341528e-5 8.01929109783827521e0 -1.91846538655227023e-4 3.20637212780638876e1 -6.93889390390722838e-6 -1.77635683940025046e-7 -1.45054197853156069e2 0.00000000000000000e0 -1.32835451260859827e2 -2.13162820728030056e-6 -1.23497958248730541e2 0.00000000000000000e0 -1.95295833105291166e2 0.00000000000000000e0 -2.03222004369063541e2 0.00000000000000000e0 -2.55605362298183536e2 2.84217094304040074e-6 -2.87955301703224336e2 -1.07913677993565199e-5 -3.14174883886408850e2 -4.44089209850062531e-6 -3.70716963116191039e2 1.07469588783715136e-5 -3.78771054521109761e2 -1.27897692436818017e-5 -4.44541110145024788e2 -7.50510764646605906e-6 -4.53486194107455219e2 8.70414851306122558e-6 -5.08286185640916017e2 0.00000000000000000e0 -5.36176153786982468e2 -1.13686837721616030e-5 -5.67794354267014910e2 -3.85025344940004220e-5 -6.19635831844433824e2 -5.75539615965681083e-5 -6.31031659326097838e2 1.60316204755872604e-5 -6.95844617482066383e2 0.00000000000000000e0 -7.03323217965401341e2 0.00000000000000000e0 -7.61672129012680330e2 -2.14939177567430272e-5 -7.84425364497298460e2 -2.34923192010683056e-5 -8.21846565202122179e2 0.00000000000000000e0 -8.68367024120519886e2
7.99360577730112603e-7 4.48686503951023425e1 0.00000000000000000e0 8.42517479782145386e1 -1.42108547152020037e-6 7.01909546485523919e1 -3.33066907387546920e-6 1.10987282564423126e2 0.00000000000000000e0 1.24175660998204748e2 2.17603712826530640e-6 1.48387546516914881e2 -2.84217094304040074e-6 1.73292856064932693e2 -7.19424519957101353e-6 1.88056674677028440e2 8.88178419700125063e-6 2.20963015939989987e2 5.37347943918575681e-6 2.31588206212052199e2 6.39488462184090083e-6 2.65972044510842693e2 -1.50102152929321181e-5 2.79630169286448847e2 -1.74082970261224512e-5 3.08578110563839687e2 0.00000000000000000e0 3.30821228544664336e2 1.13686837721616030e-5 3.51016312905016946e2 2.56683563293336158e-5 3.82247578389893704e2 1.43884903991420271e-5 3.95909564798735403e2 0.00000000000000000e0 4.31122400001981930e2 5.32907051820075072e-5 4.44611882211010027e2 1.95843341543877580e-5 4.76400338822457968e2 0.00000000000000000e0 4.96369470814883471e2 2.34923192010683056e-5 5.19689245237486716e2 -2.55795384873636033e-5 5.48448161885595255e2 -9.72679700783629499e1 0.00000000000000000e0 -2.98488378014383159e2 3.99680288865056302e-7 -2.36651783325214637e2 -3.99680288865056302e-7 -2.74825301405101584e2 1.19904086659516885e-6 -3.55716652933324383e2 -1.08801856413265320e-6 -4.01098844449165824e2 7.10542735760100186e-6 -4.80921724488325708e2 8.99280649946376692e-7 -5.29430820783716058e2 6.66133814775093840e-6 -6.02861534026999266e2 1.34336985979643920e-6 -6.60592381063196399e2 -3.19744231092045041e-6 -7.22836274036353529e2 9.38138455808257446e-6 -7.91971771185728926e2 2.17603712826530640e-6 -8.44040524050626459e2 -1.59872115546022542e-4 -9.20380321955960312e2 0.00000000000000000e0 -9.69125903793610632e2 5.77538017410006365e-5 -1.04425889992931775e3 3.59712259978550677e-6 -1.09850119880405805e3 -1.20237153566904453e-5 -1.16467095172545487e3 2.66453525910037536e-5 -1.22972059202197647e3 4.89608353859693950e-6 -1.28493537090434961e3 -5.37347943918575681e-6 -1.35920163479852363e3 0.00000000000000000e0 -1.40838957891631321e3 1.27897692436818017e-5 -1.48454685984233925e3 -6.93889390390722838e-6
-5.50162152279654038e1 0.00000000000000000e0 -2.01084221274072625e1 5.32907051820075139e-7 -2.12390673937079555e1 -2.77555756156289082e-7 -7.88253773364999546e1 0.00000000000000000e0 -6.40054105716103408e1 5.44009282066326599e-7 -9.52002643384019933e1 -4.97379915032070130e-6 -9.38019809382240055e1 8.99280649946376692e-7 -1.17773286723021883e2 -3.33066907387546920e-6 -1.25079813173556417e2 1.34336985979643920e-6 -1.39230893125841249e2 1.59872115546022521e-6 -1.57165985825713477e2 0.00000000000000000e0 -1.61385129127111810e2 -2.17603712826530640e-6 -1.87439137988576448e2 -2.49800180540660222e-5 -1.86778752464533682e2 2.84217094304040074e-6 -2.13776900181983365e2 -9.62563362350010551e-6 -2.16366584027127800e2 0.00000000000000000e0 -2.36341846893139945e2 0.00000000000000000e0 -2.48687530746138918e2 -8.88178419700125063e-6 -2.57793164593067502e2 9.79216707719387899e-6 -2.80552637121900204e2 2.47180054202544852e-4 -2.81507452903895228e2 5.87307980026707640e-6 -3.08855071029512260e2 -1.34292577058658908e-4 -3.09455910496580998e2 1.38777878078144568e-5 -1.77635683940025046e-7 -1.32835451260859827e2 3.99680288865056302e-7 -4.13224347539653536e2 0.00000000000000000e0 -2.83414012813842874e2 1.11022302462515633e-6 -3.35031328280166406e2 1.59872115546022521e-6 -4.08911711546888682e2 2.17603712826530640e-6 -4.68023613819923412e2 0.00000000000000000e0 -5.47786389748505712e2 0.00000000000000000e0 -5.99890712660311351e2 4.44089209850062531e-6 -6.85070400174847464e2 0.00000000000000000e0 -7.35146359787108736e2 0.00000000000000000e0 -8.18005081437700596e2 0.00000000000000000e0 -8.74697823327608035e2 0.00000000000000000e0 -9.47110719851096405e2 0.00000000000000000e0 -1.01659462927727873e3 0.00000000000000000e0 -1.07595053820963562e3 0.00000000000000000e0 -1.15709670365227157e3 0.00000000000000000e0 -1.20824860749824120e3 0.00000000000000000e0 -1.29276830129754194e3 -5.32907051820075072e-5 -1.34570343488515914e3 3.91686683087755160e-5 -1.42307949495545904e3 4.29878355134860545e-5 -1.48712068033240962e3 -4.69846384021366112e-5 -1.55150882221732877e3 5.11590769747272066e-5 -1.62880991333436145e3
1.42108547152020037e-6 2.88286926775072061e1 7.10542735760100186e-7 5.88656405398069182e1 -7.10542735760100186e-7 1.26948739165300140e2 0.00000000000000000e0 6.99808971660331736e1 0.00000000000000000e0 1.33452172690340376e2 2.17603712826530640e-6 1.41459823765899273e2 2.84217094304040074e-6 1.58519478943297514e2 3.59712259978550677e-6 2.00770046143716712e2 4.44089209850062531e-6 1.91623592515899304e2 -1.61204383175572730e-5 2.51633330172751329e2 0.00000000000000000e0 2.37609554121220896e2 -2.25153229393981780e-5 2.92034457860523787e2 0.00000000000000000e0 2.95969438957044417e2 -1.99840144432528177e-5 3.25719824445513950e2 -1.13686837721616030e-5 3.59117297499267295e2 1.28341781646668079e-5 3.61244986724074067e2 -5.75539615965681083e-5 4.17522437634598703e2 -1.60316204755872604e-5 4.06689459886422298e2 -5.32907051820075072e-5 4.65250308878672911e2 0.00000000000000000e0 4.64432702740324942e2 0.00000000000000000e0 5.02986088390944133e2 -2.34923192010683056e-5 5.28230515328686920e2 -2.55795384873636033e-5 5.37961779289997139e2 -1.22227437060473676e2 -2.13162820728030056e-6 -2.36651783325214637e2 0.00000000000000000e0 -5.71438852148276055e2 7.10542735760100186e-7 -4.31169460135549741e2 -2.13162820728030056e-6 -4.49778336175654601e2 7.10542735760100186e-7 -5.93449470143170174e2 -2.13162820728030056e-5 -6.25655044927952986e2 0.00000000000000000e0 -7.60722091719401192e2 -1.55431223447521882e-5 -8.11127476296746750e2 2.68673971959287840e-6 -9.17812201262080293e2 -1.59872115546022521e-6 -1.00330628924893961e3 -3.37729844090972687e-5 -1.07283184220818862e3 0.00000000000000000e0 -1.19182889601887587e3 9.49240686054508842e-5 -1.23640696680915607e3 8.52651282912120223e-6 -1.36774277734730276e3 -1.66844316140668498e-4 -1.41417431023249651e3 0.00000000000000000e0 -1.52933470207727828e3 -8.01581023779363022e-6 -1.60324906719466753e3 -1.02140518265514388e-4 -1.68425877689060121e3 9.79216707719387899e-6 -1.79327408402762921e3 -1.07469588783715136e-5 -1.84418102371353120e3 5.87307980026707640e-6 -1.97349924366818595e3 -6.39488462184090083e-6 -2.01725328281554516e3 -1.38777878078144568e-5
-3.62594251845926792e1 2.77555756156289082e-7 -3.51973886036915857e1 2.77555756156289082e-7 -1.15306860948294343e1 -2.77555756156289082e-7 8.42667602363178325e0 -7.99360577730112603e-7 -5.87571415522347635e1 -1.08801856413265320e-6 -5.19425567890863178e1 -4.97379915032070130e-6 -4.20442916038155090e1 0.00000000000000000e0 -7.65612041764285181e1 0.00000000000000000e0 -5.44733946838959966e1 -1.34336985979643920e-6 -8.73316524430123167e1 0.00000000000000000e0 -7.93108938523800902e1 0.00000000000000000e0 -9.16179111243309450e1 -2.17603712826530640e-6 -1.07545464800296017e2 -3.49720252756924310e-5 -9.83240089347248158e1 2.84217094304040074e-6 -1.30548664856178220e2 -2.24598117881669134e-5 -1.13747293273291902e2 -3.59712259978550677e-6 -1.44426227777216781e2 4.00790511889681511e-6 -1.38255572768031243e2 0.00000000000000000e0 -1.51973100770419450e2 -4.89608353859693950e-6 -1.66412435032015054e2 2.09565698128244521e-4 -1.59997671644873662e2 0.00000000000000000e0 -1.90535159649840523e2 -1.66267000167863416e-4 -1.74596235069657240e2 1.38777878078144568e-5 -2.77555756156289082e-7 -1.23497958248730541e2 -3.99680288865056302e-7 -2.83414012813842874e2 7.10542735760100186e-7 -6.48743764264381070e2 1.11022302462515633e-6 -4.51116062105683056e2 1.59872115546022521e-6 -4.41624524871730898e2 2.17603712826530640e-6 -5.71980014996142927e2 2.84217094304040074e-6 -6.21178277115941228e2 1.43884903991420271e-5 -7.09144304389397348e2 -8.88178419700125063e-6 -7.97501622096241590e2 5.37347943918575681e-6 -8.52950200069812922e2 0.00000000000000000e0 -9.63457208513762907e2 7.50510764646605906e-6 -1.00938475768863600e3 8.70414851306122558e-6 -1.11613160463930330e3 0.00000000000000000e0 -1.17742534655462805e3 0.00000000000000000e0 -1.26106004281201194e3 3.85025344940004220e-5 -1.34923556487365181e3 -2.87769807982840541e-5 -1.40757614148778748e3 0.00000000000000000e0 -1.51489459199183307e3 1.77635683940025013e-5 -1.56316586414906283e3 -1.95843341543877580e-5 -1.66924960369740893e3 2.14939177567430272e-5 -1.72925199127815745e3 2.34923192010683056e-5 -1.81586258989341309e3 -2.55795384873636033e-5 -1.90026749891103464e3
1.11022302462515633e-6 5.72225433703721293e1 -2.22044604925031266e-6 4.47214698606757040e1 -1.11022302462515633e-6 1.26195864869060856e2 1.11022302462515633e-6 1.92714219027223493e2 1.59872115546022521e-6 1.23317125400035351e2 4.35207425653061279e-6 2.00764563862421113e2 2.84217094304040074e-6 2.18097460091826150e2 7.19424519957101353e-6 2.41818872703802839e2 0.00000000000000000e0 2.90411051750982779e2 5.37347943918575681e-6 2.94233335296212260e2 1.27897692436818017e-5 3.53747597570119922e2 -7.50510764646605906e-6 3.58456296067899359e2 -8.70414851306122558e-6 4.09476123008900572e2 -9.99200722162640886e-6 4.31533268852035690e2 1.13686837721616030e-5 4.62746143958803145e2 1.28341781646668079e-5 5.06661210986081244e2 2.87769807982840541e-5 5.20105121848413205e2 3.20632409511745209e-5 5.76801624241340846e2 1.77635683940025013e-5 5.85700539368349951e2 0.00000000000000000e0 6.38623780879754577e2 4.29878355134860545e-5 6.58891026494856419e2 -2.34923192010683056e-5 6.94879085472166366e2 0.00000000000000000e0 7.34132921120789206e2 -1.68493899943555874e2 0.00000000000000000e0 -2.74825301405101584e2 1.11022302462515633e-6 -4.31169460135549741e2 1.11022302462515633e-6 -9.56962358245050268e2 3.33066907387546920e-6 -6.79657017066403910e2 -1.11022302462515633e-6 -7.07523707843549118e2 7.77156117237609409e-6 -8.79388397834190982e2 1.11022302462515633e-6 -9.43212416171235077e2 7.77156117237609409e-6 -1.09598704334246099e3 4.03010957938931824e-6 -1.18341345110017915e3 0.00000000000000000e0 -1.30747888036353265e3 1.31339383813156036e-5 -1.42532818823148955e3 -4.35207425653061279e-6 -1.52069399650400760e3 -1.32394095686549917e-4 -1.66121442601863123e3 2.84217094304040074e-6 -1.74259894265560433e3 9.94648807761677609e-5 -1.88636759648197449e3 1.07913677993565199e-5 -1.97524728573483776e3 4.00790511889681511e-6 -2.10220978420494475e3 6.21724893790087527e-5 -2.21384416576597641e3 9.79216707719387899e-6 -2.31589580872437682e3 0.00000000000000000e0 -2.45019913318600402e3 5.87307980026707640e-6 -2.53547740576287515e3 -1.27897692436818017e-5 -2.67801084987695458e3 0.00000000000000000e0
-7.30914912594471247e1 -1.19904086659516885e-6 -3.39253493297775250e1 -7.99360577730112603e-7 -1.17437002700171433e2 0.00000000000000000e0 -6.95425383945291600e1 -7.59392548843606989e-6 -3.06052703180625905e1 2.17603712826530640e-6 -1.97910550703284088e2 -1.56319401867222041e-5 -1.18737420962133911e2 0.00000000000000000e0 -1.97130847245929857e2 -9.99200722162640717e-6 -1.81754482575513492e2 4.03010957938931824e-6 -2.12960211065649190e2 3.19744231092045041e-6 -2.46169721407341029e2 -1.68864922045486344e-5 -2.33166845609034141e2 0.00000000000000000e0 -3.03051685968114214e2 -1.32394095686549917e-4 -2.66822953731704615e2 -2.84217094304040074e-6 -3.43765111665561562e2 -6.09623462821673389e-5 -3.17982819586504149e2 3.59712259978550677e-6 -3.68580922582850633e2 -4.00790511889681511e-6 -3.81046240649496326e2 -1.77635683940025013e-5 -3.87984631089466291e2 -9.79216707719387899e-6 -4.43159503094037063e2 7.52287121486006072e-5 -4.15735873104949803e2 4.11115586018695331e-5 -4.91469842245351060e2 1.02318153949454413e-4 -4.60282768699471433e2 -6.93889390390722838e-6 -1.59872115546022521e-6 -1.95295833105291166e2 1.19904086659516885e-6 -3.35031328280166406e2 -2.13162820728030056e-6 -4.51116062105683056e2 3.33066907387546920e-6 -1.11576144323777248e3 -1.59872115546022521e-6 -6.97305969921124642e2 4.35207425653061279e-6 -7.32298987315971317e2 0.00000000000000000e0 -8.98451461928128992e2 0.00000000000000000e0 -9.39077282602340688e2 -4.44089209850062531e-6 -1.12345325643525825e3 -1.61204383175572730e-5 -1.15565838338937942e3 -6.39488462184090083e-6 -1.33172948219018053e3 -7.50510764646605906e-6 -1.38981894606260403e3 -2.61124455391836784e-5 -1.52394651897758149e3 -9.99200722162640886e-6 -1.63433533657553198e3 -2.27373675443232059e-5 -1.71415638638983091e3 -2.56683563293336158e-5 -1.87389529173742608e3 -4.31654711974260795e-5 -1.91770041328975776e3 0.00000000000000000e0 -2.09432272857412681e3 -3.55271367880050025e-5 -2.14213474888369456e3 1.95843341543877580e-5 -2.29280495531725137e3 0.00000000000000000e0 -2.38330529733765616e3 -7.04769576032049236e-5 -2.48270509430881202e3 2.55795384873636033e-5 -2.62650885068937987e3
0.00000000000000000e0 7.01934734337328194e1 0.00000000000000000e0 8.95137819867386355e1 3.19744231092045041e-6 9.33620524889988559e1 0.00000000000000000e0 1.94716780299586361e2 -3.19744231092045041e-6 2.86202639188104456e2 4.35207425653061279e-6 1.83094998362776067e2 8.52651282912120223e-6 2.79464258134964837e2 0.00000000000000000e0 3.17118440307240178e2 -8.88178419700125063e-6 3.24614834212866242e2 -1.07469588783715136e-5 4.09826730951579009e2 0.00000000000000000e0 3.92928715642337863e2 -2.25153229393981780e-5 4.82614296348771120e2 0.00000000000000000e0 4.82199627727109032e2 -9.99200722162640886e-6 5.42156720939601655e2 -1.13686837721616030e-5 5.81798849053072217e2 1.28341781646668079e-5 6.01055110882597774e2 -5.75539615965681083e-5 6.77464410436812159e2 3.20632409511745209e-5 6.71989588418853032e2 -1.77635683940025013e-5 7.59058029731196484e2 -1.95843341543877580e-5 7.60145399913980555e2 2.14939177567430272e-5 8.25640271684413278e2 -4.69846384021366112e-5 8.58600115805074779e2 2.55795384873636033e-5 8.86095939678366335e2 -1.92624449191214325e2 0.00000000000000000e0 -3.55716652933324383e2 1.59872115546022521e-6 -4.49778336175654601e2 1.59872115546022521e-6 -6.79657017066403910e2 -1.59872115546022521e-6 -1.39979699511627564e3 -6.39488462184090083e-6 -9.80709362563558670e2 -6.39488462184090083e-6 -9.64741022357884503e2 0.00000000000000000e0 -1.20598577244557237e3 -1.27897692436818017e-5 -1.25962701158499590e3 3.19744231092045041e-6 -1.45177933461582120e3 0.00000000000000000e0 -1.56172581426972079e3 -3.56492613207137833e-5 -1.69327190144841234e3 2.17603712826530640e-6 -1.86050560824213539e3 8.24340595784178731e-5 -1.94542242315520753e3 5.68434188608080149e-6 -2.14201254493673332e3 6.41708908233340345e-5 -2.21812047533909117e3 0.00000000000000000e0 -2.40181645771997364e3 -8.01581023779363022e-6 -2.50917684661011708e3 -1.19904086659516893e-4 -2.64913209591099940e3 -4.89608353859693950e-6 -2.80491988355890908e3 1.07469588783715136e-5 -2.90023308728848360e3 -5.87307980026707640e-6 -3.08956759882406050e3 1.91846538655227016e-5 -3.16797399193546835e3 2.08166817117216851e-5
-6.73938990169986454e1 5.44009282066326599e-7 -3.77539150497874161e1 -1.08801856413265320e-6 -5.76073503566476575e1 1.08801856413265320e-6 -1.41497720207439642e2 1.08801856413265320e-6 -3.78167753112279499e1 1.08801856413265320e-6 -2.96825042767068190e1 2.13162820728030056e-6 -1.78989799337614386e2 -1.79856129989275338e-6 -1.39830482792646620e2 1.11022302462515633e-6 -1.57706820935743480e2 -1.34336985979643920e-6 -1.88999334271855417e2 4.79616346638067541e-6 -1.84990928175920970e2 -3.75255382323302953e-6 -2.23998305903805345e2 -2.17603712826530640e-6 -2.24874540499797575e2 7.49400541621980665e-6 -2.53453388276980718e2 5.68434188608080149e-6 -2.68476935616490664e2 9.62563362350010551e-6 -2.83649403698404910e2 0.00000000000000000e0 -3.10084442922686719e2 -4.00790511889681511e-6 -3.18254471309842302e2 4.44089209850062531e-6 -3.47340893824821194e2 0.00000000000000000e0 -3.57458476418770431e2 3.76143560743003036e-5 -3.81192181109213323e2 -1.17461596005341528e-5 -3.98678023971754556e2 4.47641923528863049e-5 -4.14418784089320923e2 6.93889390390722838e-6 -1.63202784619897990e-6 -2.03222004369063541e2 -1.08801856413265320e-6 -4.08911711546888682e2 7.10542735760100186e-7 -4.41624524871730898e2 -1.11022302462515633e-6 -6.97305969921124642e2 -6.39488462184090083e-6 -1.51622799799966378e3 -2.17603712826530640e-6 -9.52336530701813899e2 0.00000000000000000e0 -9.37936975986541711e2 -7.19424519957101353e-6 -1.13248181943248460e3 0.00000000000000000e0 -1.20979647076913102e3 0.00000000000000000e0 -1.35723530014786297e3 1.91846538655227016e-5 -1.47247039614661935e3 7.50510764646605906e-6 -1.58977784185942960e3 1.74082970261224512e-5 -1.72656382940727940e3 9.99200722162640886e-6 -1.83160451001640467e3 -4.54747350886464119e-5 -1.97190595010443531e3 0.00000000000000000e0 -2.08096798872681120e3 2.87769807982840541e-5 -2.21193802618646623e3 0.00000000000000000e0 -2.33311610919884015e3 -1.77635683940025013e-5 -2.45178011513136289e3 -1.95843341543877580e-5 -2.58323213153666120e3 0.00000000000000000e0 -2.69525719048813107e3 2.34923192010683056e-5 -2.82898703503064962e3 -2.55795384873636033e-5 -2.94308980658408700e3
-4.35207425653061279e-6 7.26366938152977895e1 0.00000000000000000e0 8.77603194116005483e1 4.35207425653061279e-6 1.50420564093423053e2 4.35207425653061279e-6 1.02402470680829069e2 0.00000000000000000e0 2.71254019201805306e2 4.35207425653061279e-6 3.56815862190273890e2 -5.68434188608080149e-6 2.13592003417417658e2 -3.59712259978550677e-6 3.46301235554236030e2 4.44089209850062531e-6 3.61926015557401058e2 2.14939177567430272e-5 4.01707242669857521e2 6.39488462184090083e-6 4.62028621717180897e2 1.50102152929321181e-5 4.75536374366924917e2 -8.70414851306122558e-6 5.49319449927310188e2 9.99200722162640886e-6 5.63422085519960092e2 -1.13686837721616030e-5 6.29187428402566638e2 0.00000000000000000e0 6.59825784810052937e2 1.43884903991420271e-5 7.07338060679241153e2 1.60316204755872604e-5 7.57559366348914295e2 1.77635683940025013e-5 7.89204028828205196e2 1.95843341543877580e-5 8.50696029841557674e2 2.14939177567430272e-5 8.77331948623271956e2 4.69846384021366112e-5 9.37039732207267548e2 -5.11590769747272066e-5 9.70145380696507686e2 -2.42340970357801638e2 0.00000000000000000e0 -4.01098844449165824e2 2.17603712826530640e-6 -5.93449470143170174e2 2.17603712826530640e-6 -7.07523707843549118e2 4.35207425653061279e-6 -9.80709362563558670e2 -2.17603712826530640e-6 -1.99737037060998523e3 0.00000000000000000e0 -1.33336297096775525e3 -4.35207425653061279e-6 -1.34306390249250262e3 0.00000000000000000e0 -1.59934365306924042e3 -4.35207425653061279e-6 -1.69032779684385991e3 2.17603712826530640e-6 -1.90891524667335921e3 2.17603712826530640e-6 -2.03628006523182171e3 0.00000000000000000e0 -2.21726223870177773e3 -2.49800180540660222e-6 -2.38040615219148322e3 5.68434188608080149e-6 -2.53012941584529472e3 -1.92512672470002110e-5 -2.71664678717087281e3 -3.59712259978550677e-6 -2.85237250938763464e3 0.00000000000000000e0 -3.04257260266282947e3 4.44089209850062531e-6 -3.18384547171035547e3 -4.89608353859693950e-6 -3.36104480287424622e3 -5.37347943918575681e-6 -3.51982022106511704e3 -1.17461596005341528e-5 -3.67823284759260969e3 6.39488462184090083e-6 -3.85402424853964430e3 0.00000000000000000e0
-8.82303694993424870e1 -6.39488462184090167e-6 -4.58927914337436960e1 -7.10542735760100186e-6 -1.00090959165299864e2 -1.42108547152020037e-6 -1.12616702629964024e2 -2.91322521661641076e-5 -1.92228944762007330e2 1.13686837721616030e-5 -1.23674413021745963e2 -7.10542735760100186e-7 -2.36342117432286614e1 1.34892097491956503e-5 -3.27954275336494959e2 -4.10782519111307852e-5 -1.85617876624632999e2 -1.34336985979643920e-6 -2.72776677245900601e2 -4.79616346638067541e-6 -2.93379848415042886e2 -7.69273533762771102e-5 -2.69079963999274753e2 1.08801856413265324e-5 -3.82077172567107880e2 7.49400541621980665e-6 -2.96342740346844380e2 3.69482222595252097e-5 -4.36988034380192403e2 -1.66844316140668498e-4 -3.61086214439865159e2 7.19424519957101353e-6 -4.57667649378379281e2 -4.00790511889681511e-6 -4.52890056079624514e2 -1.11022302462515640e-4 -4.64151952428437596e2 1.46882506157908176e-5 -5.46106004817303756e2 -5.37347943918575681e-6 -4.84285758695079892e2 1.70319314207745211e-4 -6.14100617690737977e2 3.83693077310454033e-5 -5.36621038804696468e2 2.08166817117216851e-5 -7.10542735760100186e-6 -2.55605362298183536e2 7.10542735760100186e-6 -4.68023613819923412e2 -2.13162820728030056e-5 -5.71980014996142927e2 7.77156117237609409e-6 -7.32298987315971317e2 -6.39488462184090083e-6 -9.52336530701813899e2 0.00000000000000000e0 -2.11505856100302481e3 -2.84217094304040074e-6 -1.30861275575711011e3 -3.59712259978550677e-6 -1.23454490852381559e3 -4.44089209850062531e-6 -1.56213097700641492e3 -2.14939177567430272e-5 -1.53349673279734566e3 6.39488462184090083e-6 -1.83969396612138098e3 0.00000000000000000e0 -1.86200251506285463e3 -8.70414851306122558e-6 -2.08480943758582180e3 -2.99760216648792266e-5 -2.21367915003156668e3 -1.13686837721616030e-5 -2.32268001789659411e3 0.00000000000000000e0 -2.55806733036045807e3 -8.63309423948521590e-5 -2.58476196131063307e3 4.80948614267617813e-5 -2.86570055241241971e3 -1.06581410364015014e-4 -2.88856490766597972e3 1.95843341543877580e-5 -3.12870896768124840e3 -2.14939177567430272e-5 -3.22824749864336536e3 -7.04769576032049236e-5 -3.37116266422299259e3 -5.11590769747272066e-5 -3.57534286204996852e3
2.84217094304040074e-6 1.01469214541793917e2 2.84217094304040074e-6 1.17772702878937707e2 2.84217094304040074e-6 1.77231461861993012e2 5.68434188608080149e-6 2.33298780472068756e2 -2.84217094304040074e-6 1.82259682901531050e2 5.68434188608080149e-6 4.05900755140464753e2 0.00000000000000000e0 5.04195202211121796e2 3.59712259978550677e-6 3.30650962609979615e2 -8.88178419700125063e-6 4.84667654632175982e2 5.37347943918575681e-6 5.26353213103902817e2 -6.39488462184090083e-6 5.56546501684351824e2 -7.50510764646605906e-6 6.50179981676046737e2 0.00000000000000000e0 6.57217427146861155e2 0.00000000000000000e0 7.52605015463814198e2 0.00000000000000000e0 7.76030386961945510e2 0.00000000000000000e0 8.45949447692006970e2 -4.31654711974260795e-5 9.00948674720236568e2 3.20632409511745209e-5 9.41724702663293442e2 -3.55271367880050025e-5 1.02069641069180125e3 -1.95843341543877580e-5 1.04757649594944269e3 2.14939177567430272e-5 1.12942792612757944e3 -2.34923192010683056e-5 1.16338747275790388e3 5.11590769747272066e-5 1.22883893338698863e3 -2.64855881937364757e2 2.84217094304040074e-6 -4.80921724488325708e2 0.00000000000000000e0 -6.25655044927952986e2 2.84217094304040074e-6 -8.79388397834190982e2 0.00000000000000000e0 -9.64741022357884503e2 0.00000000000000000e0 -1.33336297096775525e3 -2.84217094304040074e-6 -2.61981462017502054e3 5.68434188608080149e-6 -1.72949521863863220e3 2.84217094304040074e-6 -1.69367062596847950e3 -5.68434188608080149e-6 -2.00931548914873292e3 -8.52651282912120223e-6 -2.10246294614080352e3 2.84217094304040074e-6 -2.34725122103540707e3 -2.84217094304040074e-6 -2.50585929340019175e3 -1.13686837721616030e-5 -2.69001978692173816e3 5.68434188608080149e-6 -2.89920409386468236e3 -9.62563362350010551e-6 -3.04682337226580512e3 -3.59712259978550677e-6 -3.27518067386733901e3 4.00790511889681511e-6 -3.42095472465331341e3 -1.77635683940025013e-5 -3.63570793027179161e3 4.89608353859693950e-6 -3.80627499678709501e3 -5.37347943918575681e-6 -3.99043636392093458e3 -5.87307980026707640e-6 -4.19162985676457720e3 6.39488462184090083e-6 -4.35055509058201915e3 -6.93889390390722838e-6
-1.02316521954914904e2 8.99280649946376692e-7 -5.09121130254364047e1 0.00000000000000000e0 -1.11552456172336875e2 0.00000000000000000e0 -1.44884926278621123e2 8.99280649946376692e-7 -1.32021481746846774e2 -8.99280649946376692e-7 -3.06046126308245846e2 1.79856129989275338e-6 -1.02417826042255911e2 8.99280649946376692e-7 -9.91348859002982721e1 2.22044604925031266e-6 -3.70336432631290734e2 1.34336985979643920e-6 -2.76940049115381726e2 4.79616346638067541e-6 -3.31386182494952607e2 1.87627691161651477e-6 -3.61065002474347864e2 -2.17603712826530640e-6 -3.69751680473484555e2 3.74700270810990332e-5 -4.26315333035276467e2 -2.84217094304040074e-6 -4.26303586209542118e2 2.56683563293336158e-5 -4.81704374832858605e2 -3.59712259978550677e-6 -4.91546688152766308e2 0.00000000000000000e0 -5.32906470995797577e2 4.44089209850062531e-6 -5.59137465216963278e2 9.79216707719387899e-6 -5.84863950470193458e2 1.50457424297201214e-4 -6.24232549739645037e2 -1.17461596005341528e-5 -6.40846834532027060e2 1.02318153949454413e-4 -6.84410122175904576e2 6.93889390390722838e-6 1.79856129989275338e-6 -2.87955301703224336e2 8.99280649946376692e-7 -5.47786389748505712e2 0.00000000000000000e0 -6.21178277115941228e2 1.11022302462515633e-6 -8.98451461928128992e2 0.00000000000000000e0 -9.37936975986541711e2 -4.35207425653061279e-6 -1.30861275575711011e3 5.68434188608080149e-6 -2.75029292180484163e3 3.59712259978550677e-6 -1.65985709732474584e3 4.44089209850062531e-6 -1.61358339944017712e3 1.07469588783715136e-5 -1.89539071477895482e3 -6.39488462184090083e-6 -1.98247896181502665e3 0.00000000000000000e0 -2.20701455524441280e3 -8.70414851306122558e-6 -2.34053924241806044e3 -1.99840144432528177e-5 -2.52429121587738337e3 1.13686837721616030e-5 -2.69268979470327304e3 3.85025344940004220e-5 -2.84875492635450155e3 0.00000000000000000e0 -3.03663718375091184e3 0.00000000000000000e0 -3.18197241000461827e3 3.55271367880050025e-5 -3.37231916621716300e3 -3.91686683087755160e-5 -3.52249775064095138e3 -6.44817532702290919e-5 -3.70254547159554068e3 0.00000000000000000e0 -3.86616463003974741e3 0.00000000000000000e0 -4.03177741192806161e3
0.00000000000000000e0 9.47823351804544103e1 -3.59712259978550677e-6 1.21982948941834465e2 0.00000000000000000e0 1.86487929099143884e2 3.59712259978550677e-6 2.03198998827147619e2 3.59712259978550677e-6 2.98214927552109486e2 0.00000000000000000e0 2.01178232472898316e2 -3.59712259978550677e-6 4.78228071942865483e2 -3.59712259978550677e-6 6.07332298452334271e2 4.44089209850062531e-6 3.35369427029164001e2 -2.68673971959287849e-5 5.73303072615161000e2 0.00000000000000000e0 5.58659175720066401e2 -1.50102152929321181e-5 6.36681020305118636e2 1.74082970261224512e-5 7.07561148471924525e2 9.99200722162640886e-6 7.21404523718049859e2 -1.13686837721616030e-5 8.38098572941703310e2 -1.28341781646668079e-5 8.26619895732960572e2 -7.19424519957101303e-5 9.50884066375223824e2 -4.80948614267617813e-5 9.51717695762965718e2 -1.24344978758017505e-4 1.04913032771269923e3 -3.91686683087755160e-5 1.08951737347595667e3 4.29878355134860545e-5 1.14136118443131068e3 -7.04769576032049236e-5 1.22581956105705081e3 7.67386154620908065e-5 1.23895958770159359e3 -3.13016712949476471e2 -1.07913677993565199e-5 -5.29430820783716058e2 0.00000000000000000e0 -7.60722091719401192e2 1.43884903991420271e-5 -9.43212416171235077e2 0.00000000000000000e0 -1.20598577244557237e3 -7.19424519957101353e-6 -1.34306390249250262e3 -3.59712259978550677e-6 -1.72949521863863220e3 3.59712259978550677e-6 -3.41952514624210789e3 -3.59712259978550677e-6 -2.19358580633155452e3 0.00000000000000000e0 -2.16086325690589820e3 0.00000000000000000e0 -2.52849140665034565e3 -1.79856129989275326e-5 -2.60681181156741150e3 -7.19424519957101353e-6 -2.93758516409781078e3 2.15827355987130398e-5 -3.05474787465342979e3 0.00000000000000000e0 -3.33633788613951765e3 3.95683485976405723e-5 -3.51141802932275414e3 7.19424519957101353e-6 -3.72960669707822444e3 4.00790511889681511e-6 -3.96697661626532727e3 -2.48689957516035011e-4 -4.13046192804244947e3 -9.79216707719387899e-6 -4.40872070490705300e3 0.00000000000000000e0 -4.54981770143802987e3 5.87307980026707640e-6 -4.82994342054787649e3 6.39488462184090083e-6 -4.98932829771092565e3 6.93889390390722838e-6
-1.02780869370988611e2 -6.66133814775093840e-6 -5.61666435583418817e1 -3.33066907387546920e-6 -9.68475200036067321e1 -3.33066907387546920e-6 -1.47389406235376413e2 -2.22044604925031274e-5 -1.37629042562537023e2 8.88178419700125063e-6 -2.01886879924728618e2 -5.32907051820075072e-5 -2.99864737485222577e2 1.44328993201270333e-5 -1.51477929799526095e2 -4.88498130835068810e-5 -4.18454781936361471e1 -5.37347943918575681e-6 -4.45287500605573371e2 -3.19744231092045041e-6 -2.93790854044573223e2 -1.01318953227291799e-4 -3.31523585384019327e2 2.17603712826530648e-5 -4.29157285175563118e2 9.99200722162640886e-6 -3.32716824091860985e2 4.83169060316868126e-5 -5.10676511566998670e2 -1.76469949764168605e-4 -3.94301773409821919e2 1.79856129989275326e-5 -5.40336231757976179e2 -4.00790511889681511e-6 -5.00197636688071157e2 -1.50990331349021262e-4 -5.42933715763638133e2 2.93765012315816353e-5 -6.16546487464120105e2 1.07469588783715136e-5 -5.55718988870523845e2 2.29050112210415992e-4 -7.06061042787808674e2 3.83693077310454033e-5 -6.06748469067497240e2 3.46944695195361419e-5 -6.66133814775093840e-6 -3.14174883886408850e2 6.66133814775093840e-6 -5.99890712660311351e2 -1.55431223447521882e-5 -7.09144304389397348e2 7.77156117237609409e-6 -9.39077282602340688e2 -1.27897692436818017e-5 -1.13248181943248460e3 0.00000000000000000e0 -1.23454490852381559e3 2.84217094304040074e-6 -1.65985709732474584e3 -3.59712259978550677e-6 -3.41304862150337794e3 8.88178419700125063e-6 -2.10068717330091886e3 -2.14939177567430272e-5 -1.88487631582745485e3 1.27897692436818017e-5 -2.35731596628374655e3 -1.50102152929321181e-5 -2.31055910813182618e3 -1.74082970261224512e-5 -2.66069158205706208e3 0.00000000000000000e0 -2.76158324652442388e3 0.00000000000000000e0 -2.94963518485680197e3 -2.56683563293336158e-5 -3.20924239503028684e3 -8.63309423948521590e-5 -3.26450788376009268e3 3.20632409511745209e-5 -3.61251373259818774e3 -1.42108547152020010e-4 -3.63341494361568630e3 1.95843341543877580e-5 -3.95574390714692436e3 2.14939177567430272e-5 -4.05426887447601803e3 4.69846384021366112e-5 -4.26445777890194131e3 5.11590769747272066e-5 -4.49304504712699782e3
0.00000000000000000e0 1.24885901620075387e2 -4.44089209850062531e-6 1.43797391771727206e2 0.00000000000000000e0 2.31208145962114003e2 -8.88178419700125063e-6 2.69852731271669143e2 1.33226762955018768e-5 3.19172954732493906e2 4.44089209850062531e-6 4.20147636681633628e2 4.44089209850062531e-6 3.01312814698917407e2 1.33226762955018768e-5 6.59217160858815873e2 8.88178419700125063e-6 7.90890744006844557e2 1.61204383175572730e-5 4.83182636124013186e2 6.39488462184090083e-6 7.43969508221198225e2 3.00204305858642362e-5 7.57969349507447873e2 2.61124455391836784e-5 8.24861108306151777e2 0.00000000000000000e0 9.29372507840753201e2 2.27373675443232059e-5 9.38266424554967557e2 -2.56683563293336158e-5 1.07362163159763190e3 4.31654711974260795e-5 1.07605183430337070e3 0.00000000000000000e0 1.19935383846581067e3 7.10542735760100050e-5 1.22979789601851394e3 -1.95843341543877580e-5 1.31505155867017720e3 -2.14939177567430272e-5 1.38762803039149640e3 0.00000000000000000e0 1.43230892106771512e3 0.00000000000000000e0 1.53719590528789149e3 -3.40374328722248208e2 -4.44089209850062531e-6 -6.02861534026999266e2 4.44089209850062531e-6 -8.11127476296746750e2 -8.88178419700125063e-6 -1.09598704334246099e3 -4.44089209850062531e-6 -1.25962701158499590e3 0.00000000000000000e0 -1.59934365306924042e3 -4.44089209850062531e-6 -1.69367062596847950e3 4.44089209850062531e-6 -2.19358580633155452e3 8.88178419700125063e-6 -4.23293805340563176e3 -8.88178419700125063e-6 -2.69947289917027410e3 -4.44089209850062531e-6 -2.61520828033212592e3 8.88178419700125063e-6 -3.04232559060757558e3 8.88178419700125063e-6 -3.12735831080601611e3 2.08721928629529402e-4 -3.47990921079066584e3 0.00000000000000000e0 -3.63495000783586875e3 2.13162820728030029e-4 -3.91516089370824648e3 0.00000000000000000e0 -4.14174370959585667e3 1.33226762955018768e-5 -4.35605748827505522e3 1.95399252334027524e-4 -4.63686459895029566e3 4.89608353859693950e-6 -4.81288971796445185e3 -5.37347943918575681e-6 -5.11286334354821247e3 5.87307980026707640e-6 -5.28933640380202360e3 -6.39488462184090083e-6 -5.57104642098238310e3 0.00000000000000000e0
-1.34943512097862595e2 1.34336985979643920e-6 -6.53207320788773416e1 -1.34336985979643920e-6 -1.58606386468918004e2 -1.34336985979643920e-6 -1.74020554799536569e2 0.00000000000000000e0 -2.05200602110266999e2 1.34336985979643920e-6 -2.94601315609099800e2 -1.34336985979643920e-6 -2.38717328215898306e2 0.00000000000000000e0 -5.23198956958736858e2 -1.34336985979643920e-6 -1.90157818380498583e2 0.00000000000000000e0 -1.83882352500219753e2 0.00000000000000000e0 -6.18726944878744575e2 -1.87627691161651477e-6 -4.35669247345060796e2 4.35207425653061279e-6 -5.51283312866246320e2 -6.49480469405716576e-5 -5.55866582763187012e2 5.68434188608080149e-6 -5.94239759266201872e2 -3.85025344940004220e-5 -6.55541264604764137e2 -3.59712259978550677e-6 -6.57977752283045334e2 4.00790511889681511e-6 -7.43362113864165508e2 -1.33226762955018768e-5 -7.34847613870215241e2 4.89608353859693950e-6 -8.20728818906601873e2 1.45083944858015457e-4 -8.22266116173864134e2 2.34923192010683056e-5 -8.89567394501966419e2 -3.45323769579408636e-4 -9.15726886319134678e2 6.93889390390722838e-6 -1.34336985979643920e-6 -3.70716963116191039e2 1.34336985979643920e-6 -6.85070400174847464e2 2.68673971959287840e-6 -7.97501622096241590e2 4.03010957938931824e-6 -1.12345325643525825e3 3.19744231092045041e-6 -1.20979647076913102e3 -4.35207425653061279e-6 -1.56213097700641492e3 -5.68434188608080149e-6 -1.61358339944017712e3 0.00000000000000000e0 -2.10068717330091886e3 -8.88178419700125063e-6 -4.34716122317269037e3 5.37347943918575681e-6 -2.54911772170629501e3 -6.39488462184090083e-6 -2.46192413613233202e3 -1.50102152929321181e-5 -2.83450001399287930e3 0.00000000000000000e0 -2.92103224858175645e3 -1.99840144432528177e-5 -3.23821043082261895e3 0.00000000000000000e0 -3.36700797212152702e3 2.56683563293336158e-5 -3.64379245256785043e3 -2.87769807982840541e-5 -3.81450519241210986e3 -4.80948614267617813e-5 -4.04813564003347847e3 1.77635683940025013e-5 -4.26099501972254529e3 1.95843341543877580e-5 -4.45470540659798007e3 -1.07469588783715140e-4 -4.70154449961901355e3 4.69846384021366112e-5 -4.87075849733287123e3 -2.55795384873636033e-5 -5.13165650944946719e3
0.00000000000000000e0 1.23954612307741726e2 0.00000000000000000e0 1.57034622239038413e2 -5.37347943918575681e-6 2.33518552317235589e2 0.00000000000000000e0 2.82635453707769102e2 -1.61204383175572730e-5 3.50093840539855648e2 -1.07469588783715136e-5 3.91383882236695456e2 0.00000000000000000e0 4.92120581885302443e2 -2.68673971959287849e-5 3.71346596539368022e2 0.00000000000000000e0 7.52164246131670097e2 -6.98552327094148495e-5 9.54290673638169437e2 -6.39488462184090083e-6 5.16014800666653173e2 -5.25357535252624143e-5 8.69371842426858052e2 -2.61124455391836784e-5 8.51477204788508743e2 -2.99760216648792266e-5 9.25602102164191251e2 -2.27373675443232059e-5 1.06480037826983676e3 1.28341781646668079e-5 1.02350833226516602e3 -2.01438865587988376e-4 1.23316122584427035e3 3.20632409511745209e-5 1.16689596101338111e3 -1.59872115546022515e-4 1.35909736243000611e3 -3.91686683087755160e-5 1.34952997363768645e3 0.00000000000000000e0 1.45690084806249183e3 0.00000000000000000e0 1.54442386559594502e3 0.00000000000000000e0 1.55422145986516830e3 -3.80636531094324880e2 1.07469588783715136e-5 -6.60592381063196399e2 0.00000000000000000e0 -9.17812201262080293e2 5.37347943918575681e-6 -1.18341345110017915e3 -1.61204383175572730e-5 -1.45177933461582120e3 0.00000000000000000e0 -1.69032779684385991e3 -2.14939177567430272e-5 -2.00931548914873292e3 1.07469588783715136e-5 -2.16086325690589820e3 -2.14939177567430272e-5 -2.69947289917027410e3 5.37347943918575681e-6 -5.18588003064479562e3 -5.37347943918575681e-6 -3.28985829298744602e3 -5.91082738310433274e-5 -3.12856685011908621e3 0.00000000000000000e0 -3.67928628772773391e3 1.07469588783715136e-5 -3.68751659207688954e3 1.07469588783715136e-5 -4.16254954416217515e3 5.37347943918575681e-6 -4.26497637673328609e3 0.00000000000000000e0 -4.61973690022432402e3 -4.29878355134860545e-5 -4.85886895242870742e3 5.37347943918575681e-6 -5.07518517878224793e3 0.00000000000000000e0 -5.43776732242484559e3 3.11661807472773944e-4 -5.56132847808754559e3 1.46826995006676898e-4 -5.97489703868525430e3 4.09272615797817653e-4 -6.09488863858587047e3 5.55111512312578270e-5
-1.22656014944766397e2 -1.59872115546022521e-6 -6.69750814807912178e1 3.19744231092045041e-6 -1.09181294405402681e2 -4.79616346638067541e-6 -1.81414104538646342e2 -1.59872115546022521e-6 -1.39358977158110491e2 -1.59872115546022521e-6 -2.64181121689688268e2 -3.19744231092045041e-6 -2.25223715233369148e2 -1.59872115546022521e-6 -2.86963509354975997e2 -7.99360577730112540e-6 -4.90042899592424362e2 -3.19744231092045041e-6 -1.62599424413656379e2 -1.59872115546022521e-6 -1.07722189568448798e2 -1.31339383813156036e-5 -6.01872505479050915e2 6.52811138479591961e-6 -4.36620100252582631e2 -9.74220704108574864e-5 -4.53853604698295499e2 1.13686837721616030e-5 -5.76840955091029173e2 -5.77538017410006365e-5 -4.81448486988611478e2 -3.59712259978550677e-6 -6.47557737032400269e2 8.01581023779363022e-6 -5.74380369355864673e2 -2.22044604925031274e-5 -6.75966660423909957e2 1.46882506157908176e-5 -6.95359331714939685e2 3.22408766351145459e-5 -6.97819814376998579e2 7.04769576032049236e-5 -8.05527099423386289e2 9.59232693276135115e-5 -7.44927959317465024e2 6.93889390390722838e-6 0.00000000000000000e0 -3.78771054521109761e2 -3.19744231092045041e-6 -7.35146359787108736e2 -1.59872115546022521e-6 -8.52950200069812922e2 0.00000000000000000e0 -1.15565838338937942e3 0.00000000000000000e0 -1.35723530014786297e3 2.17603712826530640e-6 -1.53349673279734566e3 -8.52651282912120223e-6 -1.89539071477895482e3 0.00000000000000000e0 -1.88487631582745485e3 -4.44089209850062531e-6 -2.54911772170629501e3 -5.37347943918575681e-6 -5.08464114972184598e3 0.00000000000000000e0 -3.04356376450432072e3 -7.50510764646605906e-6 -2.75077388462996396e3 0.00000000000000000e0 -3.28880623734484334e3 2.99760216648792266e-5 -3.30022538435059687e3 -2.27373675443232059e-5 -3.64720082682845577e3 -2.56683563293336158e-5 -3.84225261647053094e3 -5.75539615965681083e-5 -4.02187952175392365e3 0.00000000000000000e0 -4.35091927375452724e3 -5.32907051820075072e-5 -4.44295263749561127e3 -1.95843341543877580e-5 -4.80358661403279530e3 -2.14939177567430272e-5 -4.91820895606176327e3 -2.34923192010683056e-5 -5.21277617551163439e3 7.67386154620908065e-5 -5.42420825616618549e3
0.00000000000000000e0 1.42576702444330266e2 1.27897692436818017e-5 1.68755710205914482e2 1.27897692436818017e-5 2.73758251267963658e2 -6.39488462184090083e-6 3.02961847609139966e2 0.00000000000000000e0 4.03907154122862210e2 1.91846538655227016e-5 4.49088056342361540e2 1.27897692436818017e-5 5.06867993976811647e2 1.27897692436818017e-5 6.32329593486247063e2 0.00000000000000000e0 4.53872107897268450e2 2.55795384873636033e-5 9.55320392392877579e2 -6.39488462184090083e-6 1.13014264826460908e3 3.75255382323302978e-5 6.61204358465283690e2 0.00000000000000000e0 1.02810853590540296e3 0.00000000000000000e0 1.03817187167010138e3 1.13686837721616030e-5 1.10654015870181843e3 -1.28341781646668079e-5 1.25938831843086496e3 1.00719432793994188e-4 1.23595301033674309e3 0.00000000000000000e0 1.43192100736655425e3 1.06581410364015014e-4 1.40589124981715918e3 0.00000000000000000e0 1.56902475652032058e3 0.00000000000000000e0 1.60134261690814105e3 2.34923192010683056e-5 1.69061192565322904e3 0.00000000000000000e0 1.79835282082541084e3 -4.17731430246703837e2 -1.27897692436818017e-5 -7.22836274036353529e2 0.00000000000000000e0 -1.00330628924893961e3 0.00000000000000000e0 -1.30747888036353265e3 -6.39488462184090083e-6 -1.56172581426972079e3 1.91846538655227016e-5 -1.90891524667335921e3 6.39488462184090083e-6 -2.10246294614080352e3 -6.39488462184090083e-6 -2.52849140665034565e3 1.27897692436818017e-5 -2.61520828033212592e3 -6.39488462184090083e-6 -3.28985829298744602e3 0.00000000000000000e0 -6.21049503024550995e3 1.91846538655227016e-5 -3.91380823590026284e3 6.39488462184090083e-6 -3.71687475269055722e3 1.91846538655227023e-4 -4.30201667289686884e3 -6.39488462184090083e-6 -4.35038665500542265e3 1.98241423277067925e-4 -4.81906357845396269e3 -6.39488462184090083e-6 -4.98527826859884681e3 6.39488462184090083e-6 -5.32817129981211201e3 1.47082346302340711e-4 -5.61921035924228727e3 -1.91846538655227016e-5 -5.84949389086375413e3 -6.39488462184090083e-6 -6.22903204661184827e3 -1.27897692436818017e-5 -6.40345346343273832e3 -4.47641923528863049e-5 -6.80175442369090797e3 6.93889390390722838e-6
-1.59960646561874171e2 -9.38138455808257446e-6 -7.83942360471634601e1 -7.50510764646605906e-6 -1.86095602239255726e2 -7.50510764646605906e-6 -2.04401300918366530e2 -3.37729844090972687e-5 -2.47498205152574286e2 1.12576614696990890e-5 -3.25161903091952752e2 -1.12576614696990887e-4 -3.13445644906096277e2 2.25153229393981780e-5 -4.59757858184417444e2 -1.01318953227291799e-4 -3.68574455400505428e2 -7.50510764646605906e-6 -7.44800446028648253e2 -1.12576614696990890e-5 -2.97700469076289608e2 0.00000000000000000e0 -2.29721288214079806e2 6.74571509762244978e-5 -9.12124948193593241e2 -2.49800180540660222e-6 -5.71488996126134907e2 1.10844666778575629e-4 -7.82164056545298081e2 0.00000000000000000e0 -7.47692242430986084e2 1.79856129989275326e-5 -7.96675993974815697e2 -8.01581023779363022e-6 -9.00532578018697905e2 4.44089209850062531e-6 -8.44455350090811294e2 2.93765012315816353e-5 -1.02483095250072142e3 1.07469588783715136e-5 -9.29686698825093913e2 3.75877107217092890e-4 -1.11073017197149647e3 1.27897692436818017e-5 -1.05218221335690009e3 4.85722573273505986e-5 -1.12576614696990890e-5 -4.44541110145024788e2 9.38138455808257446e-6 -8.18005081437700596e2 -3.37729844090972687e-5 -9.63457208513762907e2 1.31339383813156036e-5 -1.33172948219018053e3 -3.56492613207137833e-5 -1.47247039614661935e3 2.17603712826530640e-6 -1.83969396612138098e3 2.84217094304040074e-6 -1.98247896181502665e3 -1.79856129989275326e-5 -2.35731596628374655e3 8.88178419700125063e-6 -2.46192413613233202e3 -5.91082738310433274e-5 -3.04356376450432072e3 1.91846538655227016e-5 -6.27583119743313546e3 -3.00204305858642362e-5 -3.60991678745037279e3 8.70414851306122558e-6 -3.42323909968689213e3 -9.99200722162640886e-6 -3.95321014821092831e3 0.00000000000000000e0 -3.95628525187152673e3 -2.56683563293336158e-5 -4.44788707305576645e3 -1.15107923193136217e-4 -4.49514653296789766e3 4.80948614267617813e-5 -4.91616334752364946e3 -1.95399252334027524e-4 -5.06066589104347986e3 7.83373366175510319e-5 -5.36005737417077853e3 -6.44817532702290919e-5 -5.63684270633579672e3 0.00000000000000000e0 -5.81106028576527842e3 -5.11590769747272066e-5 -6.19427057563237668e3
-1.50102152929321181e-5 1.56358050418248268e2 0.00000000000000000e0 1.91553913175823737e2 7.50510764646605906e-6 2.87391848763363157e2 7.50510764646605906e-6 3.57956221774813400e2 0.00000000000000000e0 4.14001303594702165e2 -7.50510764646605906e-6 5.25055687328190970e2 0.00000000000000000e0 5.54107373629264657e2 -3.00204305858642362e-5 6.56449971003780888e2 -7.50510764646605906e-6 7.48382308612960514e2 -6.00408611717284725e-5 5.87981421817929231e2 -7.50510764646605906e-6 1.12792929161109623e3 -6.00408611717284725e-5 1.35914711330009663e3 -8.70414851306122558e-6 7.86093238014373810e2 -2.99760216648792266e-5 1.20790046147511998e3 -4.54747350886464119e-5 1.24100349494504781e3 1.28341781646668079e-5 1.27227878703450892e3 -2.01438865587988376e-4 1.49789358054874833e3 1.60316204755872604e-5 1.41240267419462407e3 -1.77635683940025019e-4 1.67856951565070767e3 1.95843341543877580e-5 1.61677646701718936e3 -6.44817532702290919e-5 1.80561438680726405e3 -4.69846384021366112e-5 1.85458880164191009e3 -2.55795384873636033e-5 1.91554668940163742e3 -4.47727133412456681e2 -7.50510764646605906e-6 -7.91971771185728926e2 0.00000000000000000e0 -1.07283184220818862e3 7.50510764646605906e-6 -1.42532818823148955e3 -7.50510764646605906e-6 -1.69327190144841234e3 7.50510764646605906e-6 -2.03628006523182171e3 0.00000000000000000e0 -2.34725122103540707e3 0.00000000000000000e0 -2.60681181156741150e3 -1.50102152929321181e-5 -3.04232559060757558e3 -1.50102152929321181e-5 -3.12856685011908621e3 -7.50510764646605906e-6 -3.91380823590026284e3 -3.00204305858642362e-5 -7.29463026480914414e3 2.25153229393981780e-5 -4.60918192146664205e3 -2.55173659979846033e-4 -4.28380307226916557e3 1.50102152929321181e-5 -5.00859595149449888e3 -2.70183875272778150e-4 -4.98930901597915908e3 -7.50510764646605906e-6 -5.53967739360672203e3 -2.25153229393981780e-5 -5.70916311311009395e3 -2.32658337040447832e-4 -6.05783899487732833e3 7.50510764646605906e-6 -6.42287117891271373e3 1.27586829989923017e-4 -6.60451838783160292e3 9.00612917575927121e-5 -7.08907658788504432e3 3.60245167030370848e-4 -7.21165974937321062e3 3.75255382323302978e-5
-1.50665379150538541e2 -4.35207425653061279e-6 -7.95951121901339178e1 2.17603712826530640e-6 -1.42852115470049029e2 0.00000000000000000e0 -2.17008749459068866e2 4.35207425653061279e-6 -1.77489160346766511e2 0.00000000000000000e0 -3.30516192592611390e2 2.17603712826530640e-6 -2.50557070557988482e2 -4.35207425653061279e-6 -3.99537648165804114e2 2.17603712826530640e-6 -3.96214194786637051e2 4.35207425653061279e-6 -4.00490785334994769e2 4.35207425653061279e-6 -7.65118119261387506e2 4.35207425653061279e-6 -2.21654325693876359e2 -2.17603712826530640e-6 -2.06998691432147524e2 8.49320613838244753e-5 -8.67650681302123417e2 2.84217094304040074e-6 -6.13770419022330316e2 3.85025344940004220e-5 -6.85166115710344911e2 7.19424519957101353e-6 -7.74542251136267510e2 0.00000000000000000e0 -7.24366920090702138e2 4.44089209850062531e-6 -8.68297043155052847e2 -1.46882506157908176e-5 -8.23458600907045366e2 -1.93445259810687248e-4 -9.28456558924039996e2 5.87307980026707640e-6 -9.43579219869761005e2 2.43005615629954236e-4 -9.83447282010274535e2 6.93889390390722838e-6 0.00000000000000000e0 -4.53486194107455219e2 2.17603712826530640e-6 -8.74697823327608035e2 0.00000000000000000e0 -1.00938475768863600e3 -4.35207425653061279e-6 -1.38981894606260403e3 2.17603712826530640e-6 -1.58977784185942960e3 0.00000000000000000e0 -1.86200251506285463e3 -2.84217094304040074e-6 -2.20701455524441280e3 -7.19424519957101353e-6 -2.31055910813182618e3 8.88178419700125063e-6 -2.83450001399287930e3 0.00000000000000000e0 -2.75077388462996396e3 6.39488462184090083e-6 -3.60991678745037279e3 2.25153229393981780e-5 -7.16906637627800956e3 0.00000000000000000e0 -4.17265845376046946e3 -9.99200722162640886e-6 -3.82847002526887081e3 1.13686837721616030e-5 -4.43470559794434303e3 1.28341781646668079e-5 -4.47469670477040836e3 2.87769807982840541e-5 -4.88235392576141749e3 -4.80948614267617813e-5 -5.09153165850761889e3 -1.77635683940025013e-5 -5.35499420756257859e3 1.95843341543877580e-5 -5.67580527213173900e3 -2.14939177567430272e-5 -5.86637642555620641e3 -2.34923192010683056e-5 -6.21993576643831057e3 2.55795384873636033e-5 -6.41511923443749401e3
0.00000000000000000e0 1.59639985142234735e2 0.00000000000000000e0 1.95282689929854286e2 8.70414851306122558e-6 3.11880878278714079e2 0.00000000000000000e0 3.42336850600588548e2 8.70414851306122558e-6 4.74279817375133860e2 8.70414851306122558e-6 4.92395300355497000e2 8.70414851306122558e-6 6.26338167108997254e2 -1.74082970261224512e-5 6.68129055902966115e2 1.74082970261224512e-5 7.35238145388450334e2 8.70414851306122558e-6 9.00696845107518016e2 1.74082970261224512e-5 6.26348472820836719e2 3.48165940522449023e-5 1.32978025817465073e3 1.74082970261224512e-5 1.51759405753182341e3 9.99200722162640886e-6 8.86396129295974220e2 0.00000000000000000e0 1.35763664079746582e3 -2.56683563293336158e-5 1.36542396393934928e3 5.75539615965681083e-5 1.44574466265368051e3 -3.20632409511745209e-5 1.62410853334904436e3 5.32907051820075072e-5 1.60057577982541920e3 -3.91686683087755160e-5 1.81869253257360674e3 4.29878355134860545e-5 1.80052190010826484e3 -2.34923192010683056e-5 1.97492871691906635e3 -2.55795384873636033e-5 2.02215954185902524e3 -4.93886599528536806e2 8.70414851306122558e-6 -8.44040524050626459e2 0.00000000000000000e0 -1.19182889601887587e3 8.70414851306122558e-6 -1.52069399650400760e3 -2.61124455391836784e-5 -1.86050560824213539e3 1.74082970261224512e-5 -2.21726223870177773e3 -8.70414851306122558e-6 -2.50585929340019175e3 -8.70414851306122558e-6 -2.93758516409781078e3 -1.74082970261224512e-5 -3.12735831080601611e3 0.00000000000000000e0 -3.67928628772773391e3 0.00000000000000000e0 -3.71687475269055722e3 8.70414851306122558e-6 -4.60918192146664205e3 0.00000000000000000e0 -8.56553863854969495e3 4.35207425653061296e-5 -5.33404238778345552e3 0.00000000000000000e0 -5.02722961073232000e3 6.96331881044898047e-5 -5.74410706799532909e3 8.70414851306122558e-6 -5.79076731366256899e3 -8.70414851306122558e-6 -6.33974904529210926e3 2.61124455391836784e-5 -6.54375531539130770e3 0.00000000000000000e0 -6.93749340814342304e3 -1.74082970261224512e-5 -7.28527512663390462e3 0.00000000000000000e0 -7.55836827126543449e3 -1.74082970261224512e-5 -7.99375490601050751e3 8.70414851306122558e-6
-1.76919279226694925e2 1.59872115546022542e-4 -8.94081758628928469e1 1.54876111935209337e-4 -1.92965780854148505e2 1.87350135405495166e-4 -2.33381721448377988e2 8.24340595784178731e-5 -2.57458771801832881e2 -1.49880108324396133e-4 -3.55383050487656533e2 2.99760216648792266e-5 -3.47160229807741416e2 -1.19904086659516906e-4 -4.60251131606526030e2 1.99840144432528177e-5 -4.54736492905283228e2 1.27398092075736713e-4 -5.81524935805433074e2 1.42386102908176326e-4 -5.36881425716728586e2 9.99200722162640886e-6 -9.30001823373771799e2 -2.99760216648792266e-5 -4.11349354578760483e2 2.49800180540660222e-6 -2.31523920035670017e2 -5.68434188608080149e-6 -1.19891614076550468e3 3.20854454116670198e-6 -7.09746647098441372e2 9.35251875944231734e-5 -9.51716812558345168e2 -1.20237153566904453e-4 -9.66505646093906989e2 0.00000000000000000e0 -9.18594000864913937e2 -9.79216707719387899e-6 -1.16325377050863176e3 -1.07469588783715136e-5 -9.66505973387654535e2 -5.87307980026707640e-6 -1.28234645013769432e3 2.55795384873636033e-5 -1.09641125618509227e3 2.56739074444567450e-4 1.64868119156835746e-4 -5.08286185640916017e2 -1.59872115546022542e-4 -9.47110719851096405e2 9.49240686054508842e-5 -1.11613160463930330e3 -1.32394095686549917e-4 -1.52394651897758149e3 8.24340595784178731e-5 -1.72656382940727940e3 -2.49800180540660222e-6 -2.08480943758582180e3 -1.13686837721616030e-5 -2.34053924241806044e3 2.15827355987130398e-5 -2.66069158205706208e3 2.08721928629529402e-4 -2.92103224858175645e3 1.07469588783715136e-5 -3.28880623734484334e3 1.91846538655227023e-4 -3.42323909968689213e3 -2.55173659979846033e-4 -4.17265845376046946e3 4.35207425653061296e-5 -8.45907857760508341e3 -2.99760216648792266e-5 -4.87740253447555006e3 -1.36424205265939236e-4 -4.44411261738553094e3 1.02673425317334463e-4 -5.24937789476709258e3 -6.33093577562249157e-4 -5.08107411784086707e3 2.56505927609396167e-4 -5.77955794778261952e3 -4.97379915032070022e-4 -5.75888926516165884e3 3.91686683087755160e-5 -6.25102478983841047e3 -2.14939177567430272e-5 -6.47832314996099467e3 -4.69846384021366112e-5 -6.71305674728728172e3 5.11590769747272066e-5 -7.18044101261083870e3
-9.99200722162640886e-6 1.86545449087915927e2 9.99200722162640886e-6 2.23157042844590592e2 0.00000000000000000e0 3.41755264088305921e2 9.99200722162640886e-6 4.21150134766179463e2 -1.99840144432528177e-5 4.86216547024298507e2 0.00000000000000000e0 6.30075301932819798e2 2.99760216648792266e-5 6.34882596495245366e2 -9.99200722162640886e-6 8.22915096065912621e2 -9.99200722162640886e-6 8.22762158403378407e2 0.00000000000000000e0 9.51394703019303734e2 -1.99840144432528177e-5 1.09211911514250914e3 1.99840144432528177e-5 8.11714365722693287e2 1.99840144432528177e-5 1.60318505471046547e3 -9.99200722162640886e-6 1.81268993815209001e3 -1.13686837721616030e-5 1.10233633221490390e3 1.28341781646668079e-5 1.61006147414433099e3 -5.75539615965681083e-5 1.65809367236313687e3 1.60316204755872604e-5 1.70340827443382636e3 -3.55271367880050025e-5 1.94357943739120742e3 -1.95843341543877580e-5 1.88688704660933126e3 0.00000000000000000e0 2.14375164619973202e3 4.69846384021366112e-5 2.12661693255178352e3 -5.11590769747272066e-5 2.29910425697532628e3 -5.17333725857938020e2 0.00000000000000000e0 -9.20380321955960312e2 0.00000000000000000e0 -1.23640696680915607e3 0.00000000000000000e0 -1.66121442601863123e3 -9.99200722162640886e-6 -1.94542242315520753e3 9.99200722162640886e-6 -2.38040615219148322e3 -2.99760216648792266e-5 -2.69001978692173816e3 -1.99840144432528177e-5 -3.05474787465342979e3 0.00000000000000000e0 -3.47990921079066584e3 -1.99840144432528177e-5 -3.68751659207688954e3 2.99760216648792266e-5 -4.30201667289686884e3 -9.99200722162640886e-6 -4.28380307226916557e3 -9.99200722162640886e-6 -5.33404238778345552e3 -2.99760216648792266e-5 -9.80933486438573345e3 0.00000000000000000e0 -6.10726134482320049e3 -4.99600361081320443e-5 -5.67874276544699751e3 -1.99840144432528177e-5 -6.50404816404659323e3 0.00000000000000000e0 -6.52197345338834111e3 2.99760216648792266e-5 -7.10953274918324405e3 -1.99840144432528177e-5 -7.35064689116881982e3 4.29656310529935581e-4 -7.72742156520678145e3 -1.99840144432528177e-5 -8.15149755402088977e3 7.39408534400354256e-4 -8.38944089878168415e3 0.00000000000000000e0
-1.84629473665154364e2 -2.84217094304040074e-6 -9.38706705255754059e1 0.00000000000000000e0 -1.92112213426298695e2 1.13686837721616030e-5 -2.53696319418850180e2 0.00000000000000000e0 -2.41949965129606426e2 0.00000000000000000e0 -3.98533958900770813e2 0.00000000000000000e0 -3.15204502499000228e2 2.84217094304040074e-6 -5.14739082158044312e2 8.52651282912120223e-6 -4.35988067870596240e2 2.84217094304040074e-6 -5.82361683276744202e2 0.00000000000000000e0 -6.34577446589901115e2 1.70530256582424045e-5 -5.80467375588256232e2 0.00000000000000000e0 -1.10785007869651486e3 2.01794136955868453e-4 -3.51186290048488559e2 -5.68434188608080149e-6 -3.42987357271340443e2 1.41175959811334879e-4 -1.23569558057035056e3 -3.59712259978550677e-6 -8.54381250547930790e2 8.01581023779363022e-6 -9.95784018220646772e2 3.99680288865056287e-5 -1.06027687962750838e3 -4.89608353859693950e-6 -1.03171304419724652e3 -6.98552327094148495e-5 -1.19301298404650424e3 -1.17461596005341528e-5 -1.13524027240963187e3 -8.95283847057726099e-5 -1.28530333256549034e3 6.93889390390722838e-6 8.52651282912120223e-6 -5.36176153786982468e2 0.00000000000000000e0 -1.01659462927727873e3 8.52651282912120223e-6 -1.17742534655462805e3 2.84217094304040074e-6 -1.63433533657553198e3 5.68434188608080149e-6 -1.83160451001640467e3 5.68434188608080149e-6 -2.21367915003156668e3 5.68434188608080149e-6 -2.52429121587738337e3 0.00000000000000000e0 -2.76158324652442388e3 0.00000000000000000e0 -3.23821043082261895e3 1.07469588783715136e-5 -3.30022538435059687e3 -6.39488462184090083e-6 -3.95321014821092831e3 1.50102152929321181e-5 -3.82847002526887081e3 0.00000000000000000e0 -4.87740253447555006e3 0.00000000000000000e0 -9.63587665410159389e3 3.41060513164848089e-5 -5.53388451949299269e3 2.56683563293336158e-5 -5.08842446778068279e3 1.43884903991420271e-5 -5.81914491120105686e3 -3.20632409511745209e-5 -5.83306325019350334e3 0.00000000000000000e0 -6.35417695300510695e3 0.00000000000000000e0 -6.54478969743799098e3 2.14939177567430272e-5 -6.90851781158796439e3 -2.34923192010683056e-5 -7.23258675350280009e3 0.00000000000000000e0 -7.49251116705096410e3
-1.13686837721616030e-5 1.81085943040670827e2 1.13686837721616030e-5 2.25408734877419192e2 0.00000000000000000e0 3.52218330590403639e2 0.00000000000000000e0 3.96359030219173292e2 -2.27373675443232059e-5 5.37122832611203194e2 1.13686837721616030e-5 5.65670040941768093e2 -3.41060513164848089e-5 7.22528659480303759e2 2.27373675443232059e-5 7.48786726489925059e2 1.13686837721616030e-5 8.91728370788769098e2 -3.41060513164848089e-5 9.64961145655252039e2 3.41060513164848089e-5 1.00931364386269706e3 -1.13686837721616030e-5 1.24655909985449398e3 -1.13686837721616030e-5 8.49956256843142910e2 1.13686837721616030e-5 1.78026123194285901e3 -5.68434188608080149e-5 2.00762793838293874e3 -1.28341781646668079e-5 1.14444472956165555e3 -2.15827355987130404e-4 1.78873954155278625e3 1.60316204755872604e-5 1.73770778246762347e3 -2.13162820728030029e-4 1.87698801710212138e3 -2.38928876683530645e-3 2.05391908139063162e3 -4.29878355134860545e-5 2.03523852633225033e3 2.34923192010683056e-5 2.29633947128604632e3 -2.55795384873636033e-5 2.24276591325178742e3 -5.66333926599327242e2 -1.13686837721616030e-5 -9.69125903793610632e2 0.00000000000000000e0 -1.36774277734730276e3 0.00000000000000000e0 -1.74259894265560433e3 -2.27373675443232059e-5 -2.14201254493673332e3 -4.54747350886464119e-5 -2.53012941584529472e3 -1.13686837721616030e-5 -2.89920409386468236e3 1.13686837721616030e-5 -3.33633788613951765e3 0.00000000000000000e0 -3.63495000783586875e3 0.00000000000000000e0 -4.16254954416217515e3 -2.27373675443232059e-5 -4.35038665500542265e3 0.00000000000000000e0 -5.00859595149449888e3 1.13686837721616030e-5 -5.02722961073232000e3 -1.36424205265939236e-4 -6.10726134482320049e3 3.41060513164848089e-5 -1.13122973743884359e4 -1.47792889038100839e-4 -6.94103626903697022e3 -2.27373675443232059e-5 -6.52449698588242063e3 1.13686837721616030e-5 -7.38502793429240955e3 -6.82121026329696178e-5 -7.39269678362575087e3 1.13686837721616030e-5 -8.07943446825554020e3 6.82121026329696178e-5 -8.24834834940446490e3 0.00000000000000000e0 -8.76849017017455662e3 1.59161572810262442e-4 -9.10430752867341471e3 -1.13686837721616030e-5
-1.90975686586991571e2 -5.13367126586672317e-5 -9.93474961741291764e1 -4.81281681175005293e-5 -1.92150982869510017e2 -3.20854454116670172e-5 -2.62457538124927169e2 6.73794353645007369e-5 -2.52930740507473189e2 6.73794353645007369e-5 -3.89668811562326937e2 3.52939899528337196e-5 -3.58080241358305045e2 9.94648807761677609e-5 -4.74817693962847841e2 2.88769008705003182e-5 -5.06062423077935307e2 -9.94648807761677609e-5 -5.43076234205130959e2 -5.13367126586672317e-5 -6.54130835897603788e2 1.60427227058335086e-5 -6.69506861949997869e2 -3.20854454116670172e-5 -7.23756294185306956e2 3.20854454116670198e-6 -1.13739322959993683e3 -1.28341781646668079e-5 -4.78342997212166665e2 2.24598117881669134e-5 -2.68183962326418111e2 7.55395745954956375e-5 -1.43393970137850579e3 -8.81739126157299324e-5 -9.07047171283537068e2 8.88178419700125063e-6 -1.06454091763907832e3 -4.89608353859693950e-6 -1.21614322332597135e3 0.00000000000000000e0 -1.02392768397407951e3 -5.87307980026707640e-6 -1.39996610246662067e3 7.67386154620908065e-5 -1.12062310790861352e3 2.84494650060196363e-4 -5.13367126586672317e-5 -5.67794354267014910e2 5.77538017410006365e-5 -1.07595053820963562e3 -1.66844316140668498e-4 -1.26106004281201194e3 9.94648807761677609e-5 -1.71415638638983091e3 6.41708908233340345e-5 -1.97190595010443531e3 -1.92512672470002110e-5 -2.32268001789659411e3 -9.62563362350010551e-6 -2.69268979470327304e3 3.95683485976405723e-5 -2.94963518485680197e3 2.13162820728030029e-4 -3.36700797212152702e3 5.37347943918575681e-6 -3.64720082682845577e3 1.98241423277067925e-4 -3.95628525187152673e3 -2.70183875272778150e-4 -4.43470559794434303e3 6.96331881044898047e-5 -4.44411261738553094e3 -4.99600361081320443e-5 -5.53388451949299269e3 -1.47792889038100839e-4 -1.08997947504629865e4 1.28341781646668069e-4 -6.33384705284178926e3 -7.05036029557959301e-4 -5.59691407114870617e3 3.04600789036157948e-4 -6.65462227100732525e3 -5.32907051820075031e-4 -6.39602616829826184e3 9.79216707719387933e-5 -7.16858031073463917e3 -8.59756710269721089e-5 -7.23777859298335534e3 -2.34923192010683056e-5 -7.65125041723990671e3 1.02318153949454413e-4 -8.07945896991180143e3
-2.56683563293336158e-5 2.10858424276594263e2 -2.56683563293336158e-5 2.50837120274738339e2 -1.28341781646668079e-5 3.91301347901773454e2 2.56683563293336158e-5 4.68048334401061027e2 -1.28341781646668079e-5 5.62404942749949896e2 1.28341781646668079e-5 7.00383048890529267e2 1.28341781646668079e-5 7.29886244821287164e2 1.28341781646668079e-5 9.33049745066583000e2 0.00000000000000000e0 9.18759375378996765e2 1.28341781646668079e-5 1.13609529921454555e3 0.00000000000000000e0 1.15938164491069506e3 3.85025344940004220e-5 1.26293260716003874e3 -1.28341781646668079e-5 1.48940928936802652e3 -1.28341781646668079e-5 1.06112249667056335e3 1.28341781646668079e-5 2.11502447187150710e3 -2.56683563293336158e-5 2.34455064465066653e3 2.30215846386272433e-4 1.40395730334752488e3 -1.60316204755872604e-5 2.08306562279325635e3 1.77635683940025019e-4 2.07377638581362999e3 1.95843341543877580e-5 2.18143148722482738e3 6.44817532702290919e-5 2.41227132797838749e3 2.34923192010683056e-5 2.37070338853229123e3 0.00000000000000000e0 2.65902883520574505e3 -5.90983962345248301e2 -3.85025344940004220e-5 -1.04425889992931775e3 0.00000000000000000e0 -1.41417431023249651e3 3.85025344940004220e-5 -1.88636759648197449e3 -2.56683563293336158e-5 -2.21812047533909117e3 0.00000000000000000e0 -2.71664678717087281e3 0.00000000000000000e0 -3.04682337226580512e3 3.85025344940004220e-5 -3.51141802932275414e3 -2.56683563293336158e-5 -3.91516089370824648e3 2.56683563293336158e-5 -4.26497637673328609e3 -2.56683563293336158e-5 -4.81906357845396269e3 -2.56683563293336158e-5 -4.98930901597915908e3 1.28341781646668079e-5 -5.74410706799532909e3 1.02673425317334463e-4 -5.67874276544699751e3 2.56683563293336158e-5 -6.94103626903697022e3 1.28341781646668069e-4 -1.27435642978568339e4 -2.56683563293336158e-5 -7.81425592712991966e3 2.56683563293336158e-5 -7.27941737395099153e3 5.13367126586672317e-5 -8.23619799916741431e3 -1.28341781646668079e-5 -8.23007951669119029e3 -1.15507603482001273e-4 -8.94229893617648486e3 -1.28341781646668079e-5 -9.15750737724429746e3 -1.41175959811334879e-4 -9.65729159361216989e3 0.00000000000000000e0
-2.18491295056466555e2 0.00000000000000000e0 -1.08442156454557889e2 3.59712259978550677e-6 -2.41503084730254585e2 3.59712259978550677e-6 -2.89347318904731253e2 -7.19424519957101353e-6 -3.10066424935584394e2 3.59712259978550677e-6 -4.59977307842862558e2 -3.59712259978550677e-6 -3.92835586460193952e2 -3.59712259978550677e-6 -6.13203352894941986e2 1.07913677993565199e-5 -5.08239730301340785e2 -3.59712259978550677e-6 -7.31447016466546415e2 0.00000000000000000e0 -6.75276199757490645e2 -3.59712259978550677e-6 -8.00944930423597270e2 -1.07913677993565199e-5 -9.24308075234136936e2 7.19424519957101353e-6 -7.98544020907954177e2 0.00000000000000000e0 -1.50910623233357910e3 1.43884903991420271e-5 -5.10381614393651205e2 -7.19424519957101353e-6 -5.03819077657396917e2 8.01581023779363022e-6 -1.66556796785677352e3 4.44089209850062531e-6 -1.12994698042712093e3 0.00000000000000000e0 -1.35699565424474122e3 1.61204383175572730e-4 -1.38310775046335266e3 1.76192394008012309e-5 -1.38650063399303713e3 -2.04636307898908826e-4 -1.55643242294445349e3 6.93889390390722838e-6 0.00000000000000000e0 -6.19635831844433824e2 3.59712259978550677e-6 -1.15709670365227157e3 0.00000000000000000e0 -1.34923556487365181e3 1.07913677993565199e-5 -1.87389529173742608e3 0.00000000000000000e0 -2.08096798872681120e3 -3.59712259978550677e-6 -2.55806733036045807e3 -3.59712259978550677e-6 -2.84875492635450155e3 7.19424519957101353e-6 -3.20924239503028684e3 0.00000000000000000e0 -3.64379245256785043e3 0.00000000000000000e0 -3.84225261647053094e3 -6.39488462184090083e-6 -4.44788707305576645e3 -7.50510764646605906e-6 -4.47469670477040836e3 8.70414851306122558e-6 -5.24937789476709258e3 -1.99840144432528177e-5 -5.08842446778068279e3 -2.27373675443232059e-5 -6.33384705284178926e3 -2.56683563293336158e-5 -1.24674352042219980e4 0.00000000000000000e0 -7.08733224474844519e3 0.00000000000000000e0 -6.52598576955654062e3 -1.77635683940025013e-5 -7.38856683295541097e3 1.95843341543877580e-5 -7.36771108793554595e3 0.00000000000000000e0 -8.01221132918916464e3 -2.34923192010683056e-5 -8.17187823329845651e3 -2.55795384873636033e-5 -8.65042611847277658e3
0.00000000000000000e0 2.08901441745012988e2 -4.31654711974260795e-5 2.59173100580767311e2 -2.87769807982840541e-5 3.98638666077033520e2 -1.43884903991420271e-5 4.65559937801174271e2 -1.43884903991420271e-5 5.97747445141294406e2 -1.43884903991420271e-5 6.71025911636036085e2 -2.87769807982840541e-5 8.04905404727662585e2 -1.00719432793994188e-4 8.76454863885100963e2 -1.43884903991420271e-5 1.02077527870392237e3 -1.87050375188846347e-4 1.08771994611345212e3 -1.43884903991420271e-5 1.23021046150029156e3 -2.15827355987130404e-4 1.32648305939397892e3 -4.31654711974260795e-5 1.38325956768881019e3 -8.63309423948521590e-5 1.64276616470004888e3 -3.02158298381982550e-4 1.17784391040487412e3 0.00000000000000000e0 2.29405591642972649e3 1.43884903991420271e-5 2.62410397251500126e3 3.20632409511745209e-5 1.45948577543464330e3 -9.41469124882132638e-4 2.30620777355028349e3 -1.95843341543877580e-5 2.21467349259540879e3 -1.07469588783715140e-4 2.36132439681568894e3 -2.81907830412819695e-4 2.61458837460537507e3 2.55795384873636033e-5 2.51106521496069445e3 -6.34693117262940973e2 -5.75539615965681083e-5 -1.09850119880405805e3 0.00000000000000000e0 -1.52933470207727828e3 -2.87769807982840541e-5 -1.97524728573483776e3 -4.31654711974260795e-5 -2.40181645771997364e3 2.87769807982840541e-5 -2.85237250938763464e3 -8.63309423948521590e-5 -3.27518067386733901e3 0.00000000000000000e0 -3.72960669707822444e3 -8.63309423948521590e-5 -4.14174370959585667e3 -2.87769807982840541e-5 -4.61973690022432402e3 -5.75539615965681083e-5 -4.98527826859884681e3 -1.15107923193136217e-4 -5.53967739360672203e3 2.87769807982840541e-5 -5.79076731366256899e3 -6.33093577562249157e-4 -6.50404816404659323e3 1.43884903991420271e-5 -6.52449698588242063e3 -7.05036029557959301e-4 -7.81425592712991966e3 0.00000000000000000e0 -1.43921881836206448e4 -8.63309423948521590e-5 -8.78850162417954562e3 -5.46762635167396985e-4 -8.14532267412459896e3 -1.43884903991420271e-5 -9.26246653616402546e3 1.43884903991420271e-5 -9.12874326157719770e3 1.72661884789704318e-4 -1.00274868994887329e4 1.43884903991420271e-5 -1.01240987049777668e4 7.19424519957101303e-5
-2.08691639580482757e2 0.00000000000000000e0 -1.09830651973119586e2 -8.01581023779363022e-6 -2.00214451329117082e2 0.00000000000000000e0 -2.93825239539025063e2 -1.20237153566904453e-5 -2.58171071909618604e2 8.01581023779363022e-6 -4.35320786773552015e2 -1.60316204755872604e-5 -3.71128194476266742e2 4.00790511889681511e-6 -5.19834544165931334e2 -1.20237153566904453e-5 -5.44937597268812965e2 -4.00790511889681511e-6 -5.65040718303322365e2 -1.60316204755872604e-5 -7.39759287426977494e2 -2.80553358322777058e-5 -6.34425106849079270e2 8.01581023779363022e-6 -8.83067662904579606e2 -1.16229248448007638e-4 -8.24022610146357692e2 2.80553358322777058e-5 -8.91138415681780316e2 -8.01581023779363022e-5 -1.46069999003017847e3 8.01581023779363022e-6 -5.00881063025815308e2 1.20237153566904453e-5 -3.85145878700754452e2 -1.24344978758017505e-4 -1.68863074634373311e3 5.87530024631632706e-5 -1.15143031629294501e3 0.00000000000000000e0 -1.24328934258954860e3 2.64288591012018460e-4 -1.46127515900928938e3 7.03437308402499048e-5 -1.23750686498169648e3 4.16333634234433703e-5 0.00000000000000000e0 -6.31031659326097838e2 -1.20237153566904453e-5 -1.20824860749824120e3 -8.01581023779363022e-6 -1.40757614148778748e3 4.00790511889681511e-6 -1.91770041328975776e3 -8.01581023779363022e-6 -2.21193802618646623e3 0.00000000000000000e0 -2.58476196131063307e3 4.00790511889681511e-6 -3.03663718375091184e3 4.00790511889681511e-6 -3.26450788376009268e3 1.33226762955018768e-5 -3.81450519241210986e3 -4.29878355134860545e-5 -4.02187952175392365e3 6.39488462184090083e-6 -4.49514653296789766e3 -2.25153229393981780e-5 -4.88235392576141749e3 -8.70414851306122558e-6 -5.08107411784086707e3 0.00000000000000000e0 -5.81914491120105686e3 1.13686837721616030e-5 -5.59691407114870617e3 2.56683563293336158e-5 -7.08733224474844519e3 -8.63309423948521590e-5 -1.37234978326183918e4 9.61897228535235627e-5 -7.92010699690592810e3 -8.88178419700125097e-5 -6.99732756866966338e3 1.95843341543877580e-5 -8.15746613818113474e3 4.29878355134860545e-5 -7.96114804829661534e3 -4.69846384021366112e-5 -8.69554847326980780e3 5.11590769747272066e-5 -8.91416384457555068e3
1.60316204755872604e-5 2.29502730997310778e2 1.60316204755872604e-5 2.75799694282596874e2 3.20632409511745209e-5 4.34474405386353624e2 -4.80948614267617813e-5 5.03231925463865082e2 -3.20632409511745209e-5 6.37971347039467673e2 0.00000000000000000e0 7.44491365178845399e2 4.80948614267617813e-5 8.33232300179176377e2 1.60316204755872604e-5 1.00091665373724936e3 0.00000000000000000e0 1.02981116474332157e3 9.61897228535235627e-5 1.25818958216505894e3 1.60316204755872604e-5 1.24872711055878926e3 9.61897228535235627e-5 1.48607470662476248e3 -3.20632409511745209e-5 1.52122347341077102e3 4.80948614267617813e-5 1.62726483545760902e3 1.60316204755872604e-4 1.89722462722308182e3 3.20632409511745209e-5 1.35715825817506175e3 5.77138337121141376e-4 2.64926629247597111e3 -1.60316204755872604e-5 2.93791685357369670e3 5.15143483426072526e-4 1.71473284376055790e3 3.91686683087755160e-5 2.57512832009254544e3 8.59756710269721089e-5 2.53253781936635369e3 1.64446234407478133e-4 2.64965852210252706e3 2.55795384873636033e-5 2.93542638942767553e3 -6.67746266547197820e2 1.60316204755872604e-5 -1.16467095172545487e3 0.00000000000000000e0 -1.60324906719466753e3 0.00000000000000000e0 -2.10220978420494475e3 0.00000000000000000e0 -2.50917684661011708e3 0.00000000000000000e0 -3.04257260266282947e3 4.80948614267617813e-5 -3.42095472465331341e3 0.00000000000000000e0 -3.96697661626532727e3 3.20632409511745209e-5 -4.35605748827505522e3 -4.80948614267617813e-5 -4.85886895242870742e3 0.00000000000000000e0 -5.32817129981211201e3 4.80948614267617813e-5 -5.70916311311009395e3 -4.80948614267617813e-5 -6.33974904529210926e3 2.56505927609396167e-4 -6.52197345338834111e3 -3.20632409511745209e-5 -7.38502793429240955e3 3.04600789036157948e-4 -7.27941737395099153e3 0.00000000000000000e0 -8.78850162417954562e3 9.61897228535235627e-5 -1.60401862345338486e4 1.28252963804698084e-4 -9.78648563076944629e3 -3.20632409511745209e-5 -9.04609109619869196e3 3.20632409511745209e-5 -1.02234433452252906e4 -3.20632409511745209e-5 -1.01226733133508133e4 0.00000000000000000e0 -1.10038472541873471e4 1.60316204755872604e-5
-2.45814808508271170e2 -1.77635683940025013e-5 -1.21633640937091045e2 -2.22044604925031274e-5 -2.74813460876543957e2 -1.77635683940025013e-5 -3.21760706967211206e2 -1.24344978758017505e-4 -3.57571674491907686e2 1.77635683940025013e-5 -5.07644406511076284e2 -3.28626015289046282e-4 -4.56980324692324245e2 5.32907051820075072e-5 -6.75916242975915679e2 -3.28626015289046282e-4 -5.85117274631841042e2 -3.55271367880050025e-5 -8.17547690745712316e2 -6.66133814775093789e-5 -7.48458523958106412e2 -8.88178419700125063e-6 -9.31057334208063139e2 1.77635683940025019e-4 -9.52664728792740220e2 0.00000000000000000e0 -1.01136599095497104e3 4.44089209850062531e-6 -1.22935731496909284e3 -4.44089209850062531e-6 -1.02567418855947767e3 4.88498130835068810e-5 -1.90669297790435598e3 -1.33226762955018758e-4 -6.84281632601368983e2 -4.44089209850062531e-6 -6.10808257306416522e2 4.89608353859693950e-6 -2.14228162649376918e3 0.00000000000000000e0 -1.36493257958392178e3 1.17461596005341528e-5 -1.73262140652496964e3 0.00000000000000000e0 -1.68756674554515462e3 2.15105711021124080e-4 -2.22044604925031274e-5 -6.95844617482066383e2 2.66453525910037536e-5 -1.29276830129754194e3 -1.02140518265514388e-4 -1.51489459199183307e3 6.21724893790087527e-5 -2.09432272857412681e3 -1.19904086659516893e-4 -2.33311610919884015e3 4.44089209850062531e-6 -2.86570055241241971e3 -1.77635683940025013e-5 -3.18197241000461827e3 -2.48689957516035011e-4 -3.61251373259818774e3 1.95399252334027524e-4 -4.04813564003347847e3 5.37347943918575681e-6 -4.35091927375452724e3 1.47082346302340711e-4 -4.91616334752364946e3 -2.32658337040447832e-4 -5.09153165850761889e3 2.61124455391836784e-5 -5.77955794778261952e3 2.99760216648792266e-5 -5.83306325019350334e3 -6.82121026329696178e-5 -6.65462227100732525e3 5.13367126586672317e-5 -6.52598576955654062e3 -5.46762635167396985e-4 -7.92010699690592810e3 1.28252963804698084e-4 -1.56348961688479430e4 -3.73034936274052543e-4 -8.79673190670171425e3 1.95843341543877580e-5 -8.06939440178844234e3 2.14939177567430272e-5 -9.13151465892214401e3 0.00000000000000000e0 -8.98479512230210094e3 2.55795384873636033e-5 -9.85243661655310643e3
3.55271367880050025e-5 2.40606414791955075e2 0.00000000000000000e0 2.94193096550543430e2 -3.55271367880050025e-5 4.50326744783069387e2 -5.32907051820075072e-5 5.40676055038602385e2 -3.55271367880050025e-5 6.60722747625186344e2 -1.77635683940025013e-5 7.91285543755293361e2 -1.77635683940025013e-5 8.82152484393827649e2 -1.42108547152020010e-4 1.03122983929893030e3 -3.55271367880050025e-5 1.13359769571275115e3 -1.77635683940025019e-4 1.25048439159058921e3 0.00000000000000000e0 1.41400013475845276e3 -1.77635683940025019e-4 1.46460184424768136e3 -3.55271367880050025e-5 1.68715287074405728e3 -5.32907051820075072e-5 1.72008277843360679e3 -2.66453525910037515e-4 1.86893316822533939e3 -1.77635683940025013e-5 2.09586922039761657e3 -9.23705556488130133e-4 1.57430271485736716e3 1.77635683940025013e-5 2.91684777664613603e3 -9.41469124882132638e-4 3.30112987612096686e3 0.00000000000000000e0 1.88616740004476901e3 -1.28963506540458184e-4 2.85170491665098734e3 -3.52384788016024578e-4 2.81634628507276784e3 -5.11590769747272066e-5 2.88465956899130970e3 -7.01294684546382882e2 0.00000000000000000e0 -1.22972059202197647e3 -5.32907051820075072e-5 -1.68425877689060121e3 1.77635683940025013e-5 -2.21384416576597641e3 -3.55271367880050025e-5 -2.64913209591099940e3 -1.77635683940025013e-5 -3.18384547171035547e3 -1.06581410364015014e-4 -3.63570793027179161e3 3.55271367880050025e-5 -4.13046192804244947e3 -1.42108547152020010e-4 -4.63686459895029566e3 1.77635683940025013e-5 -5.07518517878224793e3 -5.32907051820075072e-5 -5.61921035924228727e3 -1.95399252334027524e-4 -6.05783899487732833e3 -1.77635683940025013e-5 -6.54375531539130770e3 -4.97379915032070022e-4 -7.10953274918324405e3 0.00000000000000000e0 -7.39269678362575087e3 -5.32907051820075031e-4 -8.23619799916741431e3 -1.77635683940025013e-5 -8.14532267412459896e3 -8.88178419700125097e-5 -9.78648563076944629e3 -3.73034936274052543e-4 -1.77808848889071633e4 -1.77635683940025013e-5 -1.08784556287044852e4 1.77635683940025013e-5 -9.93024745685744347e3 1.95399252334027524e-4 -1.13211796699541592e4 1.77635683940025013e-5 -1.10829362455433493e4 8.88178419700125097e-5
-2.34154504885619673e2 0.00000000000000000e0 -1.22053335538385682e2 4.89608353859693950e-6 -2.27634184801761506e2 -4.89608353859693950e-6 -3.28534201943231267e2 1.46882506157908176e-5 -2.89878667669718425e2 0.00000000000000000e0 -4.94722220090171220e2 4.89608353859693950e-6 -4.05889041477092064e2 0.00000000000000000e0 -6.02150616269003649e2 -4.89608353859693950e-6 -5.89644922188714418e2 4.89608353859693950e-6 -6.56906926455036455e2 -4.89608353859693950e-6 -8.13370433405680046e2 4.89608353859693950e-6 -7.08158158824190423e2 9.79216707719387899e-6 -1.01485708849935452e3 2.44804176929846983e-5 -8.29602906371462723e2 1.46882506157908176e-5 -1.12444712385695311e3 3.42725847701785756e-5 -1.10690235670674019e3 4.89608353859693950e-6 -1.07806572948732060e3 -4.89608353859693950e-6 -1.90550502332520455e3 0.00000000000000000e0 -5.77536098944619766e2 4.89608353859693950e-6 -5.49404496297256514e2 -2.68673971959287849e-5 -2.08073085250504164e3 5.87307980026707640e-6 -1.42052115350566010e3 -4.47641923528863049e-5 -1.57341562498913822e3 -6.93889390390722838e-6 -4.89608353859693950e-6 -7.03323217965401341e2 4.89608353859693950e-6 -1.34570343488515914e3 9.79216707719387899e-6 -1.56316586414906283e3 9.79216707719387899e-6 -2.14213474888369456e3 -4.89608353859693950e-6 -2.45178011513136289e3 -4.89608353859693950e-6 -2.88856490766597972e3 4.89608353859693950e-6 -3.37231916621716300e3 -9.79216707719387899e-6 -3.63341494361568630e3 4.89608353859693950e-6 -4.26099501972254529e3 0.00000000000000000e0 -4.44295263749561127e3 -1.91846538655227016e-5 -5.06066589104347986e3 7.50510764646605906e-6 -5.35499420756257859e3 0.00000000000000000e0 -5.75888926516165884e3 -1.99840144432528177e-5 -6.35417695300510695e3 1.13686837721616030e-5 -6.39602616829826184e3 -1.28341781646668079e-5 -7.38856683295541097e3 -1.43884903991420271e-5 -6.99732756866966338e3 -3.20632409511745209e-5 -8.79673190670171425e3 -1.77635683940025013e-5 -1.70090461899086149e4 -5.87530024631632706e-5 -9.67127116981991639e3 2.14939177567430272e-5 -8.65150545650283675e3 -4.69846384021366112e-5 -9.87317170739743051e3 -5.11590769747272066e-5 -9.72677889621298527e3
-3.91686683087755160e-5 2.46529498015846059e2 -1.95843341543877580e-5 3.01067442576297083e2 1.95843341543877580e-5 4.74108548020879425e2 3.91686683087755160e-5 5.38734657284933746e2 5.87530024631632706e-5 7.09486608663212223e2 -1.95843341543877580e-5 7.85805270453465596e2 1.95843341543877580e-5 9.36732098288928000e2 1.95843341543877580e-5 1.05635546350235632e3 3.91686683087755160e-5 1.15193459331308622e3 1.95843341543877580e-5 1.35012311970328346e3 -3.91686683087755160e-5 1.36538953903198012e3 5.87530024631632706e-5 1.64638650552717513e3 0.00000000000000000e0 1.60550128991410156e3 0.00000000000000000e0 1.90246164302187958e3 1.95843341543877580e-5 1.91511954654721671e3 1.95843341543877580e-5 2.04360732976027703e3 1.17506004926326541e-4 2.35629539160342392e3 3.91686683087755160e-5 1.67201556400264872e3 1.95843341543877587e-4 3.26358792710479338e3 -1.95843341543877580e-5 3.56370306184849915e3 1.07469588783715140e-4 2.07945831394162860e3 4.69846384021366112e-5 3.08826877191137282e3 0.00000000000000000e0 3.04211697632616961e3 -7.44564951693504781e2 0.00000000000000000e0 -1.28493537090434961e3 3.91686683087755160e-5 -1.79327408402762921e3 -1.95843341543877580e-5 -2.31589580872437682e3 1.95843341543877580e-5 -2.80491988355890908e3 -1.95843341543877580e-5 -3.36104480287424622e3 1.95843341543877580e-5 -3.80627499678709501e3 -3.91686683087755160e-5 -4.40872070490705300e3 1.95843341543877580e-5 -4.81288971796445185e3 1.95843341543877580e-5 -5.43776732242484559e3 -1.95843341543877580e-5 -5.84949389086375413e3 7.83373366175510319e-5 -6.42287117891271373e3 1.95843341543877580e-5 -6.93749340814342304e3 3.91686683087755160e-5 -7.35064689116881982e3 0.00000000000000000e0 -8.07943446825554020e3 9.79216707719387933e-5 -8.23007951669119029e3 1.95843341543877580e-5 -9.26246653616402546e3 1.95843341543877580e-5 -9.04609109619869196e3 1.95843341543877580e-5 -1.08784556287044852e4 -5.87530024631632706e-5 -1.97019320490099381e4 6.26698692940408256e-4 -1.19782491983855252e4 -3.91686683087755160e-5 -1.10212725883851417e4 7.83373366175510347e-4 -1.23938486609631564e4 -1.95843341543877580e-5
-2.64422491147442429e2 -5.37347943918575681e-6 -1.32720729340007892e2 1.07469588783715136e-5 -2.86298764207160161e2 0.00000000000000000e0 -3.50648367497541301e2 5.37347943918575681e-6 -3.74363918087539048e2 0.00000000000000000e0 -5.41859995495386215e2 -1.07469588783715136e-5 -4.93674420187772910e2 -5.37347943918575681e-6 -7.02328518276118416e2 0.00000000000000000e0 -6.50370067223349224e2 1.61204383175572730e-5 -8.36108247570521598e2 1.07469588783715136e-5 -8.30511333305139374e2 -5.37347943918575681e-6 -9.66501195742708433e2 0.00000000000000000e0 -1.01436885540095989e3 8.06021915877863648e-5 -1.10596110269867154e3 0.00000000000000000e0 -1.20386937396688154e3 8.59756710269721089e-5 -1.23809469916302805e3 1.61204383175572730e-5 -1.46116953096964130e3 5.37347943918575681e-6 -1.29074808796758589e3 1.61204383175572730e-4 -2.22669482852211286e3 -2.47180054202544852e-4 -8.69144563520052088e2 -5.37347943918575681e-6 -6.33918353898366149e2 -4.69846384021366112e-5 -2.60763239623429308e3 7.03437308402499048e-5 -1.57479763629453350e3 -2.70616862252381907e-4 -5.37347943918575681e-6 -7.61672129012680330e2 -5.37347943918575681e-6 -1.42307949495545904e3 -1.07469588783715136e-5 -1.66924960369740893e3 0.00000000000000000e0 -2.29280495531725137e3 1.07469588783715136e-5 -2.58323213153666120e3 -5.37347943918575681e-6 -3.12870896768124840e3 -5.37347943918575681e-6 -3.52249775064095138e3 0.00000000000000000e0 -3.95574390714692436e3 -5.37347943918575681e-6 -4.45470540659798007e3 3.11661807472773944e-4 -4.80358661403279530e3 -6.39488462184090083e-6 -5.36005737417077853e3 1.27586829989923017e-4 -5.67580527213173900e3 -1.74082970261224512e-5 -6.25102478983841047e3 4.29656310529935581e-4 -6.54478969743799098e3 6.82121026329696178e-5 -7.16858031073463917e3 -1.15507603482001273e-4 -7.36771108793554595e3 1.43884903991420271e-5 -8.15746613818113474e3 3.20632409511745209e-5 -8.06939440178844234e3 1.77635683940025013e-5 -9.67127116981991639e3 6.26698692940408256e-4 -1.90294344321273456e4 -3.43902684107888436e-4 -1.07128489890362362e4 -6.57784937629912530e-4 -9.62956272161363631e3 8.18545231595635306e-4 -1.10620113832893276e4
-2.14939177567430272e-5 2.71281399122358380e2 0.00000000000000000e0 3.27277998479758025e2 4.29878355134860545e-5 5.03104414484312144e2 2.14939177567430272e-5 6.08822377934359338e2 0.00000000000000000e0 7.28451226450488207e2 0.00000000000000000e0 9.00835885886408391e2 0.00000000000000000e0 9.62776843138612890e2 -4.29878355134860545e-5 1.18009855700762500e3 0.00000000000000000e0 1.23674934524586888e3 -2.14939177567430272e-5 1.42436326218131603e3 -2.14939177567430272e-5 1.56196139133868405e3 -6.44817532702290919e-5 1.63933627117529545e3 2.14939177567430272e-5 1.91183061506450235e3 2.14939177567430272e-5 1.86756709403823584e3 0.00000000000000000e0 2.22096089039780509e3 -2.14939177567430272e-5 2.17667428490386783e3 -6.44817532702290919e-5 2.38635293356992406e3 -4.29878355134860545e-5 2.65151600302715451e3 -8.59756710269721089e-5 1.96092470066133706e3 2.14939177567430272e-5 3.66464398204868712e3 0.00000000000000000e0 4.00170766692298184e3 0.00000000000000000e0 2.37963208640223911e3 -5.11590769747272066e-5 3.44369183800097244e3 -7.69550069001922907e2 -2.14939177567430272e-5 -1.35920163479852363e3 4.29878355134860545e-5 -1.84418102371353120e3 2.14939177567430272e-5 -2.45019913318600402e3 0.00000000000000000e0 -2.90023308728848360e3 0.00000000000000000e0 -3.51982022106511704e3 -2.14939177567430272e-5 -3.99043636392093458e3 -6.44817532702290919e-5 -4.54981770143802987e3 2.14939177567430272e-5 -5.11286334354821247e3 -1.07469588783715140e-4 -5.56132847808754559e3 -2.14939177567430272e-5 -6.22903204661184827e3 -6.44817532702290919e-5 -6.60451838783160292e3 -2.14939177567430272e-5 -7.28527512663390462e3 -2.14939177567430272e-5 -7.72742156520678145e3 2.14939177567430272e-5 -8.24834834940446490e3 -8.59756710269721089e-5 -8.94229893617648486e3 0.00000000000000000e0 -9.12874326157719770e3 4.29878355134860545e-5 -1.02234433452252906e4 2.14939177567430272e-5 -9.93024745685744347e3 2.14939177567430272e-5 -1.19782491983855252e4 -3.43902684107888436e-4 -2.15723281705493246e4 2.14939177567430272e-5 -1.31367478980681753e4 -5.15854026161832735e-4 -1.19752402554240671e4 4.29878355134860545e-5
-2.66777003177232018e2 5.87307980026707640e-6 -1.36095656610990517e2 1.17461596005341528e-5 -2.73204172818175493e2 -1.17461596005341528e-5 -3.65763240939287357e2 1.17461596005341528e-5 -3.48314338471933297e2 -1.17461596005341528e-5 -5.63254587893080384e2 2.93653990013353837e-5 -4.66963224543537194e2 -1.76192394008012309e-5 -7.10935769498987952e2 2.93653990013353837e-5 -6.49552201192893222e2 0.00000000000000000e0 -8.02060561055917105e2 0.00000000000000000e0 -8.85590717558670690e2 5.28577182024036893e-5 -8.64846741688296675e2 0.00000000000000000e0 -1.13182685694823681e3 4.69846384021366139e-4 -9.54699359567712236e2 0.00000000000000000e0 -1.32881154968345072e3 4.22861745619229515e-4 -1.13590283787878820e3 1.76192394008012309e-5 -1.42165690899531660e3 4.11115586018695331e-5 -1.48384966198733537e3 1.99684713209080601e-4 -1.35457757011181434e3 -1.17461596005341528e-5 -2.42813842592504125e3 -2.34923192010683056e-5 -7.62270594911740204e2 -7.04769576032049236e-5 -7.49207975925258779e2 -2.55795384873636033e-5 -2.61700142516474398e3 6.93889390390722838e-6 -1.17461596005341528e-5 -7.84425364497298460e2 0.00000000000000000e0 -1.48712068033240962e3 5.87307980026707640e-6 -1.72925199127815745e3 5.87307980026707640e-6 -2.38330529733765616e3 -5.87307980026707640e-6 -2.69525719048813107e3 -1.17461596005341528e-5 -3.22824749864336536e3 -5.87307980026707640e-6 -3.70254547159554068e3 5.87307980026707640e-6 -4.05426887447601803e3 5.87307980026707640e-6 -4.70154449961901355e3 1.46826995006676898e-4 -4.91820895606176327e3 -1.27897692436818017e-5 -5.63684270633579672e3 9.00612917575927121e-5 -5.86637642555620641e3 0.00000000000000000e0 -6.47832314996099467e3 -1.99840144432528177e-5 -6.90851781158796439e3 0.00000000000000000e0 -7.23777859298335534e3 -1.28341781646668079e-5 -8.01221132918916464e3 1.72661884789704318e-4 -7.96114804829661534e3 -3.20632409511745209e-5 -9.13151465892214401e3 1.95399252334027524e-4 -8.65150545650283675e3 -3.91686683087755160e-5 -1.07128489890362362e4 2.14939177567430272e-5 -2.07075993534644404e4 2.34923192010683056e-5 -1.16747731098598688e4 -2.55795384873636033e-5 -1.04970081168942470e4
2.34923192010683056e-5 2.66868517506679780e2 2.34923192010683056e-5 3.29466550619272766e2 4.69846384021366112e-5 5.15012951840532082e2 -2.34923192010683056e-5 5.86201139407549363e2 0.00000000000000000e0 7.76074990271879756e2 2.34923192010683056e-5 8.48316080093169717e2 0.00000000000000000e0 1.03346099757928278e3 0.00000000000000000e0 1.13226840006141992e3 -4.69846384021366112e-5 1.27934847782284987e3 -4.69846384021366112e-5 1.44471293301862102e3 0.00000000000000000e0 1.51532734418147152e3 0.00000000000000000e0 1.77654447890418464e3 0.00000000000000000e0 1.75858363768988056e3 0.00000000000000000e0 2.09916290101474988e3 7.04769576032049236e-5 2.04098889446946373e3 -2.34923192010683056e-5 2.36592889804043625e3 -7.04769576032049236e-5 2.40405486477968043e3 2.34923192010683056e-5 2.49760717641045403e3 -2.11430872809614757e-4 2.91135596950375839e3 2.34923192010683056e-5 2.02429905820089516e3 -4.69846384021366112e-5 3.96578900678789978e3 0.00000000000000000e0 4.28224955171252350e3 -2.55795384873636033e-5 2.47445281771341206e3 -8.18370585253802346e2 -2.34923192010683056e-5 -1.40838957891631321e3 -4.69846384021366112e-5 -1.97349924366818595e3 2.34923192010683056e-5 -2.53547740576287515e3 -7.04769576032049236e-5 -3.08956759882406050e3 2.34923192010683056e-5 -3.67823284759260969e3 -7.04769576032049236e-5 -4.19162985676457720e3 0.00000000000000000e0 -4.82994342054787649e3 4.69846384021366112e-5 -5.28933640380202360e3 4.69846384021366112e-5 -5.97489703868525430e3 -2.34923192010683056e-5 -6.40345346343273832e3 0.00000000000000000e0 -7.08907658788504432e3 -2.34923192010683056e-5 -7.55836827126543449e3 -4.69846384021366112e-5 -8.15149755402088977e3 -2.34923192010683056e-5 -8.76849017017455662e3 -2.34923192010683056e-5 -9.15750737724429746e3 -2.34923192010683056e-5 -1.00274868994887329e4 -4.69846384021366112e-5 -1.01226733133508133e4 0.00000000000000000e0 -1.13211796699541592e4 -4.69846384021366112e-5 -1.10212725883851417e4 -6.57784937629912530e-4 -1.31367478980681753e4 2.34923192010683056e-5 -2.37692949600187749e4 -1.12763132165127878e-3 -1.43370393573150050e4 2.34923192010683056e-5
-2.78701951117454826e2 -1.27897692436818017e-5 -1.42619797571796852e2 6.39488462184090083e-6 -2.86621050094026884e2 6.39488462184090083e-6 -3.78562582881158903e2 0.00000000000000000e0 -3.73488868632421088e2 -6.39488462184090083e-6 -5.73139967485758348e2 1.91846538655227016e-5 -5.10649749685398945e2 -1.91846538655227016e-5 -7.17703873931441080e2 1.27897692436818017e-5 -7.01811568859511567e2 0.00000000000000000e0 -8.27683771120746201e2 1.27897692436818017e-5 -9.13115445655421240e2 5.24380538990953829e-4 -9.50221101225778966e2 -6.39488462184090083e-6 -1.09680970190595394e3 2.30215846386272433e-4 -1.12439329846836245e3 -2.55795384873636033e-5 -1.23308727779658511e3 3.13349346470204128e-4 -1.34323502036792752e3 -3.83693077310454033e-5 -1.36337005525177779e3 1.08713038571295315e-4 -1.54018883233852921e3 2.04636307898908826e-4 -1.61253344899137096e3 -2.55795384873636013e-4 -1.58652358051014608e3 1.72661884789704318e-4 -2.53280866324701037e3 -1.79056769411545220e-4 -9.96143213605193750e2 0.00000000000000000e0 -6.77383729907887641e2 -7.35522753814166208e-4 0.00000000000000000e0 -8.21846565202122179e2 1.27897692436818017e-5 -1.55150882221732877e3 -6.39488462184090083e-6 -1.81586258989341309e3 -1.27897692436818017e-5 -2.48270509430881202e3 1.91846538655227016e-5 -2.82898703503064962e3 6.39488462184090083e-6 -3.37116266422299259e3 6.39488462184090083e-6 -3.86616463003974741e3 6.39488462184090083e-6 -4.26445777890194131e3 -6.39488462184090083e-6 -4.87075849733287123e3 4.09272615797817653e-4 -5.21277617551163439e3 -4.47641923528863049e-5 -5.81106028576527842e3 3.60245167030370848e-4 -6.21993576643831057e3 -1.74082970261224512e-5 -6.71305674728728172e3 7.39408534400354256e-4 -7.23258675350280009e3 1.59161572810262442e-4 -7.65125041723990671e3 -1.41175959811334879e-4 -8.17187823329845651e3 1.43884903991420271e-5 -8.69554847326980780e3 0.00000000000000000e0 -8.98479512230210094e3 1.77635683940025013e-5 -9.87317170739743051e3 7.83373366175510347e-4 -9.62956272161363631e3 -5.15854026161832735e-4 -1.16747731098598688e4 -1.12763132165127878e-3 -2.26241918767300340e4 1.43245415529236176e-3 -1.28365258353357876e4
2.55795384873636033e-5 2.96897508178517398e2 -2.55795384873636033e-5 3.56474990326205386e2 -7.67386154620908065e-5 5.52498335082418521e2 5.11590769747272066e-5 6.61701170656669888e2 5.11590769747272066e-5 8.00468401962461826e2 0.00000000000000000e0 9.81725472115613115e2 -2.55795384873636033e-5 1.05189677128691960e3 0.00000000000000000e0 1.29667195380989119e3 5.11590769747272066e-5 1.33742929051550141e3 5.11590769747272066e-5 1.58101602210081160e3 2.55795384873636033e-5 1.67687917951297982e3 -5.11590769747272066e-5 1.82817355494080380e3 0.00000000000000000e0 2.06002477796118865e3 0.00000000000000000e0 2.06347658320282744e3 0.00000000000000000e0 2.44194746983339382e3 5.11590769747272066e-5 2.33943575551620552e3 1.53477230924181613e-4 2.75247321894767038e3 5.11590769747272066e-5 2.71891242960009504e3 2.81374923360999619e-4 2.89176419130399108e3 2.55795384873636033e-5 3.27768030956576649e3 0.00000000000000000e0 2.34769257474454162e3 5.11590769747272066e-5 4.45015242576118817e3 -2.55795384873636033e-5 4.77062449704135270e3 -8.41751321445371900e2 0.00000000000000000e0 -1.48454685984233925e3 5.11590769747272066e-5 -2.01725328281554516e3 -2.55795384873636033e-5 -2.67801084987695458e3 2.55795384873636033e-5 -3.16797399193546835e3 -2.55795384873636033e-5 -3.85402424853964430e3 -5.11590769747272066e-5 -4.35055509058201915e3 0.00000000000000000e0 -4.98932829771092565e3 5.11590769747272066e-5 -5.57104642098238310e3 -2.55795384873636033e-5 -6.09488863858587047e3 7.67386154620908065e-5 -6.80175442369090797e3 -5.11590769747272066e-5 -7.21165974937321062e3 2.55795384873636033e-5 -7.99375490601050751e3 5.11590769747272066e-5 -8.38944089878168415e3 0.00000000000000000e0 -9.10430752867341471e3 1.02318153949454413e-4 -9.65729159361216989e3 -2.55795384873636033e-5 -1.01240987049777668e4 5.11590769747272066e-5 -1.10038472541873471e4 2.55795384873636033e-5 -1.10829362455433493e4 -5.11590769747272066e-5 -1.23938486609631564e4 8.18545231595635306e-4 -1.19752402554240671e4 -2.55795384873636033e-5 -1.43370393573150050e4 1.43245415529236176e-3 -2.58188986094864922e4 -2.55795384873636033e-5
-3.01353345055765942e2 6.93889390390722838e-6 -1.50819121080836283e2 -1.38777878078144568e-5 -3.23964993720338157e2 1.38777878078144568e-5 -4.02991848225120464e2 6.93889390390722838e-6 -4.16298821803717829e2 0.00000000000000000e0 -6.30576792171044758e2 6.93889390390722838e-6 -5.41351283245283867e2 6.93889390390722838e-6 -8.19543870267391867e2 3.46944695195361419e-5 -7.21936718739435491e2 0.00000000000000000e0 -9.54694642785192173e2 1.38777878078144568e-5 -9.60820735473877335e2 1.38777878078144568e-5 -1.04734500698810984e3 -6.93889390390722838e-6 -1.23312357001026362e3 6.93889390390722838e-5 -1.13477671259687440e3 6.93889390390722838e-6 -1.49276974070744473e3 4.85722573273505986e-5 -1.26899529324653304e3 0.00000000000000000e0 -1.68759615402080931e3 6.93889390390722838e-6 -1.50511573480116567e3 5.55111512312578270e-5 -1.77245707888573611e3 6.93889390390722838e-6 -1.91715896118438377e3 3.67761376907083104e-4 -1.69037658803716772e3 0.00000000000000000e0 -3.01482904054850496e3 4.09394740330526474e-4 -9.95733211084370737e2 -1.38777878078144568e-5 0.00000000000000000e0 -8.68367024120519886e2 -6.93889390390722838e-6 -1.62880991333436145e3 -1.38777878078144568e-5 -1.90026749891103464e3 0.00000000000000000e0 -2.62650885068937987e3 2.08166817117216851e-5 -2.94308980658408700e3 0.00000000000000000e0 -3.57534286204996852e3 -6.93889390390722838e-6 -4.03177741192806161e3 6.93889390390722838e-6 -4.49304504712699782e3 0.00000000000000000e0 -5.13165650944946719e3 5.55111512312578270e-5 -5.42420825616618549e3 6.93889390390722838e-6 -6.19427057563237668e3 3.75255382323302978e-5 -6.41511923443749401e3 8.70414851306122558e-6 -7.18044101261083870e3 0.00000000000000000e0 -7.49251116705096410e3 -1.13686837721616030e-5 -8.07945896991180143e3 0.00000000000000000e0 -8.65042611847277658e3 7.19424519957101303e-5 -8.91416384457555068e3 1.60316204755872604e-5 -9.85243661655310643e3 8.88178419700125097e-5 -9.72677889621298527e3 -1.95843341543877580e-5 -1.10620113832893276e4 4.29878355134860545e-5 -1.04970081168942470e4 2.34923192010683056e-5 -1.28365258353357876e4 -2.55795384873636033e-5 -2.47730040647820024e4