-9.25549613839393714e1 -1.77635683940025046e-7 -7.94851064966905909e1 -3.55271367880050093e-7 -1.21286147702903691e2 -8.32667268468867299e-7 -1.60660835746284619e2 -7.99360577730112603e-7 -1.82400945547556120e2 -1.08801856413265320e-6 -2.35044974639109199e2 -4.26325641456060112e-6 -2.48294813331995101e2 0.00000000000000000e0 -3.02558730069790670e2 1.11022302462515633e-6 -3.20174802226347254e2 4.03010957938931824e-6 -3.63506808254143664e2 0.00000000000000000e0 -3.95618462789570856e2 -1.87627691161651477e-6 -4.22094624052960000e2 2.17603712826530640e-6 -4.69505539690828698e2 -3.99680288865056355e-5 -4.83700629549943528e2 -2.84217094304040074e-6 -5.37189225724432617e2 -2.88769008705003182e-5 -5.51430347162096155e2 -3.59712259978550677e-6 -5.97737330032543809e2 4.00790511889681511e-6 -6.24259774584245974e2 -1.77635683940025013e-5 -6.54774563457749423e2 -4.89608353859693950e-6 -6.97697329110624651e2 2.04192218689058764e-4 -7.13947345687415577e2 1.17461596005341528e-5 -7.66603028123924219e2 -1.79056769411545220e-4 -7.79385285909483969e2 -6.93889390390722838e-6 -8.28790092111120202e2 0.00000000000000000e0 -8.51351312292081388e2 0.00000000000000000e0 -8.86878008632407955e2 -8.70414851306122558e-6 -9.26111235344251213e2 9.33697563709756481e-6 -9.46257252509852151e2 2.99760216648792266e-5 -9.98206517444089059e2 0.00000000000000000e0 -1.01157429841514113e3 2.27373675443232059e-5 -1.06410275293455925e3 -6.04516436908397668e-5 0.00000000000000000e0 -1.23759924974820024e1 7.99360577730112603e-7 -5.50162152279654038e1 1.42108547152020037e-6 -3.62594251845926792e1 1.11022302462515633e-6 -7.30914912594471247e1 0.00000000000000000e0 -6.73938990169986454e1 -4.35207425653061279e-6 -8.82303694993424870e1 2.84217094304040074e-6 -1.02316521954914904e2 0.00000000000000000e0 -1.02780869370988611e2 0.00000000000000000e0 -1.34943512097862595e2 0.00000000000000000e0 -1.22656014944766397e2 0.00000000000000000e0 -1.59960646561874171e2 -1.50102152929321181e-5 -1.50665379150538541e2 0.00000000000000000e0 -1.76919279226694925e2 -9.99200722162640886e-6 -1.84629473665154364e2 -1.13686837721616030e-5 -1.90975686586991571e2 -2.56683563293336158e-5 -2.18491295056466555e2 0.00000000000000000e0 -2.08691639580482757e2 1.60316204755872604e-5 -2.45814808508271170e2 3.55271367880050025e-5 -2.34154504885619673e2 -3.91686683087755160e-5 -2.64422491147442429e2 -2.14939177567430272e-5 -2.66777003177232018e2 2.34923192010683056e-5 -2.78701951117454826e2 2.55795384873636033e-5 -3.01353345055765942e2 0.00000000000000000e0 -2.95053175225490406e2 3.00204305858642362e-5 -3.30959066952019043e2 -1.29496413592278259e-4 -3.18286974909653907e2 -6.96331881044898047e-5 -3.51597823078364456e2 3.73479025483902592e-5 -3.49406583666223014e2 3.99680288865056355e-5 -3.66736171353299085e2 8.53539461331820484e-5 -3.84331985969765810e2 -9.09494701772928238e-5 -3.82454735181614296e2
-1.77635683940025046e-7 -1.15051594251625019e2 7.99360577730112603e-7 -8.67737302456816906e1 0.00000000000000000e0 -1.07358047174432855e2 -2.22044604925031266e-6 -1.52915654139107431e2 -1.59872115546022521e-6 -1.65945577146331374e2 4.35207425653061279e-6 -2.06560358151364198e2 2.84217094304040074e-6 -2.30289287039830953e2 0.00000000000000000e0 -2.57860528485309658e2 8.88178419700125063e-6 -2.94932206001963209e2 -1.61204383175572730e-5 -3.11778064165935064e2 -6.39488462184090083e-6 -3.55655547912281406e2 -1.50102152929321181e-5 -3.71081435002196201e2 3.48165940522449023e-5 -4.11284683810020397e2 1.99840144432528177e-5 -4.35115754271464539e2 -1.13686837721616030e-5 -4.64325447335767137e2 0.00000000000000000e0 -5.00265034197866441e2 -1.43884903991420271e-5 -5.18833020779485537e2 1.60316204755872604e-5 -5.62372921564246894e2 1.77635683940025013e-5 -5.77792306899471555e2 0.00000000000000000e0 -6.19387809930316280e2 2.14939177567430272e-5 -6.41371934850809339e2 2.34923192010683056e-5 -6.73057360245365885e2 2.55795384873636033e-5 -7.06625612190148217e2 -1.11022302462515654e-4 -7.27054016014250351e2 0.00000000000000000e0 -7.69458333449435372e2 -9.71223101942086942e-5 -7.84590388924755075e2 3.48165940522449023e-5 -8.27076510079294167e2 3.73479025483902592e-5 -8.46635521689620418e2 -3.99680288865056355e-5 -8.80581031814653443e2 0.00000000000000000e0 -9.11028644168254687e2 -2.27373675443232059e-4 -9.33420542958973670e2 3.34588193595664052e1 -4.99600361081320337e-7 4.48686503951023425e1 0.00000000000000000e0 2.88286926775072061e1 2.77555756156289082e-7 5.72225433703721293e1 -1.19904086659516885e-6 7.01934734337328194e1 5.44009282066326599e-7 7.26366938152977895e1 -6.39488462184090167e-6 1.01469214541793917e2 8.99280649946376692e-7 9.47823351804544103e1 -6.66133814775093840e-6 1.24885901620075387e2 1.34336985979643920e-6 1.23954612307741726e2 -1.59872115546022521e-6 1.42576702444330266e2 -9.38138455808257446e-6 1.56358050418248268e2 -4.35207425653061279e-6 1.59639985142234735e2 1.59872115546022542e-4 1.86545449087915927e2 -2.84217094304040074e-6 1.81085943040670827e2 -5.13367126586672317e-5 2.10858424276594263e2 0.00000000000000000e0 2.08901441745012988e2 0.00000000000000000e0 2.29502730997310778e2 -1.77635683940025013e-5 2.40606414791955075e2 0.00000000000000000e0 2.46529498015846059e2 -5.37347943918575681e-6 2.71281399122358380e2 5.87307980026707640e-6 2.66868517506679780e2 -1.27897692436818017e-5 2.96897508178517398e2 6.93889390390722838e-6 2.93351953839504631e2 7.50510764646605906e-6 3.16641061992584184e2 0.00000000000000000e0 3.24500465698207563e2 -8.70414851306122558e-6 3.33731851043239601e2 -9.33697563709756481e-6 3.55785942174335844e2 0.00000000000000000e0 3.53051547996585668e2 5.33462163332387785e-5 3.82859563785587000e2 -3.41060513164848089e-5 3.78124013877823018e2 2.41806574763359095e-5
-7.94851064966905909e1 7.99360577730112603e-7 -2.07591213019497872e2 3.99680288865056302e-7 -1.63990447532569306e2 3.99680288865056302e-7 -2.18903734028330604e2 -3.99680288865056302e-7 -2.67519320296116746e2 -1.63202784619897990e-6 -3.16744630257659253e2 -7.10542735760100186e-7 -3.62465550551860360e2 0.00000000000000000e0 -4.13702832791074059e2 -1.11022302462515633e-6 -4.58184929996718836e2 2.68673971959287840e-6 -5.08196226878254663e2 -1.59872115546022521e-6 -5.54637136218616320e2 -1.87627691161651477e-6 -6.01000284383701569e2 8.70414851306122558e-6 -6.50614176578301226e2 -9.99200722162640886e-6 -6.93583750432935631e2 -5.68434188608080149e-6 -7.44847000078152632e2 3.20854454116670198e-6 -7.87056052953260973e2 3.59712259978550677e-6 -8.36967277884070768e2 4.00790511889681511e-6 -8.81542177699756735e2 -1.33226762955018768e-5 -9.27839440834077209e2 0.00000000000000000e0 -9.76226003635005441e2 -7.52287121486006072e-5 -1.01899085347412199e3 1.17461596005341528e-5 -1.07000236040377649e3 -4.47641923528863049e-5 -1.11170631100776495e3 1.38777878078144568e-5 -1.16239845526777685e3 2.25153229393981780e-5 -1.20635311091632525e3 -8.09352584951739118e-6 -1.25409794908826211e3 0.00000000000000000e0 -1.30224743486451166e3 -1.86739512741951296e-5 -1.34649631160499416e3 2.99760216648792266e-5 -1.39815355293393395e3 2.13384865332955121e-5 -1.44084447293302287e3 2.27373675443232059e-5 -1.49318229887285270e3 0.00000000000000000e0 -3.99680288865056302e-7 2.42893397395249586e1 0.00000000000000000e0 -2.01084221274072625e1 7.10542735760100186e-7 -3.51973886036915857e1 -2.22044604925031266e-6 -3.39253493297775250e1 0.00000000000000000e0 -3.77539150497874161e1 0.00000000000000000e0 -4.58927914337436960e1 2.84217094304040074e-6 -5.09121130254364047e1 -3.59712259978550677e-6 -5.61666435583418817e1 -4.44089209850062531e-6 -6.53207320788773416e1 0.00000000000000000e0 -6.69750814807912178e1 1.27897692436818017e-5 -7.83942360471634601e1 0.00000000000000000e0 -7.95951121901339178e1 0.00000000000000000e0 -8.94081758628928469e1 9.99200722162640886e-6 -9.38706705255754059e1 1.13686837721616030e-5 -9.93474961741291764e1 -2.56683563293336158e-5 -1.08442156454557889e2 -4.31654711974260795e-5 -1.09830651973119586e2 1.60316204755872604e-5 -1.21633640937091045e2 0.00000000000000000e0 -1.22053335538385682e2 -1.95843341543877580e-5 -1.32720729340007892e2 0.00000000000000000e0 -1.36095656610990517e2 2.34923192010683056e-5 -1.42619797571796852e2 -2.55795384873636033e-5 -1.50819121080836283e2 0.00000000000000000e0 -1.52865135794044733e2 6.00408611717284725e-5 -1.64525039691998387e2 -6.47482067961391294e-5 -1.64729709872801749e2 -1.04449782156734714e-4 -1.76138394636371459e2 -3.73479025483902592e-5 -1.78600704225928553e2 -7.99360577730112709e-5 -1.86391167744659498e2 -4.26769730665910242e-5 -1.93579774077079492e2 0.00000000000000000e0 -1.96714919953322465e2
-3.55271367880050093e-7 -8.67737302456816906e1 3.99680288865056302e-7 -2.63166120362257061e2 -2.13162820728030056e-6 -1.59804934285467908e2 1.11022302462515633e-6 -2.21113041076748090e2 -1.59872115546022521e-6 -2.62726861388617976e2 0.00000000000000000e0 -3.03526969247513989e2 2.84217094304040074e-6 -3.53883024784007375e2 7.19424519957101353e-6 -3.88278913465711582e2 -4.44089209850062531e-6 -4.43100552238728767e2 5.37347943918575681e-6 -4.75594566928805250e2 6.39488462184090083e-6 -5.29457665621180354e2 -1.50102152929321181e-5 -5.65797641538523408e2 1.74082970261224512e-5 -6.13367396873343296e2 9.99200722162640886e-6 -6.57639037626722711e2 1.13686837721616030e-5 -6.96965807778226917e2 2.56683563293336158e-5 -7.48717029575018842e2 -1.43884903991420271e-5 -7.82625151563021177e2 -3.20632409511745209e-5 -8.36941791426681789e2 -1.77635683940025013e-5 -8.71516995071264091e2 0.00000000000000000e0 -9.21864449576759057e2 -2.14939177567430272e-5 -9.62971389362188006e2 4.69846384021366112e-5 -1.00537751563933841e3 5.11590769747272066e-5 -1.05466183009106385e3 -2.77555756156289135e-5 -1.09009405511173463e3 3.00204305858642362e-5 -1.14405369358028247e3 -3.23741033980695647e-5 -1.17776387114076874e3 -6.96331881044898047e-5 -1.22984794370672989e3 0.00000000000000000e0 -1.26843438752466409e3 1.19904086659516906e-4 -1.31342485869545567e3 4.26769730665910242e-5 -1.36020756826837896e3 -2.72848410531878471e-4 -1.39741227379586144e3 2.10090627561498877e1 -3.55271367880050093e-7 8.42517479782145386e1 5.32907051820075139e-7 5.88656405398069182e1 2.77555756156289082e-7 4.47214698606757040e1 -7.99360577730112603e-7 8.95137819867386355e1 -1.08801856413265320e-6 8.77603194116005483e1 -7.10542735760100186e-6 1.17772702878937707e2 0.00000000000000000e0 1.21982948941834465e2 -3.33066907387546920e-6 1.43797391771727206e2 -1.34336985979643920e-6 1.57034622239038413e2 3.19744231092045041e-6 1.68755710205914482e2 -7.50510764646605906e-6 1.91553913175823737e2 2.17603712826530640e-6 1.95282689929854286e2 1.54876111935209337e-4 2.23157042844590592e2 0.00000000000000000e0 2.25408734877419192e2 -4.81281681175005293e-5 2.50837120274738339e2 3.59712259978550677e-6 2.59173100580767311e2 -8.01581023779363022e-6 2.75799694282596874e2 -2.22044604925031274e-5 2.94193096550543430e2 4.89608353859693950e-6 3.01067442576297083e2 1.07469588783715136e-5 3.27277998479758025e2 1.17461596005341528e-5 3.29466550619272766e2 6.39488462184090083e-6 3.56474990326205386e2 -1.38777878078144568e-5 3.62022023470132126e2 -7.50510764646605906e-6 3.82113369568060136e2 -2.42805775485521735e-5 3.96970446514544051e2 0.00000000000000000e0 4.06888269566252291e2 -9.33697563709756481e-6 4.31014552448871711e2 0.00000000000000000e0 4.34013065486738014e2 3.20077297999432631e-5 4.61585434585742917e2 2.27373675443232059e-5 4.65313996755867265e2 -3.62709862145038642e-5
-1.21286147702903691e2 0.00000000000000000e0 -1.63990447532569306e2 -2.13162820728030056e-6 -4.22674020228441805e2 -1.42108547152020037e-6 -3.15369833581158275e2 -2.13162820728030056e-6 -3.69792534193891186e2 -2.13162820728030056e-6 -4.87220647071850919e2 -1.13686837721616030e-5 -5.01143290421168786e2 -8.99280649946376692e-7 -6.25681001409361556e2 -5.55111512312578186e-6 -6.50471307928057627e2 1.34336985979643920e-6 -7.47183025318065461e2 0.00000000000000000e0 -8.09594330775098456e2 -1.31339383813156036e-5 -8.62946163238120903e2 0.00000000000000000e0 -9.65336950642381339e2 -9.99200722162640886e-5 -9.86636692346110067e2 8.52651282912120223e-6 -1.10583979449074832e3 -6.09623462821673389e-5 -1.12614918332809543e3 0.00000000000000000e0 -1.22851329589224156e3 -4.00790511889681511e-6 -1.27896300328167445e3 -1.77635683940025013e-5 -1.34220613290381129e3 0.00000000000000000e0 -1.43375335763806765e3 8.06021915877863648e-5 -1.46093903214961051e3 2.93653990013353837e-5 -1.57745087943084127e3 1.27897692436818006e-4 -1.59507356443100412e3 -6.93889390390722838e-6 -1.70426214807228871e3 -7.50510764646605906e-6 -1.74537072261671278e3 1.61870516990347824e-5 -1.82038861464839397e3 8.70414851306122558e-6 -1.90257798919901666e3 6.90936197145219813e-4 -1.93908188670377490e3 1.59872115546022542e-4 -2.05304273581674579e3 1.06692432666477560e-5 -2.07194322863202297e3 6.82121026329696178e-5 -2.18780692193831783e3 -6.04516436908397668e-5 2.84217094304040074e-6 -3.31765264149908035e0 -1.42108547152020037e-6 -2.12390673937079555e1 -7.10542735760100186e-7 -1.15306860948294343e1 -1.11022302462515633e-6 -1.17437002700171433e2 3.19744231092045041e-6 -5.76073503566476575e1 4.35207425653061279e-6 -1.00090959165299864e2 2.84217094304040074e-6 -1.11552456172336875e2 0.00000000000000000e0 -9.68475200036067321e1 0.00000000000000000e0 -1.58606386468918004e2 -5.37347943918575681e-6 -1.09181294405402681e2 1.27897692436818017e-5 -1.86095602239255726e2 7.50510764646605906e-6 -1.42852115470049029e2 8.70414851306122558e-6 -1.92965780854148505e2 0.00000000000000000e0 -1.92112213426298695e2 0.00000000000000000e0 -1.92150982869510017e2 -1.28341781646668079e-5 -2.41503084730254585e2 -2.87769807982840541e-5 -2.00214451329117082e2 3.20632409511745209e-5 -2.74813460876543957e2 -3.55271367880050025e-5 -2.27634184801761506e2 1.95843341543877580e-5 -2.86298764207160161e2 4.29878355134860545e-5 -2.73204172818175493e2 4.69846384021366112e-5 -2.86621050094026884e2 -7.67386154620908065e-5 -3.23964993720338157e2 -8.32667268468867405e-5 -2.91685438291722278e2 0.00000000000000000e0 -3.62649842056139732e2 -2.58992827184556518e-4 -3.13657003303546787e2 0.00000000000000000e0 -3.79117877169488054e2 -7.46958050967805185e-5 -3.55289178077811130e2 -7.99360577730112709e-5 -3.81658772463655566e2 -4.26769730665910242e-5 -4.06594574542396003e2 -2.27373675443232059e-4 -3.85242390188444972e2
-8.32667268468867299e-7 -1.07358047174432855e2 3.99680288865056302e-7 -1.59804934285467908e2 -1.42108547152020037e-6 -4.33458213766613142e2 3.33066907387546920e-6 -2.62246554472156333e2 1.59872115546022521e-6 -3.10225978106259902e2 4.35207425653061279e-6 -3.88978289578290060e2 5.68434188608080149e-6 -4.21944798401074820e2 -7.19424519957101353e-6 -4.89344377241351879e2 4.44089209850062531e-6 -5.39662724674538822e2 0.00000000000000000e0 -5.89891906521699980e2 6.39488462184090083e-6 -6.54849761971831981e2 0.00000000000000000e0 -6.95913096171452025e2 0.00000000000000000e0 -7.64378552953193207e2 0.00000000000000000e0 -8.08294555554311955e2 0.00000000000000000e0 -8.69507026302063082e2 -1.28341781646668079e-5 -9.24065378615779196e2 -2.87769807982840541e-5 -9.74093299843659111e2 -1.60316204755872604e-5 -1.03869668865996778e3 0.00000000000000000e0 -1.08190123470075491e3 1.95843341543877580e-5 -1.14900869041534293e3 0.00000000000000000e0 -1.19430977092438411e3 7.04769576032049236e-5 -1.25529572017057922e3 -5.11590769747272066e-5 -1.30944755732942394e3 -2.77555756156289135e-5 -1.36032696125276698e3 3.00204305858642362e-5 -1.42360763757398695e3 -9.71223101942086942e-5 -1.46736087582866026e3 3.48165940522449023e-5 -1.53358679192416844e3 0.00000000000000000e0 -1.57811603784807630e3 0.00000000000000000e0 -1.63931525121174832e3 4.26769730665910242e-5 -1.69148931945528602e3 -4.54747350886464119e-5 -1.74316930670048714e3 4.53227580465842479e1 2.77555756156289082e-7 7.01909546485523919e1 -2.77555756156289082e-7 1.26948739165300140e2 -2.77555756156289082e-7 1.26195864869060856e2 0.00000000000000000e0 9.33620524889988559e1 1.08801856413265320e-6 1.50420564093423053e2 -1.42108547152020037e-6 1.77231461861993012e2 0.00000000000000000e0 1.86487929099143884e2 -3.33066907387546920e-6 2.31208145962114003e2 -1.34336985979643920e-6 2.33518552317235589e2 -4.79616346638067541e-6 2.73758251267963658e2 -7.50510764646605906e-6 2.87391848763363157e2 0.00000000000000000e0 3.11880878278714079e2 1.87350135405495166e-4 3.41755264088305921e2 1.13686837721616030e-5 3.52218330590403639e2 -3.20854454116670172e-5 3.91301347901773454e2 3.59712259978550677e-6 3.98638666077033520e2 0.00000000000000000e0 4.34474405386353624e2 -1.77635683940025013e-5 4.50326744783069387e2 -4.89608353859693950e-6 4.74108548020879425e2 0.00000000000000000e0 5.03104414484312144e2 -1.17461596005341528e-5 5.15012951840532082e2 6.39488462184090083e-6 5.52498335082418521e2 1.38777878078144568e-5 5.60898716361890592e2 -7.50510764646605906e-6 5.96476805903023546e2 -2.42805775485521735e-5 6.11747241263671526e2 0.00000000000000000e0 6.36871823189721795e2 -1.86739512741951296e-5 6.64223744761826993e2 0.00000000000000000e0 6.77813045690811578e2 3.20077297999432631e-5 7.14205716523253045e2 1.13686837721616030e-5 7.23041330275009386e2 4.83613149526718189e-5
-1.60660835746284619e2 -2.22044604925031266e-6 -2.18903734028330604e2 1.11022302462515633e-6 -3.15369833581158275e2 3.33066907387546920e-6 -7.06608731526614406e2 -1.11022302462515633e-6 -4.82568936810423509e2 0.00000000000000000e0 -6.01342592210229895e2 -4.44089209850062531e-6 -6.91473010761001206e2 2.22044604925031266e-6 -7.80006899070428858e2 -1.11022302462515633e-6 -8.74362093838953911e2 -2.68673971959287840e-6 -9.59156735413912884e2 1.59872115546022521e-6 -1.05585244867256711e3 3.75255382323302953e-6 -1.13672846744350431e3 4.35207425653061279e-6 -1.23518947354739316e3 -1.74860126378462155e-5 -1.31432228100969451e3 0.00000000000000000e0 -1.41110631375340745e3 -1.60427227058335086e-5 -1.49298581546553055e3 7.19424519957101353e-6 -1.58385213104850186e3 4.00790511889681511e-6 -1.67229270360280680e3 -4.44089209850062531e-6 -1.75551969405773866e3 0.00000000000000000e0 -1.85066519189369637e3 -1.71951342053944218e-4 -1.92879797822342857e3 1.17461596005341528e-5 -2.02656334189477093e3 -8.95283847057726099e-5 -2.10542917500333670e3 0.00000000000000000e0 -2.19992801753221556e3 1.50102152929321181e-5 -2.28535778408200986e3 0.00000000000000000e0 -2.37278000927432231e3 0.00000000000000000e0 -2.46686640537063749e3 -9.33697563709756481e-6 -2.54800769203811205e3 9.99200722162640886e-6 -2.64769434377143398e3 0.00000000000000000e0 -2.72766087907605515e3 -1.13686837721616030e-5 -2.82665150734828785e3 1.20903287381679547e-5 -3.33066907387546920e-6 4.74152050955467441e0 -3.33066907387546920e-6 -7.88253773364999546e1 0.00000000000000000e0 8.42667602363178325e0 1.11022302462515633e-6 -6.95425383945291600e1 0.00000000000000000e0 -1.41497720207439642e2 4.35207425653061279e-6 -1.12616702629964024e2 5.68434188608080149e-6 -1.44884926278621123e2 3.59712259978550677e-6 -1.47389406235376413e2 -8.88178419700125063e-6 -1.74020554799536569e2 0.00000000000000000e0 -1.81414104538646342e2 -6.39488462184090083e-6 -2.04401300918366530e2 7.50510764646605906e-6 -2.17008749459068866e2 0.00000000000000000e0 -2.33381721448377988e2 9.99200722162640886e-6 -2.53696319418850180e2 0.00000000000000000e0 -2.62457538124927169e2 2.56683563293336158e-5 -2.89347318904731253e2 -1.43884903991420271e-5 -2.93825239539025063e2 -4.80948614267617813e-5 -3.21760706967211206e2 -5.32907051820075072e-5 -3.28534201943231267e2 3.91686683087755160e-5 -3.50648367497541301e2 2.14939177567430272e-5 -3.65763240939287357e2 -2.34923192010683056e-5 -3.78562582881158903e2 5.11590769747272066e-5 -4.02991848225120464e2 -2.77555756156289135e-5 -4.08433586951417794e2 0.00000000000000000e0 -4.37308822154314214e2 0.00000000000000000e0 -4.41973769582659713e2 -3.48165940522449023e-5 -4.67411428006769768e2 -7.46958050967805185e-5 -4.79057613578248720e2 -7.99360577730112709e-5 -4.95620299267862720e2 4.26769730665910242e-5 -5.17385433340677992e2 -4.54747350886464119e-5 -5.25068251078231128e2
-7.99360577730112603e-7 -1.52915654139107431e2 -3.99680288865056302e-7 -2.21113041076748090e2 -2.13162820728030056e-6 -2.62246554472156333e2 -1.11022302462515633e-6 -7.29924738251952363e2 -4.79616346638067541e-6 -4.01880805023235780e2 -2.17603712826530640e-6 -5.01586710299761762e2 -2.84217094304040074e-6 -5.93985586017087144e2 -7.19424519957101353e-6 -6.30021861347529352e2 -4.44089209850062531e-6 -7.48164041308729793e2 -1.61204383175572730e-5 -7.72810103910614885e2 6.39488462184090083e-6 -8.89498406653199822e2 -1.50102152929321181e-5 -9.28123534382763069e2 -8.70414851306122558e-6 -1.02025905224234498e3 -9.99200722162640886e-6 -1.09078368950576987e3 -1.13686837721616030e-5 -1.14903492619555777e3 -1.28341781646668079e-5 -1.25100399559485686e3 -1.43884903991420271e-5 -1.28559590990562356e3 -3.20632409511745209e-5 -1.40005411264354484e3 -5.32907051820075072e-5 -1.43511397435736012e3 0.00000000000000000e0 -1.53569625909177876e3 0.00000000000000000e0 -1.59535882181538432e3 -7.04769576032049236e-5 -1.66505914975800783e3 2.55795384873636033e-5 -1.75721279888074741e3 -1.38777878078144568e-4 -1.79851478012693656e3 -3.00204305858642362e-5 -1.91043365447285396e3 -1.94244620388417388e-4 -1.94336297436592508e3 3.48165940522449023e-5 -2.04951201556724482e3 7.46958050967805185e-5 -2.10025913660594188e3 0.00000000000000000e0 -2.17942044815622194e3 -4.26769730665910242e-5 -2.26198006885169889e3 -5.91171556152403355e-4 -2.31033104077793541e3 4.64720178339206242e1 -1.19904086659516885e-6 1.10987282564423126e2 0.00000000000000000e0 6.99808971660331736e1 -7.99360577730112603e-7 1.92714219027223493e2 -7.59392548843606989e-6 1.94716780299586361e2 1.08801856413265320e-6 1.02402470680829069e2 -2.91322521661641076e-5 2.33298780472068756e2 8.99280649946376692e-7 2.03198998827147619e2 -2.22044604925031274e-5 2.69852731271669143e2 0.00000000000000000e0 2.82635453707769102e2 -1.59872115546022521e-6 3.02961847609139966e2 -3.37729844090972687e-5 3.57956221774813400e2 4.35207425653061279e-6 3.42336850600588548e2 8.24340595784178731e-5 4.21150134766179463e2 0.00000000000000000e0 3.96359030219173292e2 6.73794353645007369e-5 4.68048334401061027e2 -7.19424519957101353e-6 4.65559937801174271e2 -1.20237153566904453e-5 5.03231925463865082e2 -1.24344978758017505e-4 5.40676055038602385e2 1.46882506157908176e-5 5.38734657284933746e2 5.37347943918575681e-6 6.08822377934359338e2 1.17461596005341528e-5 5.86201139407549363e2 0.00000000000000000e0 6.61701170656669888e2 6.93889390390722838e-6 6.50253878520246076e2 -3.00204305858642362e-5 7.00076111037617579e2 -8.90287843446913030e-5 7.24405236196545843e2 -8.70414851306122558e-6 7.34297601212574477e2 9.33697563709756481e-6 7.95735308045664055e2 1.99840144432528177e-5 7.77180639843777499e2 7.46847028665342805e-5 8.53780799614512034e2 0.00000000000000000e0 8.36356912259361707e2 3.62709862145038642e-5
-1.82400945547556120e2 -1.59872115546022521e-6 -2.67519320296116746e2 -1.59872115546022521e-6 -3.69792534193891186e2 1.59872115546022521e-6 -4.82568936810423509e2 -4.79616346638067541e-6 -1.00103185260991256e3 0.00000000000000000e0 -7.04047825816900172e2 -3.19744231092045041e-6 -7.65772443855894380e2 -1.59872115546022521e-6 -9.57799341838594273e2 -4.79616346638067541e-6 -9.84930426106700338e2 1.59872115546022521e-6 -1.14702223328322361e3 -1.59872115546022521e-6 -1.22608823573955283e3 -2.25153229393981780e-5 -1.32382117201679262e3 2.17603712826530640e-6 -1.46521525969944810e3 -1.34892097491956520e-4 -1.51001292469921123e3 8.52651282912120223e-6 -1.68358644714317052e3 -7.05879799056674393e-5 -1.71871127472300577e3 -3.59712259978550677e-6 -1.87573707606247785e3 8.01581023779363022e-6 -1.94792084351469430e3 -3.10862446895043764e-5 -2.05296721844661033e3 0.00000000000000000e0 -2.18227293475869965e3 4.83613149526718121e-5 -2.23500699370049460e3 6.46038778029378455e-5 -2.40287940309613577e3 9.59232693276135115e-5 -2.43751090351906851e3 1.38777878078144568e-5 -2.60027538390161817e3 -3.00204305858642362e-5 -2.66304896410218862e3 -8.09352584951739118e-6 -2.78170948195821666e3 -8.70414851306122558e-6 -2.89976911176381645e3 4.38837854943585572e-4 -2.96501805086002378e3 2.39808173319033813e-4 -3.12879598229898193e3 -1.06692432666477560e-5 -3.16679058665059210e3 1.02318153949454427e-4 -3.33690945808484685e3 -9.67226299053436378e-5 1.59872115546022521e-6 1.50014880517801412e1 0.00000000000000000e0 -6.40054105716103408e1 0.00000000000000000e0 -5.87571415522347635e1 1.59872115546022521e-6 -3.06052703180625905e1 -3.19744231092045041e-6 -3.78167753112279499e1 0.00000000000000000e0 -1.92228944762007330e2 -2.84217094304040074e-6 -1.32021481746846774e2 3.59712259978550677e-6 -1.37629042562537023e2 1.33226762955018768e-5 -2.05200602110266999e2 -1.61204383175572730e-5 -1.39358977158110491e2 0.00000000000000000e0 -2.47498205152574286e2 0.00000000000000000e0 -1.77489160346766511e2 8.70414851306122558e-6 -2.57458771801832881e2 -1.99840144432528177e-5 -2.41949965129606426e2 -2.27373675443232059e-5 -2.52930740507473189e2 -1.28341781646668079e-5 -3.10066424935584394e2 -1.43884903991420271e-5 -2.58171071909618604e2 -3.20632409511745209e-5 -3.57571674491907686e2 -3.55271367880050025e-5 -2.89878667669718425e2 5.87530024631632706e-5 -3.74363918087539048e2 0.00000000000000000e0 -3.48314338471933297e2 0.00000000000000000e0 -3.73488868632421088e2 5.11590769747272066e-5 -4.16298821803717829e2 -1.66533453693773481e-4 -3.76742714536249025e2 9.00612917575927121e-5 -4.69557443527612861e2 -3.88489240776834777e-4 -4.02143533762000459e2 -3.48165940522449023e-5 -4.92778338168076061e2 -1.49391610193561037e-4 -4.55100986895828896e2 7.99360577730112709e-5 -4.95630381702749673e2 1.70707892266364097e-4 -5.22947300396481296e2 -2.72848410531878471e-4 -4.97948059885455734e2
-1.08801856413265320e-6 -1.65945577146331374e2 -1.63202784619897990e-6 -2.62726861388617976e2 -2.13162820728030056e-6 -3.10225978106259902e2 0.00000000000000000e0 -4.01880805023235780e2 0.00000000000000000e0 -9.96957794807684536e2 1.08801856413265324e-5 -5.52985716950615824e2 -2.84217094304040074e-6 -6.43176667425304686e2 -1.07913677993565199e-5 -7.62439512635992742e2 0.00000000000000000e0 -8.09188574479868748e2 1.61204383175572730e-5 -9.21409107412784920e2 -6.39488462184090083e-6 -9.85576036616198280e2 0.00000000000000000e0 -1.07806719382708116e3 -2.61124455391836784e-5 -1.16202003769272369e3 2.99760216648792266e-5 -1.23798864137825149e3 1.13686837721616030e-5 -1.33452182943250000e3 2.56683563293336158e-5 -1.40343882835125532e3 4.31654711974260795e-5 -1.50198580538551937e3 -1.60316204755872604e-5 -1.57399483668996231e3 0.00000000000000000e0 -1.66584559786464547e3 -1.95843341543877580e-5 -1.74717701155735472e3 4.29878355134860545e-5 -1.82885933659449006e3 0.00000000000000000e0 -1.91948300454214382e3 2.55795384873636033e-5 -1.99373698800409124e3 0.00000000000000000e0 -2.08844653744044717e3 0.00000000000000000e0 -2.16175398102258487e3 1.29496413592278259e-4 -2.25370065063401580e3 -3.48165940522449023e-5 -2.33230992283672776e3 3.73479025483902592e-5 -2.41664618316761471e3 3.99680288865056355e-5 -2.50292291466003326e3 0.00000000000000000e0 -2.57963105241287849e3 1.81898940354585648e-4 -2.67109392474429433e3 6.21229147457213955e1 -1.08801856413265320e-6 1.24175660998204748e2 5.44009282066326599e-7 1.33452172690340376e2 -1.08801856413265320e-6 1.23317125400035351e2 2.17603712826530640e-6 2.86202639188104456e2 1.08801856413265320e-6 2.71254019201805306e2 1.13686837721616030e-5 1.82259682901531050e2 -8.99280649946376692e-7 2.98214927552109486e2 8.88178419700125063e-6 3.19172954732493906e2 1.34336985979643920e-6 3.50093840539855648e2 -1.59872115546022521e-6 4.03907154122862210e2 1.12576614696990890e-5 4.14001303594702165e2 0.00000000000000000e0 4.74279817375133860e2 -1.49880108324396133e-4 4.86216547024298507e2 0.00000000000000000e0 5.37122832611203194e2 6.73794353645007369e-5 5.62404942749949896e2 3.59712259978550677e-6 5.97747445141294406e2 8.01581023779363022e-6 6.37971347039467673e2 1.77635683940025013e-5 6.60722747625186344e2 0.00000000000000000e0 7.09486608663212223e2 0.00000000000000000e0 7.28451226450488207e2 -1.17461596005341528e-5 7.76074990271879756e2 -6.39488462184090083e-6 8.00468401962461826e2 0.00000000000000000e0 8.39372349403788576e2 0.00000000000000000e0 8.74231653646973086e2 2.42805775485521735e-5 9.02655398427043565e2 0.00000000000000000e0 9.46481658559150560e2 0.00000000000000000e0 9.68887093621972781e2 9.99200722162640886e-6 1.01515863715206933e3 -4.26769730665910242e-5 1.03900534962342317e3 0.00000000000000000e0 1.08035305856901687e3 7.25419724290077284e-5
-2.35044974639109199e2 4.35207425653061279e-6 -3.16744630257659253e2 0.00000000000000000e0 -4.87220647071850919e2 4.35207425653061279e-6 -6.01342592210229895e2 -2.17603712826530640e-6 -7.04047825816900172e2 1.08801856413265324e-5 -1.49289555739784396e3 0.00000000000000000e0 -9.52546983512547740e2 0.00000000000000000e0 -1.14357049030289181e3 -1.08801856413265324e-5 -1.28034447488545288e3 0.00000000000000000e0 -1.38960815063704490e3 4.35207425653061279e-6 -1.55385781042127724e3 -4.35207425653061279e-6 -1.64317487261200790e3 0.00000000000000000e0 -1.81762677922137050e3 -9.24260668000442820e-5 -1.90345540329595065e3 -2.84217094304040074e-6 -2.06948193408607040e3 -4.17110790351671244e-5 -2.17149491996693177e3 -1.07913677993565199e-5 -2.31166206177135746e3 -8.01581023779363022e-6 -2.44318590327807760e3 -2.22044604925031274e-5 -2.55228281176300652e3 0.00000000000000000e0 -2.71088713277300940e3 1.02096109344529382e-4 -2.80053877279584594e3 2.93653990013353837e-5 -2.96799785397538972e3 1.40687461680499810e-4 -3.06127431883851341e3 0.00000000000000000e0 -3.21400223102230620e3 -7.50510764646605906e-6 -3.33245617323285660e3 8.09352584951739118e-6 -3.45619754136272650e3 -1.74082970261224512e-5 -3.60631778306696970e3 -9.33697563709756481e-6 -3.70489422989450577e3 1.09912079437890498e-4 -3.87385535649542589e3 3.20077297999432631e-5 -3.96709188974497829e3 2.27373675443232059e-5 -4.13075558753916994e3 -8.46323011671756831e-5 -2.17603712826530640e-6 -2.12167536872698248e0 2.17603712826530640e-6 -9.52002643384019933e1 2.17603712826530640e-6 -5.19425567890863178e1 4.35207425653061279e-6 -1.97910550703284088e2 4.35207425653061279e-6 -2.96825042767068190e1 4.35207425653061279e-6 -1.23674413021745963e2 5.68434188608080149e-6 -3.06046126308245846e2 0.00000000000000000e0 -2.01886879924728618e2 4.44089209850062531e-6 -2.94601315609099800e2 -1.07469588783715136e-5 -2.64181121689688268e2 1.91846538655227016e-5 -3.25161903091952752e2 -7.50510764646605906e-6 -3.30516192592611390e2 8.70414851306122558e-6 -3.55383050487656533e2 0.00000000000000000e0 -3.98533958900770813e2 1.13686837721616030e-5 -3.89668811562326937e2 1.28341781646668079e-5 -4.59977307842862558e2 -1.43884903991420271e-5 -4.35320786773552015e2 0.00000000000000000e0 -5.07644406511076284e2 -1.77635683940025013e-5 -4.94722220090171220e2 -1.95843341543877580e-5 -5.41859995495386215e2 0.00000000000000000e0 -5.63254587893080384e2 2.34923192010683056e-5 -5.73139967485758348e2 0.00000000000000000e0 -6.30576792171044758e2 -2.77555756156289135e-5 -6.12635805508077283e2 6.00408611717284725e-5 -6.85886657469936267e2 -1.61870516990347824e-4 -6.66223587231229317e2 0.00000000000000000e0 -7.24932751017259761e2 -3.73479025483902592e-5 -7.32634373168394859e2 0.00000000000000000e0 -7.56889240505209727e2 -4.26769730665910242e-5 -8.02752265371964313e2 -2.72848410531878471e-4 -7.93664818066197540e2
-4.26325641456060112e-6 -2.06560358151364198e2 -7.10542735760100186e-7 -3.03526969247513989e2 -1.13686837721616030e-5 -3.88978289578290060e2 -4.44089209850062531e-6 -5.01586710299761762e2 -3.19744231092045041e-6 -5.52985716950615824e2 0.00000000000000000e0 -1.39420364746456471e3 5.68434188608080149e-6 -7.59603633893046663e2 -1.79856129989275326e-5 -8.58635154088460581e2 -4.44089209850062531e-6 -1.04196080558116569e3 -1.07469588783715136e-5 -1.04079175358151565e3 6.39488462184090083e-6 -1.23956118399659613e3 -3.75255382323302978e-5 -1.25742565493247571e3 -1.74082970261224512e-5 -1.41195601460752937e3 9.99200722162640886e-6 -1.49197441317028279e3 0.00000000000000000e0 -1.57744501684264878e3 0.00000000000000000e0 -1.72420534769734923e3 -1.15107923193136217e-4 -1.75631595753511488e3 -1.60316204755872604e-5 -1.93564344996843806e3 -5.32907051820075072e-5 -1.96050207438291886e3 3.91686683087755160e-5 -2.12025111188118808e3 -4.29878355134860545e-5 -2.18727024512421713e3 2.34923192010683056e-5 -2.29032663554562487e3 2.55795384873636033e-5 -2.41956384788855075e3 -3.88578058618804789e-4 -2.46579125167123493e3 -9.00612917575927121e-5 -2.63705123977331368e3 -3.88489240776834777e-4 -2.66191943634197469e3 0.00000000000000000e0 -2.82788812121514911e3 -7.46958050967805185e-5 -2.88164379358413225e3 7.99360577730112709e-5 -2.99983854541441315e3 0.00000000000000000e0 -3.11214919292979175e3 -9.54969436861574650e-4 -3.17155839311133968e3 7.16021865798666113e1 -1.42108547152020037e-6 1.48387546516914881e2 -4.97379915032070130e-6 1.41459823765899273e2 -4.97379915032070130e-6 2.00764563862421113e2 -1.56319401867222041e-5 1.83094998362776067e2 2.13162820728030056e-6 3.56815862190273890e2 -7.10542735760100186e-7 4.05900755140464753e2 1.79856129989275338e-6 2.01178232472898316e2 -5.32907051820075072e-5 4.20147636681633628e2 -1.34336985979643920e-6 3.91383882236695456e2 -3.19744231092045041e-6 4.49088056342361540e2 -1.12576614696990887e-4 5.25055687328190970e2 2.17603712826530640e-6 4.92395300355497000e2 2.99760216648792266e-5 6.30075301932819798e2 0.00000000000000000e0 5.65670040941768093e2 3.52939899528337196e-5 7.00383048890529267e2 -3.59712259978550677e-6 6.71025911636036085e2 -1.60316204755872604e-5 7.44491365178845399e2 -3.28626015289046282e-4 7.91285543755293361e2 4.89608353859693950e-6 7.85805270453465596e2 -1.07469588783715136e-5 9.00835885886408391e2 2.93653990013353837e-5 8.48316080093169717e2 1.91846538655227016e-5 9.81725472115613115e2 6.93889390390722838e-6 9.42940253656487926e2 -4.50306458787963561e-5 1.03343098771802056e3 -3.23741033980695647e-4 1.05906618474982406e3 0.00000000000000000e0 1.07461372280681621e3 -9.33697563709756481e-6 1.17246397453030204e3 4.99600361081320443e-5 1.13010057312123990e3 1.38700162466420807e-4 1.26210097608492333e3 0.00000000000000000e0 1.21590187518449966e3 1.08812958643511593e-4
-2.48294813331995101e2 2.84217094304040074e-6 -3.62465550551860360e2 2.84217094304040074e-6 -5.01143290421168786e2 5.68434188608080149e-6 -6.91473010761001206e2 -2.84217094304040074e-6 -7.65772443855894380e2 -2.84217094304040074e-6 -9.52546983512547740e2 5.68434188608080149e-6 -1.86148555485488032e3 5.68434188608080149e-6 -1.22751682098964898e3 -1.13686837721616030e-5 -1.34315953914665420e3 5.68434188608080149e-6 -1.56807202618125507e3 2.84217094304040074e-6 -1.64843236021283678e3 -2.84217094304040074e-6 -1.82108048485396557e3 0.00000000000000000e0 -1.96657518021225974e3 -7.10542735760100186e-5 -2.07500225002377192e3 5.68434188608080149e-6 -2.26826909965893719e3 -4.17110790351671244e-5 -2.34856703653640807e3 0.00000000000000000e0 -2.54368298744367348e3 4.00790511889681511e-6 -2.64407626375806603e3 -2.22044604925031274e-5 -2.80043000344676284e3 -4.89608353859693950e-6 -2.94926570925113583e3 8.06021915877863648e-5 -3.05650719560901462e3 2.34923192010683056e-5 -3.24612346798147564e3 1.15107923193136217e-4 -3.32855757676497842e3 0.00000000000000000e0 -3.52350723598071636e3 0.00000000000000000e0 -3.62221601104550973e3 0.00000000000000000e0 -3.78518447505804534e3 0.00000000000000000e0 -3.92926958099337708e3 6.72262245871024680e-4 -4.04588681726103459e3 1.59872115546022542e-4 -4.23332277232901833e3 2.13384865332955121e-5 -4.32125396314653244e3 4.54747350886464119e-5 -4.52121139460359700e3 -4.83613149526718189e-5 5.68434188608080149e-6 2.30169632686738623e1 -2.84217094304040074e-6 -9.38019809382240055e1 2.84217094304040074e-6 -4.20442916038155090e1 2.84217094304040074e-6 -1.18737420962133911e2 8.52651282912120223e-6 -1.78989799337614386e2 -5.68434188608080149e-6 -2.36342117432286614e1 0.00000000000000000e0 -1.02417826042255911e2 -3.59712259978550677e-6 -2.99864737485222577e2 4.44089209850062531e-6 -2.38717328215898306e2 0.00000000000000000e0 -2.25223715233369148e2 1.27897692436818017e-5 -3.13445644906096277e2 0.00000000000000000e0 -2.50557070557988482e2 8.70414851306122558e-6 -3.47160229807741416e2 2.99760216648792266e-5 -3.15204502499000228e2 -3.41060513164848089e-5 -3.58080241358305045e2 1.28341781646668079e-5 -3.92835586460193952e2 -2.87769807982840541e-5 -3.71128194476266742e2 4.80948614267617813e-5 -4.56980324692324245e2 -1.77635683940025013e-5 -4.05889041477092064e2 1.95843341543877580e-5 -4.93674420187772910e2 0.00000000000000000e0 -4.66963224543537194e2 0.00000000000000000e0 -5.10649749685398945e2 -2.55795384873636033e-5 -5.41351283245283867e2 -1.11022302462515654e-4 -5.26402441369811072e2 3.00204305858642362e-5 -6.06941847880460045e2 -2.58992827184556518e-4 -5.58991994026314273e2 0.00000000000000000e0 -6.47605907566628389e2 0.00000000000000000e0 -6.16324841162807502e2 0.00000000000000000e0 -6.68525991631696684e2 -1.28030919199773052e-4 -6.89651710672478657e2 -2.27373675443232059e-4 -6.85458298221863743e2
0.00000000000000000e0 -2.30289287039830953e2 0.00000000000000000e0 -3.53883024784007375e2 -8.99280649946376692e-7 -4.21944798401074820e2 2.22044604925031266e-6 -5.93985586017087144e2 -1.59872115546022521e-6 -6.43176667425304686e2 0.00000000000000000e0 -7.59603633893046663e2 5.68434188608080149e-6 -1.79982855539328989e3 -7.19424519957101353e-6 -9.65511766093385290e2 0.00000000000000000e0 -1.10001243975865737e3 1.61204383175572730e-5 -1.26948139520521840e3 0.00000000000000000e0 -1.32371938399433748e3 7.50510764646605906e-6 -1.48641914212710412e3 1.74082970261224512e-5 -1.56555818808801200e3 -1.99840144432528177e-5 -1.69745764821982448e3 -3.41060513164848089e-5 -1.80862803710324351e3 1.28341781646668079e-5 -1.91203322295052635e3 2.87769807982840541e-5 -2.04574552713498997e3 -3.20632409511745209e-5 -2.13518867031581249e3 5.32907051820075072e-5 -2.27397070413637402e3 0.00000000000000000e0 -2.36741397094952754e3 0.00000000000000000e0 -2.49489278575376557e3 0.00000000000000000e0 -2.60429523066818501e3 2.55795384873636033e-5 -2.71363431031401706e3 5.55111512312578270e-5 -2.83971183558939856e3 3.00204305858642362e-5 -2.93579067636162699e3 1.94244620388417388e-4 -3.06911067120552116e3 1.04449782156734714e-4 -3.16444595327425259e3 0.00000000000000000e0 -3.29151937705773889e3 -1.19904086659516906e-4 -3.39768577135579653e3 0.00000000000000000e0 -3.51004360936713056e3 2.72848410531878471e-4 -3.63082114903656702e3 7.91753671625094881e1 -8.99280649946376692e-7 1.73292856064932693e2 8.99280649946376692e-7 1.58519478943297514e2 0.00000000000000000e0 2.18097460091826150e2 0.00000000000000000e0 2.79464258134964837e2 -1.79856129989275338e-6 2.13592003417417658e2 1.34892097491956503e-5 5.04195202211121796e2 8.99280649946376692e-7 4.78228071942865483e2 1.44328993201270333e-5 3.01312814698917407e2 0.00000000000000000e0 4.92120581885302443e2 -1.59872115546022521e-6 5.06867993976811647e2 2.25153229393981780e-5 5.54107373629264657e2 -4.35207425653061279e-6 6.26338167108997254e2 -1.19904086659516906e-4 6.34882596495245366e2 2.84217094304040074e-6 7.22528659480303759e2 9.94648807761677609e-5 7.29886244821287164e2 -3.59712259978550677e-6 8.04905404727662585e2 4.00790511889681511e-6 8.33232300179176377e2 5.32907051820075072e-5 8.82152484393827649e2 0.00000000000000000e0 9.36732098288928000e2 -5.37347943918575681e-6 9.62776843138612890e2 -1.76192394008012309e-5 1.03346099757928278e3 -1.91846538655227016e-5 1.05189677128691960e3 6.93889390390722838e-6 1.12077713776415067e3 3.00204305858642362e-5 1.14941675253277276e3 4.85611550971043471e-5 1.20183581886479374e3 1.74082970261224512e-5 1.25023241821509123e3 -1.86739512741951296e-5 1.28316778882364679e3 0.00000000000000000e0 1.34777932814245105e3 -1.06692432666477560e-5 1.37041735293053102e3 -1.13686837721616030e-5 1.43783954626997001e3 -2.41806574763359095e-5
-3.02558730069790670e2 0.00000000000000000e0 -4.13702832791074059e2 7.19424519957101353e-6 -6.25681001409361556e2 -7.19424519957101353e-6 -7.80006899070428858e2 -7.19424519957101353e-6 -9.57799341838594273e2 -1.07913677993565199e-5 -1.14357049030289181e3 -1.79856129989275326e-5 -1.22751682098964898e3 -7.19424519957101353e-6 -2.53319374916571815e3 -7.19424519957101353e-6 -1.56798940054159152e3 1.79856129989275326e-5 -1.79974479905808926e3 -1.07913677993565199e-5 -2.02946577303464414e3 -1.79856129989275326e-5 -2.10027206537510847e3 3.59712259978550677e-6 -2.38489834210042727e3 -1.83453252589060840e-4 -2.43290144030794409e3 1.79856129989275326e-5 -2.70742749535202165e3 -1.40287781391634753e-4 -2.79127030755610349e3 3.59712259978550677e-6 -3.00396325574325783e3 -1.20237153566904453e-5 -3.16366927552991228e3 -1.15463194561016267e-4 -3.29476879556977974e3 9.79216707719387899e-6 -3.52895258015628542e3 1.07469588783715136e-5 -3.60343332364010348e3 1.46826995006676898e-4 -3.86809852312985822e3 4.47641923528863049e-5 -3.94310839340050688e3 1.38777878078144568e-5 -4.17717838097075855e3 -3.00204305858642362e-5 -4.30943821427831699e3 -4.04676292475869559e-5 -4.47246642401033569e3 0.00000000000000000e0 -4.68282848800072225e3 1.68065561467756170e-4 -4.77915398615635877e3 6.29496454962463758e-4 -5.03970329468472755e3 6.40154595998865370e-4 -5.11562099045903597e3 1.36424205265939236e-4 -5.36764464413863607e3 -1.93445259810687276e-4 -3.59712259978550677e-6 -6.99726676600675890e-1 -7.19424519957101353e-6 -1.17773286723021883e2 3.59712259978550677e-6 -7.65612041764285181e1 7.19424519957101353e-6 -1.97130847245929857e2 0.00000000000000000e0 -1.39830482792646620e2 -3.59712259978550677e-6 -3.27954275336494959e2 3.59712259978550677e-6 -9.91348859002982721e1 -3.59712259978550677e-6 -1.51477929799526095e2 1.33226762955018768e-5 -5.23198956958736858e2 -2.68673971959287849e-5 -2.86963509354975997e2 1.27897692436818017e-5 -4.59757858184417444e2 -3.00204305858642362e-5 -3.99537648165804114e2 -1.74082970261224512e-5 -4.60251131606526030e2 -9.99200722162640886e-6 -5.14739082158044312e2 2.27373675443232059e-5 -4.74817693962847841e2 1.28341781646668079e-5 -6.13203352894941986e2 -1.00719432793994188e-4 -5.19834544165931334e2 1.60316204755872604e-5 -6.75916242975915679e2 -1.42108547152020010e-4 -6.02150616269003649e2 1.95843341543877580e-5 -7.02328518276118416e2 -4.29878355134860545e-5 -7.10935769498987952e2 0.00000000000000000e0 -7.17703873931441080e2 0.00000000000000000e0 -8.19543870267391867e2 -2.77555756156289135e-4 -7.50682413963588260e2 6.00408611717284725e-5 -8.99677288468403503e2 -4.20863344174904341e-4 -8.18098227206576098e2 6.96331881044898047e-5 -9.38947399642397954e2 -3.73479025483902592e-5 -9.18851664755138131e2 0.00000000000000000e0 -9.57851809879617463e2 -8.53539461331820484e-5 -1.03108487792269443e3 -5.91171556152403355e-4 -9.85391727814643900e2
1.11022302462515633e-6 -2.57860528485309658e2 -1.11022302462515633e-6 -3.88278913465711582e2 -5.55111512312578186e-6 -4.89344377241351879e2 -1.11022302462515633e-6 -6.30021861347529352e2 -4.79616346638067541e-6 -7.62439512635992742e2 -1.08801856413265324e-5 -8.58635154088460581e2 -1.13686837721616030e-5 -9.65511766093385290e2 -7.19424519957101353e-6 -2.25854984492457288e3 4.44089209850062531e-6 -1.22395838061395420e3 -2.68673971959287849e-5 -1.31937025624750936e3 0.00000000000000000e0 -1.58335962811007062e3 -1.50102152929321181e-5 -1.57362612140943247e3 -4.35207425653061296e-5 -1.80949351252790439e3 -9.99200722162640886e-6 -1.87035811904934235e3 -2.27373675443232059e-5 -2.01639612603665660e3 1.28341781646668079e-5 -2.17183176243196340e3 -1.15107923193136217e-4 -2.23472034561744704e3 3.20632409511745209e-5 -2.45056941405863381e3 -1.24344978758017505e-4 -2.48400195083098242e3 -1.95843341543877580e-5 -2.69456527890454799e3 -2.14939177567430272e-5 -2.76492751581924813e3 0.00000000000000000e0 -2.91528689828623965e3 0.00000000000000000e0 -3.05847964315875151e3 -4.71844785465691530e-4 -3.13653746957243175e3 0.00000000000000000e0 -3.33875237157332822e3 -4.53237447572973906e-4 -3.37947968240825912e3 -3.48165940522449023e-5 -3.58820822464744833e3 -3.73479025483902592e-5 -3.65137571178841836e3 -3.99680288865056355e-5 -3.81226052496019838e3 -4.26769730665910242e-5 -3.93963784972584108e3 -1.09139364212751389e-3 -4.03128081386538952e3 9.69044522403095101e1 -2.22044604925031266e-6 1.88056674677028440e2 -3.33066907387546920e-6 2.00770046143716712e2 0.00000000000000000e0 2.41818872703802839e2 -9.99200722162640717e-6 3.17118440307240178e2 1.11022302462515633e-6 3.46301235554236030e2 -4.10782519111307852e-5 3.30650962609979615e2 2.22044604925031266e-6 6.07332298452334271e2 -4.88498130835068810e-5 6.59217160858815873e2 -1.34336985979643920e-6 3.71346596539368022e2 -7.99360577730112540e-6 6.32329593486247063e2 -1.01318953227291799e-4 6.56449971003780888e2 2.17603712826530640e-6 6.68129055902966115e2 1.99840144432528177e-5 8.22915096065912621e2 8.52651282912120223e-6 7.48786726489925059e2 2.88769008705003182e-5 9.33049745066583000e2 1.07913677993565199e-5 8.76454863885100963e2 -1.20237153566904453e-5 1.00091665373724936e3 -3.28626015289046282e-4 1.03122983929893030e3 -4.89608353859693950e-6 1.05635546350235632e3 0.00000000000000000e0 1.18009855700762500e3 2.93653990013353837e-5 1.13226840006141992e3 1.27897692436818017e-5 1.29667195380989119e3 3.46944695195361419e-5 1.24701310388886100e3 -4.50306458787963561e-5 1.37536705437923979e3 -3.39928085679730430e-4 1.39224446411567737e3 8.70414851306122558e-6 1.43561542742531833e3 1.86739512741951296e-5 1.54034996486807040e3 8.99280649946376798e-5 1.50759612793649467e3 1.70707892266364097e-4 1.66405562596061441e3 4.54747350886464119e-5 1.61362427206768189e3 2.78077560977862959e-4
-3.20174802226347254e2 8.88178419700125063e-6 -4.58184929996718836e2 -4.44089209850062531e-6 -6.50471307928057627e2 4.44089209850062531e-6 -8.74362093838953911e2 -4.44089209850062531e-6 -9.84930426106700338e2 0.00000000000000000e0 -1.28034447488545288e3 -4.44089209850062531e-6 -1.34315953914665420e3 0.00000000000000000e0 -1.56798940054159152e3 4.44089209850062531e-6 -3.02953235831182565e3 -4.44089209850062531e-6 -1.90095560617109504e3 4.44089209850062531e-6 -2.10560625575340009e3 -4.44089209850062531e-6 -2.35604599136962679e3 0.00000000000000000e0 -2.48116021879241043e3 -1.33226762955018768e-5 -2.69319879397933437e3 4.44089209850062531e-6 -2.86650384850872797e3 -4.44089209850062531e-6 -3.03374960566316031e3 -4.44089209850062531e-6 -3.23627406633164537e3 4.44089209850062531e-6 -3.38916062254668304e3 0.00000000000000000e0 -3.58907398023688938e3 0.00000000000000000e0 -3.75662941474175159e3 -1.71951342053944218e-4 -3.93410028962648494e3 1.76192394008012309e-5 -4.12606239450496923e3 -8.95283847057726099e-5 -4.28339273810251962e3 0.00000000000000000e0 -4.48847362055637677e3 0.00000000000000000e0 -4.64447978885118664e3 8.09352584951739118e-6 -4.84248345462567886e3 -8.70414851306122558e-6 -5.01656531781691137e3 9.33697563709756481e-6 -5.19414550410601714e3 2.99760216648792266e-5 -5.39215320394248465e3 0.00000000000000000e0 -5.55228597480805820e3 2.27373675443232059e-5 -5.76312886551022530e3 0.00000000000000000e0 4.44089209850062531e-6 2.17534124047347142e1 8.88178419700125063e-6 -1.25079813173556417e2 4.44089209850062531e-6 -5.44733946838959966e1 0.00000000000000000e0 -1.81754482575513492e2 -8.88178419700125063e-6 -1.57706820935743480e2 4.44089209850062531e-6 -1.85617876624632999e2 -8.88178419700125063e-6 -3.70336432631290734e2 4.44089209850062531e-6 -4.18454781936361471e1 8.88178419700125063e-6 -1.90157818380498583e2 0.00000000000000000e0 -4.90042899592424362e2 0.00000000000000000e0 -3.68574455400505428e2 -7.50510764646605906e-6 -3.96214194786637051e2 1.74082970261224512e-5 -4.54736492905283228e2 -9.99200722162640886e-6 -4.35988067870596240e2 1.13686837721616030e-5 -5.06062423077935307e2 0.00000000000000000e0 -5.08239730301340785e2 -1.43884903991420271e-5 -5.44937597268812965e2 0.00000000000000000e0 -5.85117274631841042e2 -3.55271367880050025e-5 -5.89644922188714418e2 3.91686683087755160e-5 -6.50370067223349224e2 0.00000000000000000e0 -6.49552201192893222e2 -4.69846384021366112e-5 -7.01811568859511567e2 5.11590769747272066e-5 -7.21936718739435491e2 -8.32667268468867405e-5 -7.46894916359153285e2 0.00000000000000000e0 -7.95352654836545298e2 -1.29496413592278259e-4 -7.96716912887518333e2 6.96331881044898047e-5 -8.58616944499068609e2 0.00000000000000000e0 -8.58915538692883729e2 0.00000000000000000e0 -9.10778020324354316e2 -4.26769730665910242e-5 -9.31989382024767110e2 -4.54747350886464119e-5 -9.57774346033168854e2
4.03010957938931824e-6 -2.94932206001963209e2 2.68673971959287840e-6 -4.43100552238728767e2 1.34336985979643920e-6 -5.39662724674538822e2 -2.68673971959287840e-6 -7.48164041308729793e2 1.59872115546022521e-6 -8.09188574479868748e2 0.00000000000000000e0 -1.04196080558116569e3 5.68434188608080149e-6 -1.10001243975865737e3 1.79856129989275326e-5 -1.22395838061395420e3 -4.44089209850062531e-6 -2.84478011747246728e3 -5.37347943918575681e-6 -1.48398415635853075e3 1.91846538655227016e-5 -1.68211723444722270e3 -7.50510764646605906e-6 -1.89438114239770493e3 8.70414851306122558e-6 -1.95812637604486645e3 9.99200722162640886e-6 -2.17502016255366470e3 1.13686837721616030e-5 -2.25929079590292349e3 1.28341781646668079e-5 -2.44619420239899864e3 -1.43884903991420271e-5 -2.56501569814160393e3 1.60316204755872604e-5 -2.71746624314062001e3 3.55271367880050025e-5 -2.86789240425688831e3 1.95843341543877580e-5 -2.99409102932912629e3 -4.29878355134860545e-5 -3.16348771993712944e3 0.00000000000000000e0 -3.27909137283199880e3 -2.55795384873636033e-5 -3.45046661381909189e3 -5.55111512312578270e-5 -3.57174693150774692e3 -6.00408611717284725e-5 -3.73084589412320247e3 -9.71223101942086942e-5 -3.86795616620361170e3 6.96331881044898047e-5 -4.00870839015743331e3 0.00000000000000000e0 -4.16271624170683208e3 -3.99680288865056355e-5 -4.28914325381057915e3 4.26769730665910242e-5 -4.45210282578045735e3 -1.81898940354585648e-4 -4.57507926923117429e3 9.84418545013632098e1 0.00000000000000000e0 2.20963015939989987e2 1.34336985979643920e-6 1.91623592515899304e2 -1.34336985979643920e-6 2.90411051750982779e2 4.03010957938931824e-6 3.24614834212866242e2 -1.34336985979643920e-6 3.61926015557401058e2 -1.34336985979643920e-6 4.84667654632175982e2 1.34336985979643920e-6 3.35369427029164001e2 -5.37347943918575681e-6 7.90890744006844557e2 0.00000000000000000e0 7.52164246131670097e2 -3.19744231092045041e-6 4.53872107897268450e2 -7.50510764646605906e-6 7.48382308612960514e2 4.35207425653061279e-6 7.35238145388450334e2 1.27398092075736713e-4 8.22762158403378407e2 2.84217094304040074e-6 8.91728370788769098e2 -9.94648807761677609e-5 9.18759375378996765e2 -3.59712259978550677e-6 1.02077527870392237e3 -4.00790511889681511e-6 1.02981116474332157e3 -3.55271367880050025e-5 1.13359769571275115e3 4.89608353859693950e-6 1.15193459331308622e3 1.61204383175572730e-5 1.23674934524586888e3 0.00000000000000000e0 1.27934847782284987e3 0.00000000000000000e0 1.33742929051550141e3 0.00000000000000000e0 1.40561831618590827e3 -7.50510764646605906e-6 1.44202096610257536e3 0.00000000000000000e0 1.52545846074936276e3 8.70414851306122558e-6 1.55437120881174428e3 9.33697563709756481e-6 1.63701029554097454e3 -9.99200722162640886e-6 1.67423111374631617e3 -1.06692432666477560e-5 1.74277535127664873e3 -2.27373675443232059e-5 1.79786738954135217e3 -1.32993616119847502e-4
-3.63506808254143664e2 -1.61204383175572730e-5 -5.08196226878254663e2 5.37347943918575681e-6 -7.47183025318065461e2 0.00000000000000000e0 -9.59156735413912884e2 -1.61204383175572730e-5 -1.14702223328322361e3 1.61204383175572730e-5 -1.38960815063704490e3 -1.07469588783715136e-5 -1.56807202618125507e3 1.61204383175572730e-5 -1.79974479905808926e3 -2.68673971959287849e-5 -1.90095560617109504e3 -5.37347943918575681e-6 -3.77656289778371911e3 -1.07469588783715136e-5 -2.33809127578865582e3 -3.22408766351145459e-5 -2.53739899975791195e3 1.07469588783715136e-5 -2.92279859142041641e3 -2.41806574763359067e-4 -2.91001176155880603e3 4.29878355134860545e-5 -3.32260092363867443e3 -1.98818739249873006e-4 -3.34941633095553425e3 1.61204383175572730e-5 -3.66838827474680284e3 -2.14939177567430272e-5 -3.82218089582941866e3 -2.84794410276845156e-4 -3.99736979517228929e3 8.59756710269721089e-5 -4.28942696362177776e3 5.37347943918575681e-6 -4.35195688162082206e3 0.00000000000000000e0 -4.71495415621525535e3 1.27897692436818017e-5 -4.75842466869380496e3 6.24500451351650554e-5 -5.08726361037048537e3 -5.25357535252624143e-5 -5.21320093547217402e3 -2.67086353034073909e-4 -5.42989142409133819e3 5.22248910783673569e-5 -5.68462542815950565e3 1.86739512741951296e-5 -5.78442361374165102e3 2.99760216648792266e-5 -6.13178152253368626e3 2.98738811466137122e-4 -6.18422452798306222e3 3.75166564481332898e-4 -6.53047054584021680e3 -2.65987232239695004e-4 5.37347943918575681e-6 8.49689496540406708e0 5.37347943918575681e-6 -1.39230893125841249e2 -1.61204383175572730e-5 -8.73316524430123167e1 5.37347943918575681e-6 -2.12960211065649190e2 -1.07469588783715136e-5 -1.88999334271855417e2 2.14939177567430272e-5 -2.72776677245900601e2 5.37347943918575681e-6 -2.76940049115381726e2 -2.68673971959287849e-5 -4.45287500605573371e2 1.61204383175572730e-5 -1.83882352500219753e2 -6.98552327094148495e-5 -1.62599424413656379e2 2.55795384873636033e-5 -7.44800446028648253e2 -6.00408611717284725e-5 -4.00490785334994769e2 8.70414851306122558e-6 -5.81524935805433074e2 0.00000000000000000e0 -5.82361683276744202e2 -3.41060513164848089e-5 -5.43076234205130959e2 1.28341781646668079e-5 -7.31447016466546415e2 -1.87050375188846347e-4 -5.65040718303322365e2 9.61897228535235627e-5 -8.17547690745712316e2 -1.77635683940025019e-4 -6.56906926455036455e2 1.95843341543877580e-5 -8.36108247570521598e2 -2.14939177567430272e-5 -8.02060561055917105e2 -4.69846384021366112e-5 -8.27683771120746201e2 5.11590769747272066e-5 -9.54694642785192173e2 -5.55111512312578270e-4 -8.41431571352302512e2 2.10143014101049657e-4 -1.06437943069304106e3 -8.09352584951739118e-4 -9.10638558160314801e2 3.48165940522449023e-5 -1.10613874008125254e3 -7.46958050967805185e-5 -1.03878956436709313e3 3.99680288865056355e-5 -1.10839863062262020e3 0.00000000000000000e0 -1.19176078214877634e3 -1.09139364212751389e-3 -1.11781541792810299e3
0.00000000000000000e0 -3.11778064165935064e2 -1.59872115546022521e-6 -4.75594566928805250e2 0.00000000000000000e0 -5.89891906521699980e2 1.59872115546022521e-6 -7.72810103910614885e2 -1.59872115546022521e-6 -9.21409107412784920e2 4.35207425653061279e-6 -1.04079175358151565e3 2.84217094304040074e-6 -1.26948139520521840e3 -1.07913677993565199e-5 -1.31937025624750936e3 4.44089209850062531e-6 -1.48398415635853075e3 -1.07469588783715136e-5 -3.36674412508841624e3 -6.39488462184090083e-6 -1.77717940270660824e3 7.50510764646605906e-6 -1.92213848486666416e3 8.70414851306122558e-6 -2.22126370547082161e3 -1.99840144432528177e-5 -2.24344932746589620e3 1.13686837721616030e-5 -2.49321980408945228e3 0.00000000000000000e0 -2.60159149583216686e3 -4.31654711974260795e-5 -2.75820305335461308e3 -1.60316204755872604e-5 -2.95095446301019092e3 -1.77635683940025013e-5 -3.04439516806143047e3 0.00000000000000000e0 -3.27175936223333929e3 0.00000000000000000e0 -3.36103960072442396e3 -2.34923192010683056e-5 -3.56527956597574257e3 0.00000000000000000e0 -3.69815376238813451e3 -1.38777878078144568e-4 -3.84765023166977517e3 -6.00408611717284725e-5 -4.03488811981933532e3 -1.94244620388417388e-4 -4.13875398574958763e3 6.96331881044898047e-5 -4.35245852256071976e3 3.73479025483902592e-5 -4.45053453090871153e3 3.99680288865056355e-5 -4.64773261505957453e3 8.53539461331820484e-5 -4.77952132769132731e3 -5.45696821063756943e-4 -4.93132697156894938e3 1.20520080315600339e2 -3.19744231092045041e-6 2.31588206212052199e2 1.59872115546022521e-6 2.51633330172751329e2 0.00000000000000000e0 2.94233335296212260e2 3.19744231092045041e-6 4.09826730951579009e2 4.79616346638067541e-6 4.01707242669857521e2 -4.79616346638067541e-6 5.26353213103902817e2 4.79616346638067541e-6 5.73303072615161000e2 -3.19744231092045041e-6 4.83182636124013186e2 0.00000000000000000e0 9.54290673638169437e2 -1.59872115546022521e-6 9.55320392392877579e2 -1.12576614696990890e-5 5.87981421817929231e2 4.35207425653061279e-6 9.00696845107518016e2 1.42386102908176326e-4 9.51394703019303734e2 0.00000000000000000e0 9.64961145655252039e2 -5.13367126586672317e-5 1.13609529921454555e3 0.00000000000000000e0 1.08771994611345212e3 -1.60316204755872604e-5 1.25818958216505894e3 -6.66133814775093789e-5 1.25048439159058921e3 -4.89608353859693950e-6 1.35012311970328346e3 1.07469588783715136e-5 1.42436326218131603e3 0.00000000000000000e0 1.44471293301862102e3 1.27897692436818017e-5 1.58101602210081160e3 1.38777878078144568e-5 1.56588630950693641e3 -2.25153229393981780e-5 1.70655862881119469e3 -7.28417326456565206e-5 1.71648114561939747e3 8.70414851306122558e-6 1.80874796456009767e3 0.00000000000000000e0 1.88013229345251852e3 1.99840144432528177e-5 1.90923253207131438e3 1.17361675933125311e-4 2.03426261951023002e3 2.27373675443232059e-5 2.02924366021761671e3 3.74800190883206596e-4
-3.95618462789570856e2 -6.39488462184090083e-6 -5.54637136218616320e2 6.39488462184090083e-6 -8.09594330775098456e2 6.39488462184090083e-6 -1.05585244867256711e3 6.39488462184090083e-6 -1.22608823573955283e3 -6.39488462184090083e-6 -1.55385781042127724e3 6.39488462184090083e-6 -1.64843236021283678e3 0.00000000000000000e0 -2.02946577303464414e3 0.00000000000000000e0 -2.10560625575340009e3 1.91846538655227016e-5 -2.33809127578865582e3 -6.39488462184090083e-6 -4.49247318385914605e3 6.39488462184090083e-6 -2.74141326039867317e3 -1.91846538655227016e-5 -3.03574923670168982e3 0.00000000000000000e0 -3.33227864302010357e3 -1.27897692436818017e-5 -3.47492715491171111e3 6.39488462184090083e-6 -3.75760428728000261e3 1.27897692436818017e-5 -3.93269795129214071e3 0.00000000000000000e0 -4.17951579265718465e3 1.27897692436818017e-5 -4.38403962021993630e3 0.00000000000000000e0 -4.60790113865350213e3 -5.75539615965681083e-5 -4.82777908779041809e3 0.00000000000000000e0 -5.04271288570556771e3 -3.19744231092045016e-5 -5.26785982515320848e3 -1.38777878078144568e-5 -5.48135914435476934e3 -7.50510764646605906e-6 -5.70876205259196558e3 1.61870516990347824e-5 -5.92263861594055652e3 -1.74082970261224512e-5 -6.15279201738871870e3 -1.86739512741951296e-5 -6.36733667964683900e3 9.99200722162640886e-6 -6.59961177706947001e3 -1.06692432666477560e-5 -6.81699882432163031e3 3.41060513164848089e-5 -7.04799044797255192e3 0.00000000000000000e0 -6.39488462184090083e-6 1.40932513659208762e1 6.39488462184090083e-6 -1.57165985825713477e2 0.00000000000000000e0 -7.93108938523800902e1 1.27897692436818017e-5 -2.46169721407341029e2 0.00000000000000000e0 -1.84990928175920970e2 6.39488462184090083e-6 -2.93379848415042886e2 -6.39488462184090083e-6 -3.31386182494952607e2 0.00000000000000000e0 -2.93790854044573223e2 6.39488462184090083e-6 -6.18726944878744575e2 -6.39488462184090083e-6 -1.07722189568448798e2 -6.39488462184090083e-6 -2.97700469076289608e2 -7.50510764646605906e-6 -7.65118119261387506e2 1.74082970261224512e-5 -5.36881425716728586e2 -1.99840144432528177e-5 -6.34577446589901115e2 3.41060513164848089e-5 -6.54130835897603788e2 0.00000000000000000e0 -6.75276199757490645e2 -1.43884903991420271e-5 -7.39759287426977494e2 1.60316204755872604e-5 -7.48458523958106412e2 0.00000000000000000e0 -8.13370433405680046e2 -3.91686683087755160e-5 -8.30511333305139374e2 -2.14939177567430272e-5 -8.85590717558670690e2 0.00000000000000000e0 -9.13115445655421240e2 2.55795384873636033e-5 -9.60820735473877335e2 0.00000000000000000e0 -9.94336866977363456e2 0.00000000000000000e0 -1.03813604362956721e3 -6.47482067961391294e-5 -1.07498906309899644e3 3.48165940522449023e-5 -1.11471538711826997e3 0.00000000000000000e0 -1.15700172442778648e3 0.00000000000000000e0 -1.19124440837170573e3 -4.26769730665910242e-5 -1.24029875223641284e3 -1.36424205265939236e-4 -1.26928740887821687e3
-1.87627691161651477e-6 -3.55655547912281406e2 -1.87627691161651477e-6 -5.29457665621180354e2 -1.31339383813156036e-5 -6.54849761971831981e2 3.75255382323302953e-6 -8.89498406653199822e2 -2.25153229393981780e-5 -9.85576036616198280e2 -4.35207425653061279e-6 -1.23956118399659613e3 -2.84217094304040074e-6 -1.32371938399433748e3 -1.79856129989275326e-5 -1.58335962811007062e3 -4.44089209850062531e-6 -1.68211723444722270e3 -3.22408766351145459e-5 -1.77717940270660824e3 6.39488462184090083e-6 -4.11850626438337076e3 -3.75255382323302978e-5 -2.10464482957028986e3 0.00000000000000000e0 -2.35732005915423315e3 -9.99200722162640886e-6 -2.64482323757420090e3 -3.41060513164848089e-5 -2.67141289307382067e3 -1.28341781646668079e-5 -2.99351461459096345e3 -1.43884903991420261e-4 -3.03253085650601042e3 3.20632409511745209e-5 -3.31371677653180495e3 -1.24344978758017505e-4 -3.41460923956038368e3 0.00000000000000000e0 -3.61931358892064691e3 -4.29878355134860545e-5 -3.80212884887320843e3 2.34923192010683056e-5 -3.92960262090014066e3 -7.67386154620908065e-5 -4.17643442746085111e3 -4.99600361081320443e-4 -4.26106905635492785e3 3.00204305858642362e-5 -4.52446899485980975e3 -6.15107964563321730e-4 -4.61866476051397876e3 -6.96331881044898047e-5 -4.84529083778495351e3 -1.49391610193561037e-4 -4.99469007153585699e3 1.19904086659516906e-4 -5.15542355202791623e3 -1.70707892266364097e-4 -5.37065255912239081e3 -1.36424205265939236e-3 -5.47588646476748727e3 1.21637373551308784e2 -5.62883073484954451e-6 2.65972044510842693e2 0.00000000000000000e0 2.37609554121220896e2 0.00000000000000000e0 3.53747597570119922e2 -1.68864922045486344e-5 3.92928715642337863e2 -3.75255382323302953e-6 4.62028621717180897e2 -7.69273533762771102e-5 5.56546501684351824e2 1.87627691161651477e-6 5.58659175720066401e2 -1.01318953227291799e-4 7.43969508221198225e2 -1.87627691161651477e-6 5.16014800666653173e2 -1.31339383813156036e-5 1.13014264826460908e3 0.00000000000000000e0 1.12792929161109623e3 4.35207425653061279e-6 6.26348472820836719e2 9.99200722162640886e-6 1.09211911514250914e3 1.70530256582424045e-5 1.00931364386269706e3 1.60427227058335086e-5 1.15938164491069506e3 -3.59712259978550677e-6 1.23021046150029156e3 -2.80553358322777058e-5 1.24872711055878926e3 -8.88178419700125063e-6 1.41400013475845276e3 4.89608353859693950e-6 1.36538953903198012e3 -5.37347943918575681e-6 1.56196139133868405e3 5.28577182024036893e-5 1.51532734418147152e3 5.24380538990953829e-4 1.67687917951297982e3 1.38777878078144568e-5 1.69223179913302602e3 -9.00612917575927121e-5 1.77350085674987690e3 0.00000000000000000e0 1.87513804723593580e3 -8.70414851306122558e-6 1.87616190814310335e3 -1.86739512741951296e-5 2.03966430736279813e3 1.09912079437890498e-4 2.00523929461127182e3 1.06692432666477557e-4 2.17312495447430365e3 2.27373675443232059e-5 2.16650764741643798e3 -1.57174273596183411e-4
-4.22094624052960000e2 -1.50102152929321181e-5 -6.01000284383701569e2 -1.50102152929321181e-5 -8.62946163238120903e2 0.00000000000000000e0 -1.13672846744350431e3 -1.50102152929321181e-5 -1.32382117201679262e3 0.00000000000000000e0 -1.64317487261200790e3 -3.75255382323302978e-5 -1.82108048485396557e3 7.50510764646605906e-6 -2.10027206537510847e3 -1.50102152929321181e-5 -2.35604599136962679e3 -7.50510764646605906e-6 -2.53739899975791195e3 7.50510764646605906e-6 -2.74141326039867317e3 -3.75255382323302978e-5 -5.22870360590843666e3 1.50102152929321181e-5 -3.24388194812286156e3 -1.27586829989923017e-4 -3.40314387670126462e3 0.00000000000000000e0 -3.91739878295993549e3 -1.27586829989923017e-4 -3.88051852064918921e3 1.50102152929321181e-5 -4.33311712111361612e3 -2.25153229393981780e-5 -4.43619431669262121e3 -1.57607260575787250e-4 -4.70815852082750916e3 4.50306458787963561e-5 -4.99951013068766679e3 -1.50102152929321181e-5 -5.10412213259314740e3 3.60245167030370848e-4 -5.51793210408213326e3 0.00000000000000000e0 -5.56181302613367643e3 6.75459688181945375e-5 -5.96880650460818197e3 -6.75459688181945375e-5 -6.08482006114741216e3 -3.48021611529247821e-4 -6.37394925400158718e3 7.83373366175510319e-5 -6.63854875071478909e3 2.80109269112926961e-5 -6.78230425759096397e3 0.00000000000000000e0 -7.17196614097304064e3 2.34723351866250623e-4 -7.23849982660063142e3 4.32009983342140913e-4 -7.65014656280982308e3 -1.32993616119847502e-4 0.00000000000000000e0 2.03595708292425606e1 -1.50102152929321181e-5 -1.61385129127111810e2 -2.25153229393981780e-5 -9.16179111243309450e1 -7.50510764646605906e-6 -2.33166845609034141e2 -2.25153229393981780e-5 -2.23998305903805345e2 1.50102152929321181e-5 -2.69079963999274753e2 -7.50510764646605906e-6 -3.61065002474347864e2 -1.50102152929321181e-5 -3.31523585384019327e2 3.00204305858642362e-5 -4.35669247345060796e2 -5.25357535252624143e-5 -6.01872505479050915e2 3.75255382323302978e-5 -2.29721288214079806e2 -6.00408611717284725e-5 -2.21654325693876359e2 3.48165940522449023e-5 -9.30001823373771799e2 1.99840144432528177e-5 -5.80467375588256232e2 -1.13686837721616030e-5 -6.69506861949997869e2 3.85025344940004220e-5 -8.00944930423597270e2 -2.15827355987130404e-4 -6.34425106849079270e2 9.61897228535235627e-5 -9.31057334208063139e2 -1.77635683940025019e-4 -7.08158158824190423e2 5.87530024631632706e-5 -9.66501195742708433e2 -6.44817532702290919e-5 -8.64846741688296675e2 0.00000000000000000e0 -9.50221101225778966e2 -5.11590769747272066e-5 -1.04734500698810984e3 -6.10622663543836097e-4 -9.46983923144628761e2 2.70183875272778150e-4 -1.18859111183367008e3 -8.41726688349808683e-4 -1.00580013473461338e3 1.39266376208979609e-4 -1.24971245274441117e3 -1.49391610193561037e-4 -1.13994599759692505e3 3.99680288865056355e-5 -1.25482593917869440e3 4.26769730665910242e-5 -1.31413011104086763e3 -1.27329258248209953e-3 -1.25633435055227937e3
2.17603712826530640e-6 -3.71081435002196201e2 8.70414851306122558e-6 -5.65797641538523408e2 0.00000000000000000e0 -6.95913096171452025e2 4.35207425653061279e-6 -9.28123534382763069e2 2.17603712826530640e-6 -1.07806719382708116e3 0.00000000000000000e0 -1.25742565493247571e3 0.00000000000000000e0 -1.48641914212710412e3 3.59712259978550677e-6 -1.57362612140943247e3 0.00000000000000000e0 -1.89438114239770493e3 1.07469588783715136e-5 -1.92213848486666416e3 -1.91846538655227016e-5 -2.10464482957028986e3 1.50102152929321181e-5 -4.73835028422797586e3 0.00000000000000000e0 -2.44274038246894406e3 0.00000000000000000e0 -2.66105266177874000e3 1.13686837721616030e-5 -3.00231596003230879e3 -3.85025344940004220e-5 -3.03214300627629927e3 8.63309423948521590e-5 -3.33796868049462955e3 -1.60316204755872604e-5 -3.44491351889075713e3 1.77635683940025013e-5 -3.66390935780946893e3 1.95843341543877580e-5 -3.85301521030889626e3 4.29878355134860545e-5 -4.00471751813569108e3 0.00000000000000000e0 -4.24002681924662193e3 0.00000000000000000e0 -4.36832654771013313e3 1.94289029309402395e-4 -4.60402081174926570e3 -3.00204305858642362e-5 -4.74977182465252645e3 1.61870516990347824e-4 -4.95437485561467292e3 -3.48165940522449023e-5 -5.13655572931259667e3 -3.73479025483902592e-5 -5.30428647005365383e3 -3.99680288865056355e-5 -5.51574549169098282e3 8.53539461331820484e-5 -5.66346604955469957e3 5.00222085975110531e-4 -5.88083815824536032e3 1.41679103071723461e2 -4.35207425653061279e-6 2.79630169286448847e2 -2.17603712826530640e-6 2.92034457860523787e2 -2.17603712826530640e-6 3.58456296067899359e2 0.00000000000000000e0 4.82614296348771120e2 -2.17603712826530640e-6 4.75536374366924917e2 1.08801856413265324e-5 6.50179981676046737e2 -2.17603712826530640e-6 6.36681020305118636e2 2.17603712826530648e-5 7.57969349507447873e2 4.35207425653061279e-6 8.69371842426858052e2 6.52811138479591961e-6 6.61204358465283690e2 6.74571509762244978e-5 1.35914711330009663e3 -2.17603712826530640e-6 1.32978025817465073e3 -2.99760216648792266e-5 8.11714365722693287e2 0.00000000000000000e0 1.24655909985449398e3 -3.20854454116670172e-5 1.26293260716003874e3 -1.07913677993565199e-5 1.32648305939397892e3 8.01581023779363022e-6 1.48607470662476248e3 1.77635683940025019e-4 1.46460184424768136e3 9.79216707719387899e-6 1.64638650552717513e3 0.00000000000000000e0 1.63933627117529545e3 0.00000000000000000e0 1.77654447890418464e3 -6.39488462184090083e-6 1.82817355494080380e3 -6.93889390390722838e-6 1.90203625072271620e3 8.25561841111266539e-5 2.01009367142290807e3 8.09352584951739118e-5 2.04127106817608706e3 1.74082970261224512e-5 2.17316486370577832e3 0.00000000000000000e0 2.20044049195067237e3 -9.99200722162640886e-6 2.31817293361302745e3 0.00000000000000000e0 2.37332344599217049e3 -1.13686837721616030e-5 2.45552519118064083e3 3.86890519621374551e-4
-4.69505539690828698e2 3.48165940522449023e-5 -6.50614176578301226e2 1.74082970261224512e-5 -9.65336950642381339e2 0.00000000000000000e0 -1.23518947354739316e3 -8.70414851306122558e-6 -1.46521525969944810e3 -2.61124455391836784e-5 -1.81762677922137050e3 -1.74082970261224512e-5 -1.96657518021225974e3 1.74082970261224512e-5 -2.38489834210042727e3 -4.35207425653061296e-5 -2.48116021879241043e3 8.70414851306122558e-6 -2.92279859142041641e3 8.70414851306122558e-6 -3.03574923670168982e3 0.00000000000000000e0 -3.24388194812286156e3 0.00000000000000000e0 -6.23055505428737797e3 -8.70414851306122558e-6 -3.72407583770772999e3 2.61124455391836784e-5 -4.11270053746193298e3 -2.61124455391836784e-5 -4.46744180035984937e3 -1.74082970261224512e-5 -4.60507002131293939e3 8.70414851306122558e-6 -4.98481116655291589e3 1.74082970261224512e-5 -5.13306648741718072e3 -1.74082970261224512e-5 -5.48570505261025573e3 -3.56870089035510264e-4 -5.67101056478946884e3 3.48165940522449023e-5 -5.97932724373251131e3 -3.91686683087755173e-4 -6.21479461813123544e3 8.70414851306122558e-6 -6.47214953852781582e3 -1.74082970261224512e-5 -6.75874933779852108e3 -8.70414851306122558e-6 -6.97459399074951125e3 -8.70414851306122558e-6 -7.29556831018385219e3 4.20163903669390439e-4 -7.49580579602060334e3 2.49800180540660222e-4 -7.82000840082730519e3 0.00000000000000000e0 -8.03780457969693998e3 6.82121026329696178e-5 -8.33352869449299760e3 -1.45083944858015457e-4 0.00000000000000000e0 6.40889066261251994e0 -1.74082970261224512e-5 -1.87439137988576448e2 0.00000000000000000e0 -1.07545464800296017e2 -8.70414851306122558e-6 -3.03051685968114214e2 0.00000000000000000e0 -2.24874540499797575e2 -8.70414851306122558e-6 -3.82077172567107880e2 0.00000000000000000e0 -3.69751680473484555e2 1.74082970261224512e-5 -4.29157285175563118e2 2.61124455391836784e-5 -5.51283312866246320e2 -2.61124455391836784e-5 -4.36620100252582631e2 0.00000000000000000e0 -9.12124948193593241e2 -8.70414851306122558e-6 -2.06998691432147524e2 1.74082970261224512e-5 -4.11349354578760483e2 1.99840144432528177e-5 -1.10785007869651486e3 -1.13686837721616030e-5 -7.23756294185306956e2 -1.28341781646668079e-5 -9.24308075234136936e2 -4.31654711974260795e-5 -8.83067662904579606e2 -3.20632409511745209e-5 -9.52664728792740220e2 -3.55271367880050025e-5 -1.01485708849935452e3 0.00000000000000000e0 -1.01436885540095989e3 2.14939177567430272e-5 -1.13182685694823681e3 0.00000000000000000e0 -1.09680970190595394e3 0.00000000000000000e0 -1.23312357001026362e3 -1.11022302462515654e-4 -1.20029352377315467e3 -3.00204305858642362e-5 -1.31667627574216772e3 -2.91366930582626082e-4 -1.32016549034830155e3 6.96331881044898047e-5 -1.38580132827970078e3 0.00000000000000000e0 -1.44699776161161253e3 0.00000000000000000e0 -1.45781731850647157e3 0.00000000000000000e0 -1.56765395331603941e3 -3.63797880709171295e-4 -1.54680591305522694e3
-3.99680288865056355e-5 -4.11284683810020397e2 -9.99200722162640886e-6 -6.13367396873343296e2 -9.99200722162640886e-5 -7.64378552953193207e2 -1.74860126378462155e-5 -1.02025905224234498e3 -1.34892097491956520e-4 -1.16202003769272369e3 -9.24260668000442820e-5 -1.41195601460752937e3 -7.10542735760100186e-5 -1.56555818808801200e3 -1.83453252589060840e-4 -1.80949351252790439e3 -1.33226762955018768e-5 -1.95812637604486645e3 -2.41806574763359067e-4 -2.22126370547082161e3 0.00000000000000000e0 -2.35732005915423315e3 -1.27586829989923017e-4 -2.44274038246894406e3 -8.70414851306122558e-6 -5.57580232984911072e3 -2.99760216648792266e-5 -2.85313873007453367e3 -1.13686837721616030e-4 -3.09137610519094551e3 1.28341781646668079e-5 -3.52520586721638483e3 -4.46043202373402837e-4 -3.45756296608046296e3 -1.60316204755872604e-5 -3.91340790883987165e3 -3.19744231092045029e-4 -3.90699490659951380e3 1.95843341543877580e-5 -4.24796918929715139e3 -6.44817532702290919e-5 -4.38954712533856491e3 -4.69846384021366112e-5 -4.57123694417305069e3 0.00000000000000000e0 -4.86306055147434108e3 -1.16573417585641437e-3 -4.92355135519595478e3 6.00408611717284725e-5 -5.29164120671721230e3 -1.23021592912664346e-3 -5.32721144299586012e3 -1.74082970261224518e-4 -5.66271835851228570e3 -7.46958050967805185e-5 -5.77772958476607801e3 -7.99360577730112709e-5 -6.00024104568941493e3 -8.53539461331820484e-5 -6.24228925971692661e3 -2.91038304567337036e-3 -6.34484097591370119e3 1.48594324345108220e2 -4.24660306919122377e-5 3.08578110563839687e2 -2.49800180540660222e-5 2.95969438957044417e2 -3.49720252756924310e-5 4.09476123008900572e2 -1.32394095686549917e-4 4.82199627727109032e2 7.49400541621980665e-6 5.49319449927310188e2 7.49400541621980665e-6 6.57217427146861155e2 3.74700270810990332e-5 7.07561148471924525e2 9.99200722162640886e-6 8.24861108306151777e2 -6.49480469405716576e-5 8.51477204788508743e2 -9.74220704108574864e-5 1.02810853590540296e3 -2.49800180540660222e-6 7.86093238014373810e2 8.49320613838244753e-5 1.51759405753182341e3 2.49800180540660222e-6 1.60318505471046547e3 2.01794136955868453e-4 8.49956256843142910e2 3.20854454116670198e-6 1.48940928936802652e3 7.19424519957101353e-6 1.38325956768881019e3 -1.16229248448007638e-4 1.52122347341077102e3 0.00000000000000000e0 1.68715287074405728e3 2.44804176929846983e-5 1.60550128991410156e3 8.06021915877863648e-5 1.91183061506450235e3 4.69846384021366139e-4 1.75858363768988056e3 2.30215846386272433e-4 2.06002477796118865e3 6.93889390390722838e-5 1.97921765088260327e3 -1.80122583515185424e-4 2.15296780528007093e3 -8.09352584951739118e-6 2.23202964511060054e3 1.74082970261224512e-5 2.23802264258665627e3 1.86739512741951296e-5 2.46526423559600926e3 2.99760216648792266e-5 2.36365259365101110e3 3.20077297999432685e-4 2.64238166032271283e3 4.43378667114302516e-4 2.55367094723624177e3 1.17276188760229161e-3
-4.83700629549943528e2 1.99840144432528177e-5 -6.93583750432935631e2 9.99200722162640886e-6 -9.86636692346110067e2 0.00000000000000000e0 -1.31432228100969451e3 -9.99200722162640886e-6 -1.51001292469921123e3 2.99760216648792266e-5 -1.90345540329595065e3 9.99200722162640886e-6 -2.07500225002377192e3 -1.99840144432528177e-5 -2.43290144030794409e3 -9.99200722162640886e-6 -2.69319879397933437e3 9.99200722162640886e-6 -2.91001176155880603e3 -1.99840144432528177e-5 -3.33227864302010357e3 -9.99200722162640886e-6 -3.40314387670126462e3 0.00000000000000000e0 -3.72407583770772999e3 -2.99760216648792266e-5 -6.96816140788314442e3 0.00000000000000000e0 -4.25414950768754352e3 -3.99680288865056355e-5 -4.46997001795068536e3 9.99200722162640886e-6 -5.01505812717795106e3 1.99840144432528177e-5 -5.04770088909367587e3 -1.99840144432528177e-5 -5.47358926183960557e3 9.99200722162640886e-6 -5.68594057277493812e3 -3.89688281643429946e-4 -5.92401192420766074e3 4.99600361081320443e-5 -6.29934492515360307e3 -4.09672296086682763e-4 -6.42325721571523809e3 1.99840144432528177e-5 -6.85193057847754972e3 -2.99760216648792266e-5 -6.98882612795159821e3 -1.99840144432528177e-5 -7.35157077373926859e3 9.99200722162640886e-6 -7.59834552823690410e3 6.99440505513848620e-5 -7.83779527360195425e3 7.49400541621980665e-4 -8.20636658627194083e3 5.86808379665626489e-4 -8.35499849336507395e3 2.16004991671070457e-4 -8.77449028848786838e3 -7.25419724290077284e-5 2.99760216648792266e-5 2.81900702781001655e1 0.00000000000000000e0 -1.86778752464533682e2 -1.99840144432528177e-5 -9.83240089347248158e1 -9.99200722162640886e-6 -2.66822953731704615e2 -9.99200722162640886e-6 -2.53453388276980718e2 9.99200722162640886e-6 -2.96342740346844380e2 0.00000000000000000e0 -4.26315333035276467e2 9.99200722162640886e-6 -3.32716824091860985e2 0.00000000000000000e0 -5.55866582763187012e2 -2.99760216648792266e-5 -4.53853604698295499e2 0.00000000000000000e0 -5.71488996126134907e2 -2.99760216648792266e-5 -8.67650681302123417e2 9.99200722162640886e-6 -2.31523920035670017e2 -9.99200722162640886e-6 -3.51186290048488559e2 1.13686837721616030e-5 -1.13739322959993683e3 -1.28341781646668079e-5 -7.98544020907954177e2 -8.63309423948521590e-5 -8.24022610146357692e2 4.80948614267617813e-5 -1.01136599095497104e3 -5.32907051820075072e-5 -8.29602906371462723e2 0.00000000000000000e0 -1.10596110269867154e3 2.14939177567430272e-5 -9.54699359567712236e2 0.00000000000000000e0 -1.12439329846836245e3 0.00000000000000000e0 -1.13477671259687440e3 -3.05311331771918049e-4 -1.12874602664625468e3 1.80122583515185424e-4 -1.30013673826923082e3 -4.53237447572973906e-4 -1.17569953772544977e3 6.96331881044898047e-5 -1.40110811952531844e3 1.12043707645170785e-4 -1.29134341220193960e3 -3.99680288865056355e-5 -1.44352295444738502e3 -8.53539461331820484e-5 -1.45588402347129886e3 -7.27595761418342590e-4 -1.46626657505644062e3
-2.84217094304040074e-6 -4.35115754271464539e2 -5.68434188608080149e-6 -6.57639037626722711e2 8.52651282912120223e-6 -8.08294555554311955e2 0.00000000000000000e0 -1.09078368950576987e3 8.52651282912120223e-6 -1.23798864137825149e3 -2.84217094304040074e-6 -1.49197441317028279e3 5.68434188608080149e-6 -1.69745764821982448e3 1.79856129989275326e-5 -1.87035811904934235e3 4.44089209850062531e-6 -2.17502016255366470e3 4.29878355134860545e-5 -2.24344932746589620e3 -1.27897692436818017e-5 -2.64482323757420090e3 0.00000000000000000e0 -2.66105266177874000e3 2.61124455391836784e-5 -2.85313873007453367e3 0.00000000000000000e0 -6.35402641364635201e3 2.27373675443232059e-5 -3.24882588312869166e3 2.56683563293336158e-5 -3.52179924822948396e3 1.15107923193136217e-4 -3.93803710450057997e3 -1.60316204755872604e-5 -3.94619233290427428e3 8.88178419700125097e-5 -4.33158271780920040e3 -1.95843341543877580e-5 -4.42841605070576315e3 0.00000000000000000e0 -4.70600795217101950e3 0.00000000000000000e0 -4.91050915769619587e3 -2.55795384873636033e-5 -5.09253725300418137e3 3.60822483003175876e-4 -5.36969292954658886e3 -6.00408611717284725e-5 -5.50594813182314647e3 3.88489240776834777e-4 -5.79866383958460483e3 6.96331881044898047e-5 -5.94660017660952781e3 7.46958050967805185e-5 -6.20412509366730137e3 3.99680288865056355e-5 -6.40033898050562675e3 8.53539461331820484e-5 -6.60240023080405081e3 8.64019966684281826e-4 -6.84877478829282154e3 1.61420734912098851e2 2.84217094304040074e-6 3.30821228544664336e2 2.84217094304040074e-6 3.25719824445513950e2 2.84217094304040074e-6 4.31533268852035690e2 -2.84217094304040074e-6 5.42156720939601655e2 5.68434188608080149e-6 5.63422085519960092e2 3.69482222595252097e-5 7.52605015463814198e2 -2.84217094304040074e-6 7.21404523718049859e2 4.83169060316868126e-5 9.29372507840753201e2 5.68434188608080149e-6 9.25602102164191251e2 1.13686837721616030e-5 1.03817187167010138e3 1.10844666778575629e-4 1.20790046147511998e3 2.84217094304040074e-6 8.86396129295974220e2 -5.68434188608080149e-6 1.81268993815209001e3 -5.68434188608080149e-6 1.78026123194285901e3 -1.28341781646668079e-5 1.06112249667056335e3 0.00000000000000000e0 1.64276616470004888e3 2.80553358322777058e-5 1.62726483545760902e3 4.44089209850062531e-6 1.72008277843360679e3 1.46882506157908176e-5 1.90246164302187958e3 0.00000000000000000e0 1.86756709403823584e3 0.00000000000000000e0 2.09916290101474988e3 -2.55795384873636033e-5 2.06347658320282744e3 6.93889390390722838e-6 2.25182669733037255e3 1.27586829989923017e-4 2.28541025979467395e3 2.99460456432143474e-4 2.38986116896100521e3 0.00000000000000000e0 2.50674216388802006e3 0.00000000000000000e0 2.53980620468219286e3 9.99200722162640886e-6 2.70681349334722654e3 -1.60038648999716342e-4 2.71605048052236998e3 -2.27373675443232059e-5 2.87893412860285025e3 1.57174273596183411e-4
-5.37189225724432617e2 -1.13686837721616030e-5 -7.44847000078152632e2 1.13686837721616030e-5 -1.10583979449074832e3 0.00000000000000000e0 -1.41110631375340745e3 -1.13686837721616030e-5 -1.68358644714317052e3 1.13686837721616030e-5 -2.06948193408607040e3 0.00000000000000000e0 -2.26826909965893719e3 -3.41060513164848089e-5 -2.70742749535202165e3 -2.27373675443232059e-5 -2.86650384850872797e3 1.13686837721616030e-5 -3.32260092363867443e3 1.13686837721616030e-5 -3.47492715491171111e3 -3.41060513164848089e-5 -3.91739878295993549e3 1.13686837721616030e-5 -4.11270053746193298e3 -1.13686837721616030e-4 -4.25414950768754352e3 2.27373675443232059e-5 -8.20347281660360750e3 -1.02318153949454427e-4 -4.83215260489444518e3 -1.13686837721616030e-5 -5.27762686832744475e3 -3.41060513164848089e-5 -5.75218161000812233e3 -6.82121026329696178e-5 -5.80876415412490041e3 1.13686837721616030e-5 -6.35797919272817944e3 -1.13686837721616030e-5 -6.41614218910291311e3 2.04636307898908854e-4 -6.91330172286619199e3 0.00000000000000000e0 -7.06500759974915036e3 6.82121026329696178e-5 -7.43878453279833684e3 -6.82121026329696178e-5 -7.73314860111895632e3 -1.47792889038100839e-4 -7.96778068803405404e3 4.54747350886464119e-5 -8.38895312114118315e3 0.00000000000000000e0 -8.53486500473898741e3 2.27373675443232059e-5 -9.00529259162397102e3 1.59161572810262442e-4 -9.15618504491178101e3 5.11590769747272134e-4 -9.57647107497905381e3 -4.11071177097710461e-4 0.00000000000000000e0 4.84127440358861350e0 1.13686837721616030e-5 -2.13776900181983365e2 -1.13686837721616030e-5 -1.30548664856178220e2 1.13686837721616030e-5 -3.43765111665561562e2 -1.13686837721616030e-5 -2.68476935616490664e2 -1.13686837721616030e-5 -4.36988034380192403e2 0.00000000000000000e0 -4.26303586209542118e2 -1.13686837721616030e-5 -5.10676511566998670e2 2.27373675443232059e-5 -5.94239759266201872e2 -2.27373675443232059e-5 -5.76840955091029173e2 1.13686837721616030e-5 -7.82164056545298081e2 -4.54747350886464119e-5 -6.13770419022330316e2 0.00000000000000000e0 -1.19891614076550468e3 -1.13686837721616030e-5 -3.42987357271340443e2 -5.68434188608080149e-5 -4.78342997212166665e2 1.28341781646668079e-5 -1.50910623233357910e3 -3.02158298381982550e-4 -8.91138415681780316e2 1.60316204755872604e-4 -1.22935731496909284e3 -2.66453525910037515e-4 -1.12444712385695311e3 1.95843341543877580e-5 -1.20386937396688154e3 0.00000000000000000e0 -1.32881154968345072e3 7.04769576032049236e-5 -1.23308727779658511e3 0.00000000000000000e0 -1.49276974070744473e3 -7.21644966006351751e-4 -1.32311272409424419e3 3.30224736444506616e-4 -1.59728757580523961e3 -1.06834541213629564e-3 -1.47397311138774967e3 1.04449782156734714e-4 -1.64463766623157426e3 -1.12043707645170785e-4 -1.66402113563890452e3 0.00000000000000000e0 -1.67768974961290951e3 4.26769730665910242e-5 -1.85179520713063539e3 -1.45519152283668518e-3 -1.74425602171845981e3
-2.88769008705003182e-5 -4.64325447335767137e2 3.20854454116670198e-6 -6.96965807778226917e2 -6.09623462821673389e-5 -8.69507026302063082e2 -1.60427227058335086e-5 -1.14903492619555777e3 -7.05879799056674393e-5 -1.33452182943250000e3 -4.17110790351671244e-5 -1.57744501684264878e3 -4.17110790351671244e-5 -1.80862803710324351e3 -1.40287781391634753e-4 -2.01639612603665660e3 -4.44089209850062531e-6 -2.25929079590292349e3 -1.98818739249873006e-4 -2.49321980408945228e3 6.39488462184090083e-6 -2.67141289307382067e3 -1.27586829989923017e-4 -3.00231596003230879e3 -2.61124455391836784e-5 -3.09137610519094551e3 -3.99680288865056355e-5 -3.24882588312869166e3 -1.02318153949454427e-4 -7.21523023314851616e3 0.00000000000000000e0 -3.71940562429173769e3 -4.02877731175976751e-4 -3.92378494580292136e3 3.20632409511745209e-5 -4.49394589097096195e3 -3.37507799486047534e-4 -4.37490874367618562e3 0.00000000000000000e0 -4.89145714048788705e3 -2.14939177567430272e-5 -4.92804070895136283e3 -7.04769576032049236e-5 -5.24124137371018060e3 5.11590769747272066e-5 -5.49394204435449410e3 -1.16573417585641437e-3 -5.60947134720102349e3 6.00408611717284725e-5 -6.01410194095430870e3 -1.23021592912664346e-3 -6.03890867907352822e3 0.00000000000000000e0 -6.45895672413132525e3 -1.86739512741951303e-4 -6.53705616637800813e3 -1.19904086659516906e-4 -6.84685096155046631e3 4.26769730665910242e-5 -7.06975129105558153e3 -2.81943357549607754e-3 -7.22550928669018958e3 1.77039957327540492e2 -3.20854454116670172e-5 3.51016312905016946e2 -9.62563362350010551e-6 3.59117297499267295e2 -2.24598117881669134e-5 4.62746143958803145e2 -6.09623462821673389e-5 5.81798849053072217e2 9.62563362350010551e-6 6.29187428402566638e2 -1.66844316140668498e-4 7.76030386961945510e2 2.56683563293336158e-5 8.38098572941703310e2 -1.76469949764168605e-4 9.38266424554967557e2 -3.85025344940004220e-5 1.06480037826983676e3 -5.77538017410006365e-5 1.10654015870181843e3 0.00000000000000000e0 1.24100349494504781e3 3.85025344940004220e-5 1.35763664079746582e3 3.20854454116670198e-6 1.10233633221490390e3 1.41175959811334879e-4 2.00762793838293874e3 2.24598117881669134e-5 2.11502447187150710e3 1.43884903991420271e-5 1.17784391040487412e3 -8.01581023779363022e-5 1.89722462722308182e3 -4.44089209850062531e-6 1.86893316822533939e3 3.42725847701785756e-5 1.91511954654721671e3 8.59756710269721089e-5 2.22096089039780509e3 4.22861745619229515e-4 2.04098889446946373e3 3.13349346470204128e-4 2.44194746983339382e3 4.85722573273505986e-5 2.27206764513709913e3 -6.00408611717284725e-5 2.56595877878851343e3 8.09352584951739118e-6 2.56931661906101272e3 -8.70414851306122558e-6 2.65330693380860748e3 0.00000000000000000e0 2.86490669929584328e3 1.99840144432528177e-5 2.77359167633051129e3 5.22792920065739963e-4 3.10062032400360022e3 4.43378667114302516e-4 2.97127135127084330e3 -8.22142354195420921e-4
-5.51430347162096155e2 0.00000000000000000e0 -7.87056052953260973e2 2.56683563293336158e-5 -1.12614918332809543e3 -1.28341781646668079e-5 -1.49298581546553055e3 -1.28341781646668079e-5 -1.71871127472300577e3 2.56683563293336158e-5 -2.17149491996693177e3 0.00000000000000000e0 -2.34856703653640807e3 1.28341781646668079e-5 -2.79127030755610349e3 1.28341781646668079e-5 -3.03374960566316031e3 1.28341781646668079e-5 -3.34941633095553425e3 0.00000000000000000e0 -3.75760428728000261e3 -1.28341781646668079e-5 -3.88051852064918921e3 -3.85025344940004220e-5 -4.46744180035984937e3 1.28341781646668079e-5 -4.46997001795068536e3 2.56683563293336158e-5 -4.83215260489444518e3 0.00000000000000000e0 -9.04357515185694137e3 0.00000000000000000e0 -5.39598962632226085e3 -1.28341781646668079e-5 -5.74296660249551405e3 0.00000000000000000e0 -6.29004341945460419e3 -2.56683563293336158e-5 -6.38727719994847030e3 -2.56683563293336158e-5 -6.83439839601618314e3 1.28341781646668079e-5 -7.08188227656058916e3 -3.85025344940004220e-5 -7.38332840626298912e3 -1.28341781646668079e-5 -7.74881270260152633e3 2.56683563293336158e-5 -7.97738524784819128e3 -1.28341781646668079e-5 -8.37256514238937598e3 0.00000000000000000e0 -8.61843263493255836e3 -5.64703839245339514e-4 -8.96834679697810861e3 5.13367126586672317e-5 -9.28258466093012612e3 0.00000000000000000e0 -9.56596835872680640e3 0.00000000000000000e0 -9.93971425486961380e3 2.56683563293336158e-5 3.85025344940004220e-5 2.79389662960483030e1 2.56683563293336158e-5 -2.16366584027127800e2 1.28341781646668079e-5 -1.13747293273291902e2 1.28341781646668079e-5 -3.17982819586504149e2 1.28341781646668079e-5 -2.83649403698404910e2 0.00000000000000000e0 -3.61086214439865159e2 0.00000000000000000e0 -4.81704374832858605e2 -1.28341781646668079e-5 -3.94301773409821919e2 -2.56683563293336158e-5 -6.55541264604764137e2 1.28341781646668079e-5 -4.81448486988611478e2 -1.28341781646668079e-5 -7.47692242430986084e2 1.28341781646668079e-5 -6.85166115710344911e2 -2.56683563293336158e-5 -7.09746647098441372e2 1.28341781646668079e-5 -1.23569558057035056e3 -1.28341781646668079e-5 -2.68183962326418111e2 -2.56683563293336158e-5 -5.10381614393651205e2 0.00000000000000000e0 -1.46069999003017847e3 3.20632409511745209e-5 -1.02567418855947767e3 -1.77635683940025013e-5 -1.10690235670674019e3 1.95843341543877580e-5 -1.23809469916302805e3 -2.14939177567430272e-5 -1.13590283787878820e3 -2.34923192010683056e-5 -1.34323502036792752e3 5.11590769747272066e-5 -1.26899529324653304e3 -8.32667268468867405e-5 -1.39714075046981611e3 -3.00204305858642362e-5 -1.43387913733583605e3 -6.47482067961391294e-5 -1.45130440905028013e3 6.96331881044898047e-5 -1.57870956520866889e3 -7.46958050967805185e-5 -1.54158965672834802e3 0.00000000000000000e0 -1.68435587388771046e3 8.53539461331820484e-5 -1.67338865795230140e3 -9.09494701772928238e-5 -1.76091617443141467e3
-3.59712259978550677e-6 -5.00265034197866441e2 3.59712259978550677e-6 -7.48717029575018842e2 0.00000000000000000e0 -9.24065378615779196e2 7.19424519957101353e-6 -1.25100399559485686e3 -3.59712259978550677e-6 -1.40343882835125532e3 -1.07913677993565199e-5 -1.72420534769734923e3 0.00000000000000000e0 -1.91203322295052635e3 3.59712259978550677e-6 -2.17183176243196340e3 -4.44089209850062531e-6 -2.44619420239899864e3 1.61204383175572730e-5 -2.60159149583216686e3 1.27897692436818017e-5 -2.99351461459096345e3 1.50102152929321181e-5 -3.03214300627629927e3 -1.74082970261224512e-5 -3.52520586721638483e3 9.99200722162640886e-6 -3.52179924822948396e3 -1.13686837721616030e-5 -3.71940562429173769e3 0.00000000000000000e0 -8.21238578740945741e3 4.31654711974260795e-5 -4.16844644768321632e3 -1.60316204755872604e-5 -4.51387753841458925e3 5.32907051820075072e-5 -4.99377484374230335e3 -3.91686683087755160e-5 -4.99194227532306832e3 2.14939177567430272e-5 -5.44646078121102528e3 2.34923192010683056e-5 -5.53903043112313662e3 -5.11590769747272066e-5 -5.87545744695772191e3 2.77555756156289135e-5 -6.08788838931673217e3 -6.00408611717284725e-5 -6.31547328693304917e3 6.47482067961391294e-5 -6.61383792550651469e3 6.96331881044898047e-5 -6.78228018686777159e3 3.73479025483902592e-5 -7.10808370163462678e3 -7.99360577730112709e-5 -7.27660971272525785e3 8.53539461331820484e-5 -7.57660451427000226e3 2.27373675443232059e-4 -7.78693134273478154e3 1.82139770465994360e2 -3.59712259978550677e-6 3.82247578389893704e2 0.00000000000000000e0 3.61244986724074067e2 -3.59712259978550677e-6 5.06661210986081244e2 3.59712259978550677e-6 6.01055110882597774e2 0.00000000000000000e0 6.59825784810052937e2 7.19424519957101353e-6 8.45949447692006970e2 -3.59712259978550677e-6 8.26619895732960572e2 1.79856129989275326e-5 1.07362163159763190e3 -3.59712259978550677e-6 1.02350833226516602e3 -3.59712259978550677e-6 1.25938831843086496e3 1.79856129989275326e-5 1.27227878703450892e3 7.19424519957101353e-6 1.36542396393934928e3 9.35251875944231734e-5 1.61006147414433099e3 -3.59712259978550677e-6 1.14444472956165555e3 7.55395745954956375e-5 2.34455064465066653e3 -7.19424519957101353e-6 2.29405591642972649e3 8.01581023779363022e-6 1.35715825817506175e3 4.88498130835068810e-5 2.09586922039761657e3 4.89608353859693950e-6 2.04360732976027703e3 1.61204383175572730e-5 2.17667428490386783e3 1.76192394008012309e-5 2.36592889804043625e3 -3.83693077310454033e-5 2.33943575551620552e3 0.00000000000000000e0 2.59699256544010404e3 3.00204305858642362e-5 2.55641930664296569e3 4.85611550971043471e-5 2.77863802127242843e3 1.74082970261224512e-5 2.80316340379727035e3 -9.33697563709756481e-6 2.94174911243949509e3 9.99200722162640886e-6 3.05253834209651131e3 -1.70707892266364097e-4 3.11340549159488955e3 -3.41060513164848089e-5 3.28316396007721778e3 -3.50619533406870687e-4
-5.97737330032543809e2 -1.43884903991420271e-5 -8.36967277884070768e2 -1.43884903991420271e-5 -1.22851329589224156e3 -2.87769807982840541e-5 -1.58385213104850186e3 -1.43884903991420271e-5 -1.87573707606247785e3 4.31654711974260795e-5 -2.31166206177135746e3 -1.15107923193136217e-4 -2.54368298744367348e3 2.87769807982840541e-5 -3.00396325574325783e3 -1.15107923193136217e-4 -3.23627406633164537e3 -1.43884903991420271e-5 -3.66838827474680284e3 -4.31654711974260795e-5 -3.93269795129214071e3 -1.43884903991420261e-4 -4.33311712111361612e3 8.63309423948521590e-5 -4.60507002131293939e3 -4.46043202373402837e-4 -5.01505812717795106e3 1.15107923193136217e-4 -5.27762686832744475e3 -4.02877731175976751e-4 -5.39598962632226085e3 4.31654711974260795e-5 -1.03400151289179103e4 -8.63309423948521590e-5 -6.09065822310128624e3 -3.74100750377692694e-4 -6.48016037274601240e3 1.43884903991420261e-4 -7.17957922073963891e3 -4.31654711974260795e-5 -7.07675108824190556e3 7.62589991154527416e-4 -7.82613464171966007e3 -2.87769807982840541e-5 -7.80826802895262426e3 2.15827355987130404e-4 -8.38436750583149114e3 -2.30215846386272433e-4 -8.60156094439901244e3 -8.20143952751095531e-4 -8.92046605462937259e3 3.59712259978550665e-4 -9.39186346116116329e3 1.43884903991420271e-5 -9.50434421200796351e3 2.87769807982840541e-5 -1.01183801737292360e4 5.75539615965681083e-5 -1.01789579090905136e4 7.19424519957101303e-5 -1.07570943328028079e4 -7.62589991154527416e-4 -1.43884903991420271e-5 1.12353246706220471e1 1.43884903991420271e-5 -2.36341846893139945e2 -5.75539615965681083e-5 -1.44426227777216781e2 2.87769807982840541e-5 -3.68580922582850633e2 -5.75539615965681083e-5 -3.10084442922686719e2 1.43884903991420271e-5 -4.57667649378379281e2 -4.31654711974260795e-5 -4.91546688152766308e2 -7.19424519957101303e-5 -5.40336231757976179e2 4.31654711974260795e-5 -6.57977752283045334e2 -2.01438865587988376e-4 -6.47557737032400269e2 1.00719432793994188e-4 -7.96675993974815697e2 -2.01438865587988376e-4 -7.74542251136267510e2 5.75539615965681083e-5 -9.51716812558345168e2 -5.75539615965681083e-5 -8.54381250547930790e2 -2.15827355987130404e-4 -1.43393970137850579e3 2.30215846386272433e-4 -5.03819077657396917e2 1.43884903991420271e-5 -5.00881063025815308e2 5.77138337121141376e-4 -1.90669297790435598e3 -9.23705556488130133e-4 -1.07806572948732060e3 1.17506004926326541e-4 -1.46116953096964130e3 -6.44817532702290919e-5 -1.42165690899531660e3 -7.04769576032049236e-5 -1.36337005525177779e3 1.53477230924181613e-4 -1.68759615402080931e3 -1.11022302462515654e-4 -1.38940942431275948e3 1.17079679284870530e-3 -1.84251140424862547e3 9.71223101942086942e-5 -1.53909851583478007e3 4.52615722679183764e-4 -1.88061474553080620e3 -2.24087415290341569e-4 -1.78333296769750382e3 -7.99360577730112709e-5 -1.86484816868670555e3 0.00000000000000000e0 -2.04813211190923948e3 0.00000000000000000e0 -1.88229762336788986e3
4.00790511889681511e-6 -5.18833020779485537e2 4.00790511889681511e-6 -7.82625151563021177e2 -4.00790511889681511e-6 -9.74093299843659111e2 4.00790511889681511e-6 -1.28559590990562356e3 8.01581023779363022e-6 -1.50198580538551937e3 -8.01581023779363022e-6 -1.75631595753511488e3 4.00790511889681511e-6 -2.04574552713498997e3 -1.20237153566904453e-5 -2.23472034561744704e3 4.44089209850062531e-6 -2.56501569814160393e3 -2.14939177567430272e-5 -2.75820305335461308e3 0.00000000000000000e0 -3.03253085650601042e3 -2.25153229393981780e-5 -3.33796868049462955e3 8.70414851306122558e-6 -3.45756296608046296e3 1.99840144432528177e-5 -3.93803710450057997e3 -3.41060513164848089e-5 -3.92378494580292136e3 -1.28341781646668079e-5 -4.16844644768321632e3 -8.63309423948521590e-5 -9.10687761517259241e3 0.00000000000000000e0 -4.66465913007141262e3 -5.32907051820075072e-5 -4.91876984523020747e3 3.91686683087755160e-5 -5.53855281353321516e3 -2.14939177567430272e-5 -5.45143922651147750e3 0.00000000000000000e0 -5.96727871595703527e3 -5.11590769747272066e-5 -6.07652381884316037e3 -3.33066907387546962e-4 -6.37014616655662394e3 0.00000000000000000e0 -6.68684502809213700e3 -4.53237447572973906e-4 -6.81312834487357486e3 1.04449782156734714e-4 -7.23345889057647037e3 -1.49391610193561037e-4 -7.32353922505701848e3 -1.99840144432528177e-4 -7.71308528599856709e3 -8.53539461331820484e-5 -7.88613489248746191e3 -1.04591890703886747e-3 -8.15802652491814933e3 2.04170674511505723e2 -1.20237153566904453e-5 3.95909564798735403e2 0.00000000000000000e0 4.17522437634598703e2 4.00790511889681511e-6 5.20105121848413205e2 -4.00790511889681511e-6 6.77464410436812159e2 -4.00790511889681511e-6 7.07338060679241153e2 -4.00790511889681511e-6 9.00948674720236568e2 0.00000000000000000e0 9.50884066375223824e2 -4.00790511889681511e-6 1.07605183430337070e3 4.00790511889681511e-6 1.23316122584427035e3 8.01581023779363022e-6 1.23595301033674309e3 -8.01581023779363022e-6 1.49789358054874833e3 0.00000000000000000e0 1.44574466265368051e3 -1.20237153566904453e-4 1.65809367236313687e3 8.01581023779363022e-6 1.78873954155278625e3 -8.81739126157299324e-5 1.40395730334752488e3 8.01581023779363022e-6 2.62410397251500126e3 1.20237153566904453e-5 2.64926629247597111e3 -1.33226762955018758e-4 1.57430271485736716e3 -4.89608353859693950e-6 2.35629539160342392e3 5.37347943918575681e-6 2.38635293356992406e3 4.11115586018695331e-5 2.40405486477968043e3 1.08713038571295315e-4 2.75247321894767038e3 6.93889390390722838e-6 2.59169208316478716e3 3.75255382323302978e-5 2.96975134226329419e3 -2.18525197936969562e-4 2.87816184245670593e3 -8.70414851306122558e-6 3.10877563265421441e3 1.86739512741951296e-5 3.20150045070022270e3 1.09912079437890498e-4 3.24224826986352355e3 4.37438973932557983e-4 3.49645897954609109e3 6.82121026329696178e-5 3.42872858709597494e3 -9.67226299053436378e-5
-6.24259774584245974e2 1.60316204755872604e-5 -8.81542177699756735e2 -3.20632409511745209e-5 -1.27896300328167445e3 -1.60316204755872604e-5 -1.67229270360280680e3 -3.20632409511745209e-5 -1.94792084351469430e3 -1.60316204755872604e-5 -2.44318590327807760e3 -1.60316204755872604e-5 -2.64407626375806603e3 -3.20632409511745209e-5 -3.16366927552991228e3 3.20632409511745209e-5 -3.38916062254668304e3 1.60316204755872604e-5 -3.82218089582941866e3 -1.60316204755872604e-5 -4.17951579265718465e3 3.20632409511745209e-5 -4.43619431669262121e3 -1.60316204755872604e-5 -4.98481116655291589e3 -1.60316204755872604e-5 -5.04770088909367587e3 -1.60316204755872604e-5 -5.75218161000812233e3 3.20632409511745209e-5 -5.74296660249551405e3 -1.60316204755872604e-5 -6.09065822310128624e3 0.00000000000000000e0 -1.14291943823729980e4 -3.20632409511745209e-5 -6.71675918439973339e3 -3.20632409511745209e-5 -7.18784424060814217e3 4.80948614267617813e-5 -7.78122064790664990e3 0.00000000000000000e0 -7.88584058240004742e3 8.01581023779363022e-5 -8.42241844907220911e3 -3.20632409511745209e-5 -8.64776014686263807e3 0.00000000000000000e0 -9.05958109278515258e3 0.00000000000000000e0 -9.39843887115543475e3 0.00000000000000000e0 -9.72719367240415340e3 2.72537548084983428e-4 -1.01241065112667166e4 4.80948614267617813e-5 -1.04293152913825797e4 -8.65707505681712064e-4 -1.08306784342371302e4 1.60316204755872604e-5 -1.11545894469600171e4 4.80948614267617813e-5 -1.60316204755872604e-5 2.06459216389731637e1 0.00000000000000000e0 -2.48687530746138918e2 -1.60316204755872604e-5 -1.38255572768031243e2 3.20632409511745209e-5 -3.81046240649496326e2 3.20632409511745209e-5 -3.18254471309842302e2 1.60316204755872604e-5 -4.52890056079624514e2 3.20632409511745209e-5 -5.32906470995797577e2 -4.80948614267617813e-5 -5.00197636688071157e2 0.00000000000000000e0 -7.43362113864165508e2 3.20632409511745209e-5 -5.74380369355864673e2 0.00000000000000000e0 -9.00532578018697905e2 1.60316204755872604e-5 -7.24366920090702138e2 -3.20632409511745209e-5 -9.66505646093906989e2 1.60316204755872604e-5 -9.95784018220646772e2 1.60316204755872604e-5 -9.07047171283537068e2 -1.60316204755872604e-5 -1.66556796785677352e3 3.20632409511745209e-5 -3.85145878700754452e2 -1.60316204755872604e-5 -6.84281632601368983e2 1.77635683940025013e-5 -1.90550502332520455e3 3.91686683087755160e-5 -1.29074808796758589e3 -4.29878355134860545e-5 -1.48384966198733537e3 2.34923192010683056e-5 -1.54018883233852921e3 5.11590769747272066e-5 -1.50511573480116567e3 2.77555756156289135e-5 -1.68990930626833347e3 3.00204305858642362e-5 -1.62677054853510572e3 1.61870516990347824e-4 -1.79225416139239246e3 0.00000000000000000e0 -1.78426619807936504e3 0.00000000000000000e0 -1.88413928192687763e3 -3.99680288865056355e-5 -1.94283160559471912e3 -4.26769730665910242e-5 -1.98963481539138343e3 9.09494701772928238e-5 -2.08574656044291351e3
-1.77635683940025013e-5 -5.62372921564246894e2 -1.33226762955018768e-5 -8.36941791426681789e2 -1.77635683940025013e-5 -1.03869668865996778e3 -4.44089209850062531e-6 -1.40005411264354484e3 -3.10862446895043764e-5 -1.57399483668996231e3 -2.22044604925031274e-5 -1.93564344996843806e3 -2.22044604925031274e-5 -2.13518867031581249e3 -1.15463194561016267e-4 -2.45056941405863381e3 0.00000000000000000e0 -2.71746624314062001e3 -2.84794410276845156e-4 -2.95095446301019092e3 1.27897692436818017e-5 -3.31371677653180495e3 -1.57607260575787250e-4 -3.44491351889075713e3 1.74082970261224512e-5 -3.91340790883987165e3 -1.99840144432528177e-5 -3.94619233290427428e3 -6.82121026329696178e-5 -4.49394589097096195e3 0.00000000000000000e0 -4.51387753841458925e3 -3.74100750377692694e-4 -4.66465913007141262e3 -3.20632409511745209e-5 -1.03092633452206410e4 -2.48689957516035011e-4 -5.17989670786311763e3 1.95843341543877580e-5 -5.60537230440694111e3 -6.44817532702290919e-5 -6.16962262315334647e3 -7.04769576032049236e-5 -6.11521152436011926e3 -2.55795384873636033e-5 -6.69399603109299733e3 -9.43689570931383059e-4 -6.72059726567475627e3 -3.00204305858642362e-5 -7.17301688576421657e3 -1.10071951553436520e-3 -7.34611787898131661e3 0.00000000000000000e0 -7.64354936465538776e3 -1.49391610193561037e-4 -7.96039074657528545e3 7.99360577730112709e-5 -8.13630543411436702e3 -4.26769730665910242e-5 -8.53991260783004691e3 -2.41016095969825983e-3 -8.66964111760903870e3 2.06018340165314811e2 -4.44089209850062531e-6 4.31122400001981930e2 -8.88178419700125063e-6 4.06689459886422298e2 0.00000000000000000e0 5.76801624241340846e2 -1.77635683940025013e-5 6.71989588418853032e2 4.44089209850062531e-6 7.57559366348914295e2 -1.11022302462515640e-4 9.41724702663293442e2 4.44089209850062531e-6 9.51717695762965718e2 -1.50990331349021262e-4 1.19935383846581067e3 -1.33226762955018768e-5 1.16689596101338111e3 -2.22044604925031274e-5 1.43192100736655425e3 4.44089209850062531e-6 1.41240267419462407e3 4.44089209850062531e-6 1.62410853334904436e3 0.00000000000000000e0 1.70340827443382636e3 3.99680288865056287e-5 1.73770778246762347e3 8.88178419700125063e-6 2.08306562279325635e3 4.44089209850062531e-6 1.45948577543464330e3 -1.24344978758017505e-4 2.93791685357369670e3 -4.44089209850062531e-6 2.91684777664613603e3 0.00000000000000000e0 1.67201556400264872e3 1.61204383175572730e-4 2.65151600302715451e3 1.99684713209080601e-4 2.49760717641045403e3 2.04636307898908826e-4 2.71891242960009504e3 5.55111512312578270e-5 2.89508775286329001e3 -2.92699198212176325e-4 2.86978456927045090e3 2.42805775485521735e-5 3.19099212373608043e3 8.70414851306122558e-6 3.08624898295306548e3 -9.33697563709756481e-6 3.41676838289117723e3 3.19744231092045084e-4 3.35660699235518223e3 6.40154595998865261e-5 3.59687892141913335e3 1.13686837721616030e-4 3.65669202437857166e3 3.74800190883206596e-4
-6.54774563457749423e2 1.77635683940025013e-5 -9.27839440834077209e2 -1.77635683940025013e-5 -1.34220613290381129e3 0.00000000000000000e0 -1.75551969405773866e3 -5.32907051820075072e-5 -2.05296721844661033e3 0.00000000000000000e0 -2.55228281176300652e3 -5.32907051820075072e-5 -2.80043000344676284e3 5.32907051820075072e-5 -3.29476879556977974e3 -1.24344978758017505e-4 -3.58907398023688938e3 3.55271367880050025e-5 -3.99736979517228929e3 -1.77635683940025013e-5 -4.38403962021993630e3 -1.24344978758017505e-4 -4.70815852082750916e3 1.77635683940025013e-5 -5.13306648741718072e3 -3.19744231092045029e-4 -5.47358926183960557e3 8.88178419700125097e-5 -5.80876415412490041e3 -3.37507799486047534e-4 -6.29004341945460419e3 5.32907051820075072e-5 -6.48016037274601240e3 -5.32907051820075072e-5 -6.71675918439973339e3 -2.48689957516035011e-4 -1.26406168021730973e4 1.59872115546022515e-4 -7.49144744318641460e3 -1.77635683940025013e-5 -7.78444449913706558e3 5.32907051820075031e-4 -8.69506137917141859e3 1.77635683940025013e-5 -8.50276899768686962e3 1.59872115546022515e-4 -9.33257371382723068e3 -2.13162820728030029e-4 -9.38618986836559270e3 -5.15143483426072526e-4 -9.89302993006369070e3 2.48689957516035011e-4 -1.03006085623746894e4 1.77635683940025013e-5 -1.04856696510946513e4 5.32907051820075072e-5 -1.11507661104681683e4 1.06581410364015014e-4 -1.11849635453520350e4 9.59232693276135143e-4 -1.18863777515798574e4 -5.50670620214077536e-4 -1.77635683940025013e-5 2.18987850075791322e1 5.32907051820075072e-5 -2.57793164593067502e2 -5.32907051820075072e-5 -1.51973100770419450e2 1.77635683940025013e-5 -3.87984631089466291e2 -1.77635683940025013e-5 -3.47340893824821194e2 1.77635683940025013e-5 -4.64151952428437596e2 -3.55271367880050025e-5 -5.59137465216963278e2 -1.24344978758017505e-4 -5.42933715763638133e2 7.10542735760100050e-5 -7.34847613870215241e2 -1.59872115546022515e-4 -6.75966660423909957e2 1.06581410364015014e-4 -8.44455350090811294e2 -1.77635683940025019e-4 -8.68297043155052847e2 5.32907051820075072e-5 -9.18594000864913937e2 -3.55271367880050025e-5 -1.06027687962750838e3 -2.13162820728030029e-4 -1.06454091763907832e3 1.77635683940025019e-4 -1.12994698042712093e3 -9.41469124882132638e-4 -1.68863074634373311e3 5.15143483426072526e-4 -6.10808257306416522e2 -9.41469124882132638e-4 -5.77536098944619766e2 1.95843341543877587e-4 -2.22669482852211286e3 -8.59756710269721089e-5 -1.35457757011181434e3 -2.11430872809614757e-4 -1.61253344899137096e3 2.81374923360999619e-4 -1.77245707888573611e3 5.55111512312578270e-5 -1.50036038704115504e3 1.38093980694975493e-3 -2.02127935722273810e3 3.23741033980695647e-5 -1.59242278030546890e3 4.17799128626938855e-4 -2.09686390917340714e3 -1.49391610193561037e-4 -1.84263280189611555e3 0.00000000000000000e0 -2.06551437287316685e3 1.28030919199773052e-4 -2.15751940757513648e3 -1.36424205265939236e-4 -2.03905068829612878e3
-4.89608353859693950e-6 -5.77792306899471555e2 0.00000000000000000e0 -8.71516995071264091e2 0.00000000000000000e0 -1.08190123470075491e3 0.00000000000000000e0 -1.43511397435736012e3 0.00000000000000000e0 -1.66584559786464547e3 0.00000000000000000e0 -1.96050207438291886e3 -4.89608353859693950e-6 -2.27397070413637402e3 9.79216707719387899e-6 -2.48400195083098242e3 0.00000000000000000e0 -2.86789240425688831e3 8.59756710269721089e-5 -3.04439516806143047e3 0.00000000000000000e0 -3.41460923956038368e3 4.50306458787963561e-5 -3.66390935780946893e3 -1.74082970261224512e-5 -3.90699490659951380e3 9.99200722162640886e-6 -4.33158271780920040e3 1.13686837721616030e-5 -4.37490874367618562e3 -2.56683563293336158e-5 -4.99377484374230335e3 1.43884903991420261e-4 -4.91876984523020747e3 -3.20632409511745209e-5 -5.17989670786311763e3 1.59872115546022515e-4 -1.12882560778793086e4 -3.91686683087755160e-5 -5.70959462971032372e3 -4.29878355134860545e-5 -6.06926866844048436e3 -4.69846384021366112e-5 -6.72448711753759108e3 -2.55795384873636033e-5 -6.64947114037417487e3 4.44089209850062616e-4 -7.21695521508358797e3 3.00204305858642362e-5 -7.32297399169690198e3 6.47482067961391294e-4 -7.68524208929477390e3 3.48165940522449023e-5 -7.98209430120655361e3 7.46958050967805185e-5 -8.18762077137158394e3 3.99680288865056355e-5 -8.58958895980643865e3 8.53539461331820484e-5 -8.74314185921321041e3 7.27595761418342590e-4 -9.14205354478614390e3 2.28267037871709931e2 -9.79216707719387899e-6 4.44611882211010027e2 9.79216707719387899e-6 4.65250308878672911e2 -4.89608353859693950e-6 5.85700539368349951e2 -9.79216707719387899e-6 7.59058029731196484e2 0.00000000000000000e0 7.89204028828205196e2 1.46882506157908176e-5 1.02069641069180125e3 9.79216707719387899e-6 1.04913032771269923e3 2.93765012315816353e-5 1.22979789601851394e3 4.89608353859693950e-6 1.35909736243000611e3 1.46882506157908176e-5 1.40589124981715918e3 2.93765012315816353e-5 1.67856951565070767e3 -1.46882506157908176e-5 1.60057577982541920e3 -9.79216707719387899e-6 1.94357943739120742e3 -4.89608353859693950e-6 1.87698801710212138e3 -4.89608353859693950e-6 2.07377638581362999e3 0.00000000000000000e0 2.30620777355028349e3 5.87530024631632706e-5 1.71473284376055790e3 4.89608353859693950e-6 3.30112987612096686e3 4.89608353859693950e-6 3.26358792710479338e3 -2.47180054202544852e-4 1.96092470066133706e3 -1.17461596005341528e-5 2.91135596950375839e3 -2.55795384873636013e-4 2.89176419130399108e3 6.93889390390722838e-6 2.98023059008833980e3 2.77688982919244208e-4 3.29608311933071764e3 4.28956870024421733e-4 3.18912080343736216e3 8.70414851306122558e-6 3.55479451599194317e3 9.33697563709756481e-6 3.48513696777352743e3 1.99840144432528177e-5 3.74396557756284665e3 4.26769730665910242e-5 3.81408755818490908e3 -1.13686837721616030e-5 3.92444076169340406e3 6.04516436908397668e-5
-6.97697329110624651e2 0.00000000000000000e0 -9.76226003635005441e2 0.00000000000000000e0 -1.43375335763806765e3 1.95843341543877580e-5 -1.85066519189369637e3 0.00000000000000000e0 -2.18227293475869965e3 -1.95843341543877580e-5 -2.71088713277300940e3 3.91686683087755160e-5 -2.94926570925113583e3 0.00000000000000000e0 -3.52895258015628542e3 -1.95843341543877580e-5 -3.75662941474175159e3 1.95843341543877580e-5 -4.28942696362177776e3 0.00000000000000000e0 -4.60790113865350213e3 0.00000000000000000e0 -4.99951013068766679e3 1.95843341543877580e-5 -5.48570505261025573e3 1.95843341543877580e-5 -5.68594057277493812e3 -1.95843341543877580e-5 -6.35797919272817944e3 0.00000000000000000e0 -6.38727719994847030e3 -3.91686683087755160e-5 -7.17957922073963891e3 3.91686683087755160e-5 -7.18784424060814217e3 1.95843341543877580e-5 -7.49144744318641460e3 -3.91686683087755160e-5 -1.40938005058544004e4 0.00000000000000000e0 -8.19423285474129989e3 0.00000000000000000e0 -8.78542214177712958e3 -5.87530024631632706e-5 -9.44968608962426333e3 0.00000000000000000e0 -9.53299694739229199e3 5.87530024631632706e-5 -1.01910023083462438e4 1.95843341543877580e-5 -1.03690577104575968e4 5.87530024631632706e-5 -1.09120178962029950e4 -5.09192688014081687e-4 -1.12156446397282380e4 3.91686683087755160e-5 -1.16460432497689235e4 3.91686683087755173e-4 -1.20540109651567927e4 1.95843341543877580e-5 -1.24046253404230811e4 -5.87530024631632706e-5 1.95843341543877580e-5 1.18068858689923655e1 1.95843341543877580e-5 -2.80552637121900204e2 0.00000000000000000e0 -1.66412435032015054e2 0.00000000000000000e0 -4.43159503094037063e2 -1.95843341543877580e-5 -3.57458476418770431e2 1.95843341543877580e-5 -5.46106004817303756e2 -1.95843341543877580e-5 -5.84863950470193458e2 -3.91686683087755160e-5 -6.16546487464120105e2 -1.95843341543877580e-5 -8.20728818906601873e2 -3.91686683087755160e-5 -6.95359331714939685e2 0.00000000000000000e0 -1.02483095250072142e3 1.95843341543877580e-5 -8.23458600907045366e2 -3.91686683087755160e-5 -1.16325377050863176e3 -1.95843341543877580e-5 -1.03171304419724652e3 -2.38928876683530645e-3 -1.21614322332597135e3 1.95843341543877580e-5 -1.35699565424474122e3 -1.95843341543877580e-5 -1.15143031629294501e3 3.91686683087755160e-5 -2.14228162649376918e3 0.00000000000000000e0 -5.49404496297256514e2 -1.95843341543877580e-5 -8.69144563520052088e2 2.14939177567430272e-5 -2.42813842592504125e3 2.34923192010683056e-5 -1.58652358051014608e3 2.55795384873636033e-5 -1.91715896118438377e3 -1.11022302462515654e-4 -1.88987532023787662e3 3.00204305858642362e-5 -1.91597311016700155e3 -2.26618723786486953e-4 -2.09640514747810812e3 6.96331881044898047e-5 -2.01784456903553132e3 0.00000000000000000e0 -2.25083030533923511e3 0.00000000000000000e0 -2.17108013527145204e3 4.26769730665910242e-5 -2.37568887642147729e3 -2.72848410531878471e-4 -2.35291419548033718e3
2.04192218689058764e-4 -6.19387809930316280e2 -7.52287121486006072e-5 -9.21864449576759057e2 8.06021915877863648e-5 -1.14900869041534293e3 -1.71951342053944218e-4 -1.53569625909177876e3 4.83613149526718121e-5 -1.74717701155735472e3 1.02096109344529382e-4 -2.12025111188118808e3 8.06021915877863648e-5 -2.36741397094952754e3 1.07469588783715136e-5 -2.69456527890454799e3 -1.71951342053944218e-4 -2.99409102932912629e3 5.37347943918575681e-6 -3.27175936223333929e3 -5.75539615965681083e-5 -3.61931358892064691e3 -1.50102152929321181e-5 -3.85301521030889626e3 -3.56870089035510264e-4 -4.24796918929715139e3 -3.89688281643429946e-4 -4.42841605070576315e3 -1.13686837721616030e-5 -4.89145714048788705e3 -2.56683563293336158e-5 -4.99194227532306832e3 -4.31654711974260795e-5 -5.53855281353321516e3 4.80948614267617813e-5 -5.60537230440694111e3 -1.77635683940025013e-5 -5.70959462971032372e3 0.00000000000000000e0 -1.25835969770449192e4 -2.79420930837659398e-4 -6.31962011219400028e3 -6.10800299227775905e-4 -6.73593238786906932e3 2.55795384873636033e-5 -7.48490354418596144e3 0.00000000000000000e0 -7.28695617215891070e3 0.00000000000000000e0 -8.05115607982465099e3 -9.71223101942086942e-5 -7.98291046830712366e3 0.00000000000000000e0 -8.53220369591012241e3 -4.10826928032292872e-4 -8.72206880719872424e3 -1.99840144432528177e-4 -9.00181000366151602e3 -1.28030919199773052e-4 -9.43888230722222943e3 1.36424205265939236e-4 -9.52162178652349212e3 2.33533614180103626e2 1.88071780371501491e-4 4.76400338822457968e2 2.47180054202544852e-4 4.64432702740324942e2 2.09565698128244521e-4 6.38623780879754577e2 7.52287121486006072e-5 7.60145399913980555e2 3.76143560743003036e-5 8.50696029841557674e2 -5.37347943918575681e-6 1.04757649594944269e3 1.50457424297201214e-4 1.08951737347595667e3 1.07469588783715136e-5 1.31505155867017720e3 1.45083944858015457e-4 1.34952997363768645e3 3.22408766351145459e-5 1.56902475652032058e3 1.07469588783715136e-5 1.61677646701718936e3 -1.93445259810687248e-4 1.81869253257360674e3 -1.07469588783715136e-5 1.88688704660933126e3 -6.98552327094148495e-5 2.05391908139063162e3 0.00000000000000000e0 2.18143148722482738e3 1.61204383175572730e-4 2.21467349259540879e3 0.00000000000000000e0 2.57512832009254544e3 0.00000000000000000e0 1.88616740004476901e3 -2.68673971959287849e-5 3.56370306184849915e3 -5.37347943918575681e-6 3.66464398204868712e3 -2.34923192010683056e-5 2.02429905820089516e3 1.72661884789704318e-4 3.27768030956576649e3 3.67761376907083104e-4 3.05209371664894024e3 1.57607260575787250e-4 3.28593777485508599e3 1.61870516990347824e-5 3.56058498884870278e3 3.48165940522449023e-5 3.41145741842296911e3 1.96076488379048869e-4 3.91585494052826198e3 7.99360577730112709e-5 3.65502100585501921e3 5.01454433532444455e-4 4.14643947914683577e3 7.04858393874019384e-4 4.00330350203148555e3 3.62709862145038642e-5
-7.13947345687415577e2 2.14939177567430272e-5 -1.01899085347412199e3 -2.14939177567430272e-5 -1.46093903214961051e3 0.00000000000000000e0 -1.92879797822342857e3 0.00000000000000000e0 -2.23500699370049460e3 4.29878355134860545e-5 -2.80053877279584594e3 -4.29878355134860545e-5 -3.05650719560901462e3 0.00000000000000000e0 -3.60343332364010348e3 -2.14939177567430272e-5 -3.93410028962648494e3 -4.29878355134860545e-5 -4.35195688162082206e3 0.00000000000000000e0 -4.82777908779041809e3 -4.29878355134860545e-5 -5.10412213259314740e3 4.29878355134860545e-5 -5.67101056478946884e3 -6.44817532702290919e-5 -5.92401192420766074e3 0.00000000000000000e0 -6.41614218910291311e3 -2.14939177567430272e-5 -6.83439839601618314e3 2.14939177567430272e-5 -7.07675108824190556e3 -2.14939177567430272e-5 -7.78122064790664990e3 -6.44817532702290919e-5 -7.78444449913706558e3 -4.29878355134860545e-5 -8.19423285474129989e3 -2.79420930837659398e-4 -1.52246877206607660e4 1.07469588783715140e-4 -8.98699061009366778e3 -3.65396601864631466e-4 -9.31243876891585205e3 0.00000000000000000e0 -1.02850234162676916e4 -4.29878355134860545e-5 -1.01611934617551487e4 -6.44817532702290919e-5 -1.09418378621661814e4 4.29878355134860545e-5 -1.11539700021978642e4 -2.14939177567430272e-5 -1.15708681598380972e4 5.37347943918575766e-4 -1.21233251038077578e4 1.07469588783715140e-4 -1.22818354989728832e4 2.14939177567430279e-4 -1.29899054172710748e4 -1.50457424297201214e-4 -2.14939177567430272e-5 3.04553124053086286e1 0.00000000000000000e0 -2.81507452903895228e2 0.00000000000000000e0 -1.59997671644873662e2 4.29878355134860545e-5 -4.15735873104949803e2 2.14939177567430272e-5 -3.81192181109213323e2 2.14939177567430272e-5 -4.84285758695079892e2 2.14939177567430272e-5 -6.24232549739645037e2 4.29878355134860545e-5 -5.55718988870523845e2 -2.14939177567430272e-5 -8.22266116173864134e2 0.00000000000000000e0 -6.97819814376998579e2 0.00000000000000000e0 -9.29686698825093913e2 -6.44817532702290919e-5 -9.28456558924039996e2 4.29878355134860545e-5 -9.66505973387654535e2 0.00000000000000000e0 -1.19301298404650424e3 -4.29878355134860545e-5 -1.02392768397407951e3 6.44817532702290919e-5 -1.38310775046335266e3 -1.07469588783715140e-4 -1.24328934258954860e3 8.59756710269721089e-5 -1.36493257958392178e3 -1.28963506540458184e-4 -2.08073085250504164e3 1.07469588783715140e-4 -6.33918353898366149e2 0.00000000000000000e0 -7.62270594911740204e2 -4.69846384021366112e-5 -2.53280866324701037e3 0.00000000000000000e0 -1.69037658803716772e3 -7.49400541621980665e-4 -1.81902909908160359e3 4.80326889373827780e-4 -2.10317606956778036e3 -9.71223101942086942e-4 -1.75833008189130146e3 1.74082970261224518e-4 -2.28821729351125214e3 -7.46958050967805185e-5 -1.93374759760445136e3 -7.99360577730112709e-5 -2.31503340621941334e3 -4.26769730665910242e-5 -2.23384468860388097e3 -1.77351466845721006e-3 -2.29191207647971851e3
1.17461596005341528e-5 -6.41371934850809339e2 1.17461596005341528e-5 -9.62971389362188006e2 2.93653990013353837e-5 -1.19430977092438411e3 1.17461596005341528e-5 -1.59535882181538432e3 6.46038778029378455e-5 -1.82885933659449006e3 2.93653990013353837e-5 -2.18727024512421713e3 2.34923192010683056e-5 -2.49489278575376557e3 1.46826995006676898e-4 -2.76492751581924813e3 1.76192394008012309e-5 -3.16348771993712944e3 0.00000000000000000e0 -3.36103960072442396e3 0.00000000000000000e0 -3.80212884887320843e3 3.60245167030370848e-4 -4.00471751813569108e3 3.48165940522449023e-5 -4.38954712533856491e3 4.99600361081320443e-5 -4.70600795217101950e3 2.04636307898908854e-4 -4.92804070895136283e3 1.28341781646668079e-5 -5.44646078121102528e3 7.62589991154527416e-4 -5.45143922651147750e3 0.00000000000000000e0 -6.16962262315334647e3 5.32907051820075031e-4 -6.06926866844048436e3 0.00000000000000000e0 -6.31962011219400028e3 1.07469588783715140e-4 -1.37225265750995331e4 9.39692768042732225e-5 -6.90673707026689863e3 0.00000000000000000e0 -7.33710163458578518e3 1.22124532708767219e-3 -8.08506767677741482e3 0.00000000000000000e0 -7.96120341141071094e3 1.39208644611699128e-3 -8.63602139506980166e3 1.04449782156734714e-4 -8.70265595641628170e3 1.49391610193561037e-4 -9.14792637640715657e3 -7.99360577730112709e-5 -9.43948598416399909e3 -8.53539461331820484e-5 -9.68614230032471824e3 2.41016095969825983e-3 -1.01256597607624062e4 2.49532771667837437e2 1.17461596005341528e-5 4.96369470814883471e2 5.87307980026707640e-6 5.02986088390944133e2 0.00000000000000000e0 6.58891026494856419e2 4.11115586018695331e-5 8.25640271684413278e2 -1.17461596005341528e-5 8.77331948623271956e2 1.70319314207745211e-4 1.12942792612757944e3 -1.17461596005341528e-5 1.14136118443131068e3 2.29050112210415992e-4 1.38762803039149640e3 2.34923192010683056e-5 1.45690084806249183e3 7.04769576032049236e-5 1.60134261690814105e3 3.75877107217092890e-4 1.80561438680726405e3 5.87307980026707640e-6 1.80052190010826484e3 -5.87307980026707640e-6 2.14375164619973202e3 -1.17461596005341528e-5 2.03523852633225033e3 -5.87307980026707640e-6 2.41227132797838749e3 1.76192394008012309e-5 2.36132439681568894e3 2.64288591012018460e-4 2.53253781936635369e3 1.17461596005341528e-5 2.85170491665098734e3 5.87307980026707640e-6 2.07945831394162860e3 -4.69846384021366112e-5 4.00170766692298184e3 -7.04769576032049236e-5 3.96578900678789978e3 -1.79056769411545220e-4 2.34769257474454162e3 0.00000000000000000e0 3.52110032797448002e3 -9.00612917575927121e-5 3.43574389631839995e3 1.61870516990347824e-5 3.57565989297370379e3 0.00000000000000000e0 3.90820192066598747e3 -2.80109269112926961e-5 3.78440597232909613e3 -9.99200722162640886e-6 4.21601149991346392e3 -3.73423514332671457e-4 4.09509886716286110e3 -1.13686837721616030e-5 4.43479193563689478e3 -9.06774655362596496e-4
-7.66603028123924219e2 2.34923192010683056e-5 -1.07000236040377649e3 4.69846384021366112e-5 -1.57745087943084127e3 7.04769576032049236e-5 -2.02656334189477093e3 -7.04769576032049236e-5 -2.40287940309613577e3 0.00000000000000000e0 -2.96799785397538972e3 2.34923192010683056e-5 -3.24612346798147564e3 0.00000000000000000e0 -3.86809852312985822e3 0.00000000000000000e0 -4.12606239450496923e3 0.00000000000000000e0 -4.71495415621525535e3 -2.34923192010683056e-5 -5.04271288570556771e3 2.34923192010683056e-5 -5.51793210408213326e3 0.00000000000000000e0 -5.97932724373251131e3 -4.69846384021366112e-5 -6.29934492515360307e3 0.00000000000000000e0 -6.91330172286619199e3 -7.04769576032049236e-5 -7.08188227656058916e3 2.34923192010683056e-5 -7.82613464171966007e3 0.00000000000000000e0 -7.88584058240004742e3 -7.04769576032049236e-5 -8.69506137917141859e3 -4.69846384021366112e-5 -8.78542214177712958e3 -6.10800299227775905e-4 -8.98699061009366778e3 9.39692768042732225e-5 -1.70023354211679070e4 -7.75246533635254092e-4 -9.79450177283069752e3 9.39692768042732225e-5 -1.04775547959956584e4 -1.87938553608546445e-4 -1.12743026349448901e4 -2.34923192010683056e-5 -1.12573867911525122e4 0.00000000000000000e0 -1.21207786328625371e4 0.00000000000000000e0 -1.21759459360770688e4 8.22231172037390717e-4 -1.29056611797295773e4 4.69846384021366112e-5 -1.31444673747704874e4 3.52384788016024578e-4 -1.36706108605721965e4 -5.63815660825639389e-4 4.69846384021366112e-5 8.01929109783827521e0 2.34923192010683056e-5 -3.08855071029512260e2 -2.34923192010683056e-5 -1.90535159649840523e2 -2.34923192010683056e-5 -4.91469842245351060e2 -4.69846384021366112e-5 -3.98678023971754556e2 4.69846384021366112e-5 -6.14100617690737977e2 -2.34923192010683056e-5 -6.40846834532027060e2 -7.04769576032049236e-5 -7.06061042787808674e2 0.00000000000000000e0 -8.89567394501966419e2 0.00000000000000000e0 -8.05527099423386289e2 2.34923192010683056e-5 -1.11073017197149647e3 -4.69846384021366112e-5 -9.43579219869761005e2 -2.34923192010683056e-5 -1.28234645013769432e3 4.69846384021366112e-5 -1.13524027240963187e3 2.34923192010683056e-5 -1.39996610246662067e3 2.34923192010683056e-5 -1.38650063399303713e3 -2.81907830412819695e-4 -1.46127515900928938e3 1.64446234407478133e-4 -1.73262140652496964e3 -3.52384788016024578e-4 -1.42052115350566010e3 4.69846384021366112e-5 -2.60763239623429308e3 0.00000000000000000e0 -7.49207975925258779e2 0.00000000000000000e0 -9.96143213605193750e2 5.11590769747272066e-5 -3.01482904054850496e3 -1.83186799063150829e-3 -1.84990349771929573e3 7.20490334060741697e-4 -2.37296583431856288e3 -2.00719441068031301e-3 -2.24137062478924008e3 1.74082970261224518e-4 -2.30219216872384823e3 -1.49391610193561037e-4 -2.53732564048370023e3 7.99360577730112709e-5 -2.35568002140418230e3 4.26769730665910242e-5 -2.75566168115304254e3 -3.13775672111660242e-3 -2.50816911169238119e3
-1.79056769411545220e-4 -6.73057360245365885e2 -4.47641923528863049e-5 -1.00537751563933841e3 1.27897692436818006e-4 -1.25529572017057922e3 -8.95283847057726099e-5 -1.66505914975800783e3 9.59232693276135115e-5 -1.91948300454214382e3 1.40687461680499810e-4 -2.29032663554562487e3 1.15107923193136217e-4 -2.60429523066818501e3 4.47641923528863049e-5 -2.91528689828623965e3 -8.95283847057726099e-5 -3.27909137283199880e3 1.27897692436818017e-5 -3.56527956597574257e3 -3.19744231092045016e-5 -3.92960262090014066e3 0.00000000000000000e0 -4.24002681924662193e3 -3.91686683087755173e-4 -4.57123694417305069e3 -4.09672296086682763e-4 -4.91050915769619587e3 0.00000000000000000e0 -5.24124137371018060e3 -3.85025344940004220e-5 -5.53903043112313662e3 -2.87769807982840541e-5 -5.96727871595703527e3 8.01581023779363022e-5 -6.11521152436011926e3 1.77635683940025013e-5 -6.72448711753759108e3 -5.87530024631632706e-5 -6.73593238786906932e3 -3.65396601864631466e-4 -6.90673707026689863e3 -7.75246533635254092e-4 -1.50091587158840393e4 0.00000000000000000e0 -7.59021174384644200e3 0.00000000000000000e0 -7.93879279101794691e3 9.00612917575927121e-5 -8.88931705205209255e3 0.00000000000000000e0 -8.57588273568410295e3 -3.48165940522449023e-5 -9.44615513409629966e3 -5.60218538225853882e-4 -9.39527134091733205e3 -3.99680288865056355e-4 -9.91662365458223576e3 -4.26769730665910242e-5 -1.02386041589852539e4 0.00000000000000000e0 -1.04126940669857504e4 2.62631292713422170e2 -1.91846538655227023e-4 5.19689245237486716e2 -1.34292577058658908e-4 5.28230515328686920e2 -1.66267000167863416e-4 6.94879085472166366e2 1.02318153949454413e-4 8.58600115805074779e2 4.47641923528863049e-5 9.37039732207267548e2 3.83693077310454033e-5 1.16338747275790388e3 1.02318153949454413e-4 1.22581956105705081e3 3.83693077310454033e-5 1.43230892106771512e3 -3.45323769579408636e-4 1.54442386559594502e3 9.59232693276135115e-5 1.69061192565322904e3 1.27897692436818017e-5 1.85458880164191009e3 2.43005615629954236e-4 1.97492871691906635e3 2.55795384873636033e-5 2.12661693255178352e3 -8.95283847057726099e-5 2.29633947128604632e3 7.67386154620908065e-5 2.37070338853229123e3 -2.04636307898908826e-4 2.61458837460537507e3 7.03437308402499048e-5 2.64965852210252706e3 0.00000000000000000e0 2.81634628507276784e3 -4.47641923528863049e-5 3.08826877191137282e3 7.03437308402499048e-5 2.37963208640223911e3 -2.55795384873636033e-5 4.28224955171252350e3 0.00000000000000000e0 4.45015242576118817e3 4.09394740330526474e-4 2.49413148467603196e3 -7.50510764646605906e-6 3.89367839641607861e3 2.42805775485521735e-5 3.74724678486870744e3 2.69828603904897991e-4 3.85602323120792744e3 9.33697563709756515e-5 4.32949640649660159e3 0.00000000000000000e0 4.01318270615291794e3 8.21531731531877194e-4 4.68205051342707247e3 2.16004991671070457e-4 4.34923076682025567e3 0.00000000000000000e0
-7.79385285909483969e2 2.55795384873636033e-5 -1.11170631100776495e3 5.11590769747272066e-5 -1.59507356443100412e3 -5.11590769747272066e-5 -2.10542917500333670e3 2.55795384873636033e-5 -2.43751090351906851e3 2.55795384873636033e-5 -3.06127431883851341e3 2.55795384873636033e-5 -3.32855757676497842e3 2.55795384873636033e-5 -3.94310839340050688e3 0.00000000000000000e0 -4.28339273810251962e3 -2.55795384873636033e-5 -4.75842466869380496e3 0.00000000000000000e0 -5.26785982515320848e3 -7.67386154620908065e-5 -5.56181302613367643e3 0.00000000000000000e0 -6.21479461813123544e3 0.00000000000000000e0 -6.42325721571523809e3 -2.55795384873636033e-5 -7.06500759974915036e3 5.11590769747272066e-5 -7.38332840626298912e3 -5.11590769747272066e-5 -7.80826802895262426e3 -5.11590769747272066e-5 -8.42241844907220911e3 -2.55795384873636033e-5 -8.50276899768686962e3 -2.55795384873636033e-5 -9.44968608962426333e3 2.55795384873636033e-5 -9.31243876891585205e3 0.00000000000000000e0 -9.79450177283069752e3 0.00000000000000000e0 -1.81891283091317709e4 -2.55795384873636033e-5 -1.06014380607533094e4 2.55795384873636033e-5 -1.10951262053404789e4 0.00000000000000000e0 -1.20506202129000430e4 0.00000000000000000e0 -1.20254218309412390e4 -5.11590769747272066e-5 -1.27945906740478658e4 7.67386154620908065e-5 -1.30762909300585761e4 -1.79056769411545220e-4 -1.35383422493973176e4 5.11590769747272066e-5 -1.40859653129155049e4 -5.11590769747272066e-5 -2.55795384873636033e-5 3.20637212780638876e1 -2.55795384873636033e-5 -3.09455910496580998e2 -2.55795384873636033e-5 -1.74596235069657240e2 0.00000000000000000e0 -4.60282768699471433e2 2.55795384873636033e-5 -4.14418784089320923e2 -5.11590769747272066e-5 -5.36621038804696468e2 5.11590769747272066e-5 -6.84410122175904576e2 7.67386154620908065e-5 -6.06748469067497240e2 0.00000000000000000e0 -9.15726886319134678e2 0.00000000000000000e0 -7.44927959317465024e2 0.00000000000000000e0 -1.05218221335690009e3 -2.55795384873636033e-5 -9.83447282010274535e2 -2.55795384873636033e-5 -1.09641125618509227e3 -5.11590769747272066e-5 -1.28530333256549034e3 -2.55795384873636033e-5 -1.12062310790861352e3 0.00000000000000000e0 -1.55643242294445349e3 2.55795384873636033e-5 -1.23750686498169648e3 2.55795384873636033e-5 -1.68756674554515462e3 -5.11590769747272066e-5 -1.57341562498913822e3 0.00000000000000000e0 -1.57479763629453350e3 -5.11590769747272066e-5 -2.61700142516474398e3 -2.55795384873636033e-5 -6.77383729907887641e2 -2.55795384873636033e-5 -9.95733211084370737e2 -8.32667268468867405e-5 -2.96845377079080163e3 3.00204305858642362e-5 -2.02300893477058685e3 -1.29496413592278259e-4 -2.19192431245573925e3 -1.04449782156734714e-4 -2.41796455497933448e3 0.00000000000000000e0 -2.17232534680533672e3 0.00000000000000000e0 -2.59379211229315797e3 8.53539461331820484e-5 -2.36877883708075342e3 -1.81898940354585648e-4 -2.65228248963467149e3
-6.93889390390722838e-6 -7.06625612190148217e2 1.38777878078144568e-5 -1.05466183009106385e3 -6.93889390390722838e-6 -1.30944755732942394e3 0.00000000000000000e0 -1.75721279888074741e3 1.38777878078144568e-5 -1.99373698800409124e3 0.00000000000000000e0 -2.41956384788855075e3 0.00000000000000000e0 -2.71363431031401706e3 1.38777878078144568e-5 -3.05847964315875151e3 0.00000000000000000e0 -3.45046661381909189e3 6.24500451351650554e-5 -3.69815376238813451e3 -1.38777878078144568e-5 -4.17643442746085111e3 6.75459688181945375e-5 -4.36832654771013313e3 8.70414851306122558e-6 -4.86306055147434108e3 1.99840144432528177e-5 -5.09253725300418137e3 6.82121026329696178e-5 -5.49394204435449410e3 -1.28341781646668079e-5 -5.87545744695772191e3 2.15827355987130404e-4 -6.07652381884316037e3 -3.20632409511745209e-5 -6.69399603109299733e3 1.59872115546022515e-4 -6.64947114037417487e3 0.00000000000000000e0 -7.48490354418596144e3 0.00000000000000000e0 -7.33710163458578518e3 9.39692768042732225e-5 -7.59021174384644200e3 -2.55795384873636033e-5 -1.63917997231255431e4 4.99600361081320443e-4 -8.22900776107360434e3 0.00000000000000000e0 -8.73239592845687184e3 6.15107964563321730e-4 -9.57089199804528107e3 -3.48165940522449023e-5 -9.41028178276237304e3 3.73479025483902592e-5 -1.01722707257501097e4 0.00000000000000000e0 -1.02224808784634479e4 4.26769730665910242e-5 -1.07281352939025965e4 1.09139364212751389e-3 -1.10309864541746629e4 2.70030255100639522e2 -6.93889390390722838e-6 5.48448161885595255e2 1.38777878078144568e-5 5.37961779289997139e2 1.38777878078144568e-5 7.34132921120789206e2 -6.93889390390722838e-6 8.86095939678366335e2 6.93889390390722838e-6 9.70145380696507686e2 2.08166817117216851e-5 1.22883893338698863e3 6.93889390390722838e-6 1.23895958770159359e3 3.46944695195361419e-5 1.53719590528789149e3 6.93889390390722838e-6 1.55422145986516830e3 6.93889390390722838e-6 1.79835282082541084e3 4.85722573273505986e-5 1.91554668940163742e3 6.93889390390722838e-6 2.02215954185902524e3 2.56739074444567450e-4 2.29910425697532628e3 6.93889390390722838e-6 2.24276591325178742e3 2.84494650060196363e-4 2.65902883520574505e3 6.93889390390722838e-6 2.51106521496069445e3 4.16333634234433703e-5 2.93542638942767553e3 2.15105711021124080e-4 2.88465956899130970e3 -6.93889390390722838e-6 3.04211697632616961e3 -2.70616862252381907e-4 3.44369183800097244e3 6.93889390390722838e-6 2.47445281771341206e3 -7.35522753814166208e-4 4.77062449704135270e3 -1.38777878078144568e-5 4.71731084750182072e3 -2.25153229393981780e-5 2.78058261233837857e3 4.93705076820560862e-4 4.16421021505186673e3 1.74082970261224512e-5 4.03573862115535985e3 0.00000000000000000e0 4.20909106368938501e3 -9.99200722162640886e-6 4.56650205649111740e3 -6.72162325798808633e-4 4.43060867074685029e3 2.27373675443232059e-5 4.90845495733083226e3 6.89148738075573419e-4
-8.28790092111120202e2 -1.11022302462515654e-4 -1.16239845526777685e3 -2.77555756156289135e-5 -1.70426214807228871e3 -2.77555756156289135e-5 -2.19992801753221556e3 -1.38777878078144568e-4 -2.60027538390161817e3 0.00000000000000000e0 -3.21400223102230620e3 -3.88578058618804789e-4 -3.52350723598071636e3 5.55111512312578270e-5 -4.17717838097075855e3 -4.71844785465691530e-4 -4.48847362055637677e3 -5.55111512312578270e-5 -5.08726361037048537e3 -1.38777878078144568e-4 -5.48135914435476934e3 -4.99600361081320443e-4 -5.96880650460818197e3 1.94289029309402395e-4 -6.47214953852781582e3 -1.16573417585641437e-3 -6.85193057847754972e3 3.60822483003175876e-4 -7.43878453279833684e3 -1.16573417585641437e-3 -7.74881270260152633e3 2.77555756156289135e-5 -8.38436750583149114e3 -3.33066907387546962e-4 -8.64776014686263807e3 -9.43689570931383059e-4 -9.33257371382723068e3 4.44089209850062616e-4 -9.53299694739229199e3 0.00000000000000000e0 -1.02850234162676916e4 1.22124532708767219e-3 -1.04775547959956584e4 0.00000000000000000e0 -1.06014380607533094e4 4.99600361081320443e-4 -2.00677849893082785e4 -8.04911692853238492e-4 -1.15523131666961399e4 -1.58206781009084807e-3 -1.21865691090405908e4 6.10622663543836097e-4 -1.32619409676237847e4 0.00000000000000000e0 -1.30239067956949821e4 5.55111512312578270e-5 -1.41643141615688255e4 0.00000000000000000e0 -1.40785851435953919e4 2.02615701994091069e-3 -1.49454266193060903e4 0.00000000000000000e0 -8.32667268468867405e-5 1.25540688955538826e1 2.77555756156289135e-5 -3.32650962331371147e2 -1.38777878078144568e-4 -2.05884087556285067e2 5.55111512312578270e-5 -5.21601761782619633e2 -2.49800180540660222e-4 -4.38595076923675720e2 2.77555756156289135e-5 -6.46125181136270044e2 -8.32667268468867405e-5 -7.01444707873477569e2 -3.05311331771918049e-4 -7.50029233165250275e2 2.49800180540660222e-4 -9.54528012186983688e2 -6.66133814775093924e-4 -8.79590178470834871e2 3.88578058618804789e-4 -1.16359280544209309e3 -6.93889390390722838e-4 -1.05656788873531582e3 1.11022302462515654e-4 -1.32540572961303837e3 -1.66533453693773481e-4 -1.26928062504916284e3 -6.10622663543836097e-4 -1.46566969672079495e3 5.27355936696949357e-4 -1.49099643742545140e3 5.55111512312578270e-5 -1.60845034513634755e3 1.44328993201270350e-3 -1.71754971356463670e3 2.77555756156289135e-5 -1.73797318203661189e3 5.27355936696949357e-4 -2.02228711554397478e3 -4.71844785465691530e-4 -1.75506467692265755e3 -1.02695629777826980e-3 -2.98117855401791576e3 1.30451205393455893e-3 -9.86182635553944920e2 -8.32667268468867405e-5 -1.03828673436723307e3 0.00000000000000000e0 -3.60303084590007938e3 6.47482067961391294e-5 -2.10462694494317748e3 1.49711354424653087e-3 -2.73837968967072266e3 -1.00839336880653697e-3 -2.64118782400402097e3 -1.19904086659516906e-4 -2.55964346940196219e3 5.12123676799092209e-4 -3.03232899900862685e3 0.00000000000000000e0 -2.58901206029449349e3
0.00000000000000000e0 -7.27054016014250351e2 2.25153229393981780e-5 -1.09009405511173463e3 -7.50510764646605906e-6 -1.36032696125276698e3 1.50102152929321181e-5 -1.79851478012693656e3 -3.00204305858642362e-5 -2.08844653744044717e3 -7.50510764646605906e-6 -2.46579125167123493e3 0.00000000000000000e0 -2.83971183558939856e3 -3.00204305858642362e-5 -3.13653746957243175e3 0.00000000000000000e0 -3.57174693150774692e3 -5.25357535252624143e-5 -3.84765023166977517e3 -7.50510764646605906e-6 -4.26106905635492785e3 -6.75459688181945375e-5 -4.60402081174926570e3 -1.74082970261224512e-5 -4.92355135519595478e3 -2.99760216648792266e-5 -5.36969292954658886e3 -6.82121026329696178e-5 -5.60947134720102349e3 2.56683563293336158e-5 -6.08788838931673217e3 -2.30215846386272433e-4 -6.37014616655662394e3 0.00000000000000000e0 -6.72059726567475627e3 -2.13162820728030029e-4 -7.21695521508358797e3 5.87530024631632706e-5 -7.28695617215891070e3 -4.29878355134860545e-5 -8.08506767677741482e3 -1.87938553608546445e-4 -7.93879279101794691e3 2.55795384873636033e-5 -8.22900776107360434e3 -8.04911692853238492e-4 -1.76704182601739049e4 6.00408611717284725e-5 -8.93177617427021141e3 -8.74100791747878247e-4 -9.30536917973512209e3 3.48165940522449023e-5 -1.03406567089958644e4 0.00000000000000000e0 -1.00393717239466441e4 -1.19904086659516906e-4 -1.09039645273423248e4 4.26769730665910242e-5 -1.09478800482065708e4 -2.18278728425502777e-3 -1.14114107153673303e4 2.90353844567548038e2 -1.50102152929321181e-5 5.63595360736357634e2 -7.50510764646605906e-6 5.88450506056048653e2 -1.50102152929321181e-5 7.51241176732975305e2 0.00000000000000000e0 9.54536898367663980e2 0.00000000000000000e0 1.01819539404246495e3 -3.75255382323302978e-5 1.28277915312224900e3 7.50510764646605906e-6 1.34806105611673411e3 -4.50306458787963561e-5 1.55958883762963319e3 2.25153229393981780e-5 1.72062190215704936e3 -3.00204305858642362e-5 1.81932040952403918e3 -6.75459688181945375e-5 2.08299371649012255e3 2.25153229393981780e-5 2.11762596382669653e3 -1.72617475868719366e-4 2.38419674003509408e3 3.00204305858642362e-5 2.48682491701401887e3 -1.12576614696990887e-4 2.61725311041516261e3 0.00000000000000000e0 2.90123753501347846e3 0.00000000000000000e0 2.83816317323548628e3 -2.02637906454583599e-4 3.27076064010611799e3 1.50102152929321181e-5 3.15248159297176699e3 8.25561841111266539e-5 3.44781383407877183e3 1.57607260575787250e-4 3.70226833270592579e3 2.17648121747515715e-4 2.83732049695117848e3 3.75255382323302978e-5 5.14827197539702320e3 -6.75459688181945375e-5 5.22108841334301178e3 1.61870516990347824e-5 3.05872231782800009e3 8.70414851306122558e-6 4.52864762294780030e3 3.73479025483902592e-5 4.48476022740784629e3 7.19424519957101438e-4 4.51086971775538404e3 -2.13384865332955121e-5 5.08113633181928071e3 2.04636307898908854e-4 4.74633811791136395e3 -3.62709862145038642e-4
-8.51351312292081388e2 0.00000000000000000e0 -1.20635311091632525e3 3.00204305858642362e-5 -1.74537072261671278e3 3.00204305858642362e-5 -2.28535778408200986e3 -3.00204305858642362e-5 -2.66304896410218862e3 0.00000000000000000e0 -3.33245617323285660e3 -9.00612917575927121e-5 -3.62221601104550973e3 3.00204305858642362e-5 -4.30943821427831699e3 0.00000000000000000e0 -4.64447978885118664e3 -6.00408611717284725e-5 -5.21320093547217402e3 -6.00408611717284725e-5 -5.70876205259196558e3 3.00204305858642362e-5 -6.08482006114741216e3 -3.00204305858642362e-5 -6.75874933779852108e3 6.00408611717284725e-5 -6.98882612795159821e3 -6.00408611717284725e-5 -7.73314860111895632e3 6.00408611717284725e-5 -7.97738524784819128e3 -6.00408611717284725e-5 -8.60156094439901244e3 0.00000000000000000e0 -9.05958109278515258e3 -3.00204305858642362e-5 -9.38618986836559270e3 3.00204305858642362e-5 -1.01910023083462438e4 0.00000000000000000e0 -1.01611934617551487e4 0.00000000000000000e0 -1.12743026349448901e4 9.00612917575927121e-5 -1.10951262053404789e4 0.00000000000000000e0 -1.15523131666961399e4 6.00408611717284725e-5 -2.15113119736543049e4 0.00000000000000000e0 -1.24176910382356455e4 -3.00204305858642362e-5 -1.30827263795651997e4 1.80122583515185424e-4 -1.40764807537774304e4 6.00408611717284725e-5 -1.40655377744991492e4 7.80531195232470163e-4 -1.49328006935345329e4 -6.00408611717284725e-5 -1.51799716604728019e4 1.50102152929321191e-4 -3.00204305858642362e-5 2.63673944900233472e1 6.00408611717284725e-5 -3.41060730946196657e2 3.00204305858642362e-5 -1.97324290240885631e2 3.00204305858642362e-5 -5.19884600613807038e2 -3.00204305858642362e-5 -4.49503322208499924e2 3.00204305858642362e-5 -6.19836273330065637e2 0.00000000000000000e0 -7.40043871338969097e2 0.00000000000000000e0 -6.99321877739578326e2 3.00204305858642362e-5 -1.00875956743351492e3 0.00000000000000000e0 -8.29279030867269398e2 3.00204305858642362e-5 -1.19597072512078762e3 3.00204305858642362e-5 -1.05377478281099025e3 3.00204305858642362e-5 -1.28492609423602767e3 -6.00408611717284725e-5 -1.36097766159082335e3 -3.00204305858642362e-5 -1.31898754496262450e3 0.00000000000000000e0 -1.68344890134619641e3 9.00612917575927121e-5 -1.38599776917658369e3 -3.00204305858642362e-5 -1.92718408680292464e3 3.00204305858642362e-5 -1.58405734982380886e3 0.00000000000000000e0 -2.00877115137387841e3 -3.00204305858642362e-5 -2.01506388393113434e3 0.00000000000000000e0 -1.84962291207568819e3 0.00000000000000000e0 -3.22716899940900294e3 3.00204305858642362e-5 -8.29383501965708206e2 3.00204305858642362e-5 -1.23565170024875238e3 2.91366930582626082e-4 -3.56754961750027678e3 3.48165940522449023e-5 -2.37932560445131048e3 7.46958050967805185e-5 -2.69748005639058920e3 0.00000000000000000e0 -2.80939457049100884e3 0.00000000000000000e0 -2.66752960342842061e3 9.09494701772928238e-5 -3.03412316089435353e3
0.00000000000000000e0 -7.69458333449435372e2 -8.09352584951739118e-6 -1.14405369358028247e3 1.61870516990347824e-5 -1.42360763757398695e3 0.00000000000000000e0 -1.91043365447285396e3 -8.09352584951739118e-6 -2.16175398102258487e3 8.09352584951739118e-6 -2.63705123977331368e3 0.00000000000000000e0 -2.93579067636162699e3 -4.04676292475869559e-5 -3.33875237157332822e3 8.09352584951739118e-6 -3.73084589412320247e3 -2.67086353034073909e-4 -4.03488811981933532e3 1.61870516990347824e-5 -4.52446899485980975e3 -3.48021611529247821e-4 -4.74977182465252645e3 -8.70414851306122558e-6 -5.29164120671721230e3 -1.99840144432528177e-5 -5.50594813182314647e3 -1.47792889038100839e-4 -6.01410194095430870e3 -1.28341781646668079e-5 -6.31547328693304917e3 -8.20143952751095531e-4 -6.68684502809213700e3 0.00000000000000000e0 -7.17301688576421657e3 -5.15143483426072526e-4 -7.32297399169690198e3 1.95843341543877580e-5 -8.05115607982465099e3 -6.44817532702290919e-5 -7.96120341141071094e3 -2.34923192010683056e-5 -8.88931705205209255e3 0.00000000000000000e0 -8.73239592845687184e3 -1.58206781009084807e-3 -8.93177617427021141e3 0.00000000000000000e0 -1.93045804425917559e4 -1.58633106650540867e-3 -9.62809096183292240e3 -6.96331881044898047e-5 -1.02358738537700046e4 -1.86739512741951303e-4 -1.11604062591474922e4 -3.99680288865056355e-5 -1.09404768329879334e4 1.70707892266364097e-4 -1.18316647217397986e4 -3.18323145620524883e-3 -1.18084574133869846e4 2.92225386588906872e2 -1.61870516990347824e-5 5.97728655571394597e2 0.00000000000000000e0 5.78989496646809016e2 -8.09352584951739118e-6 8.04341632199001538e2 0.00000000000000000e0 9.52707308143896398e2 -1.61870516990347824e-5 1.06304165989890021e3 -3.23741033980695647e-5 1.32564418342528961e3 0.00000000000000000e0 1.34976447678791806e3 -8.09352584951739118e-5 1.67083726954064809e3 -8.09352584951739118e-6 1.67693019720305256e3 -1.61870516990347824e-5 1.97414372089532731e3 -1.45683465291313041e-4 2.04766706600745260e3 -8.09352584951739118e-6 2.23811344426394453e3 8.09352584951739118e-6 2.44899281853783168e3 0.00000000000000000e0 2.48301182637078455e3 0.00000000000000000e0 2.85202871874723451e3 0.00000000000000000e0 2.74455701845255317e3 -1.21402887742760868e-4 3.21429993852540019e3 1.61870516990347824e-5 3.06552372819623952e3 0.00000000000000000e0 3.48476693421417758e3 6.47482067961391294e-5 3.49392063050402112e3 1.05215836043726085e-4 3.57799628987187543e3 6.47482067961391294e-5 4.11384505980549784e3 6.47482067961391294e-5 2.90374072009491601e3 -4.04676292475869559e-5 5.60656202974740881e3 -8.09352584951739118e-6 5.56061604641833219e3 0.00000000000000000e0 3.22746373058180279e3 0.00000000000000000e0 4.90346136312602630e3 4.19664303308309172e-4 4.65510174407768318e3 -1.81377135533011851e-4 4.93146059077354039e3 1.81898940354585648e-4 5.26301146237528883e3 -2.65987232239695004e-4
-8.86878008632407955e2 -9.71223101942086942e-5 -1.25409794908826211e3 -3.23741033980695647e-5 -1.82038861464839397e3 -9.71223101942086942e-5 -2.37278000927432231e3 -1.94244620388417388e-4 -2.78170948195821666e3 1.29496413592278259e-4 -3.45619754136272650e3 -3.88489240776834777e-4 -3.78518447505804534e3 1.94244620388417388e-4 -4.47246642401033569e3 -4.53237447572973906e-4 -4.84248345462567886e3 -9.71223101942086942e-5 -5.42989142409133819e3 -1.94244620388417388e-4 -5.92263861594055652e3 -6.15107964563321730e-4 -6.37394925400158718e3 1.61870516990347824e-4 -6.97459399074951125e3 -1.23021592912664346e-3 -7.35157077373926859e3 3.88489240776834777e-4 -7.96778068803405404e3 -1.23021592912664346e-3 -8.37256514238937598e3 6.47482067961391294e-5 -8.92046605462937259e3 -4.53237447572973906e-4 -9.39843887115543475e3 -1.10071951553436520e-3 -9.89302993006369070e3 6.47482067961391294e-4 -1.03690577104575968e4 -9.71223101942086942e-5 -1.09418378621661814e4 1.39208644611699128e-3 -1.12573867911525122e4 0.00000000000000000e0 -1.20506202129000430e4 6.15107964563321730e-4 -1.21865691090405908e4 -8.74100791747878247e-4 -1.24176910382356455e4 -1.58633106650540867e-3 -2.32618730326095138e4 9.71223101942086942e-4 -1.34834133959316187e4 0.00000000000000000e0 -1.39691941231756518e4 0.00000000000000000e0 -1.53543435166270119e4 1.29496413592278259e-4 -1.49395388327810979e4 2.07194261747645214e-3 -1.62343076226534322e4 -2.00719441068031301e-3 3.23741033980695647e-5 2.29341062141230623e1 3.23741033980695647e-5 -3.54029856630688755e2 -2.58992827184556518e-4 -2.13922021297108245e2 9.71223101942086942e-5 -5.41401778608729956e2 -2.26618723786486953e-4 -4.75229855867453921e2 3.23741033980695647e-5 -6.55658406767400948e2 -6.47482067961391294e-5 -7.64614520099016204e2 -3.88489240776834777e-4 -7.60866149285277515e2 3.88489240776834777e-4 -1.02255020331121216e3 -7.76978481553669553e-4 -9.19087165973664355e2 4.53237447572973906e-4 -1.20772981575534300e3 -7.12230274757530424e-4 -1.14793970289461822e3 1.29496413592278259e-4 -1.33350443767277238e3 -1.61870516990347824e-4 -1.40803444743653472e3 -6.47482067961391294e-4 -1.46056651293413620e3 7.44604378155599989e-4 -1.63408092657135740e3 -2.39568365145714779e-3 -1.64764130539118992e3 1.45683465291313041e-3 -1.79188376696615137e3 -2.39568365145714779e-3 -1.89559372159031636e3 7.12230274757530424e-4 -1.92678626733666647e3 -5.17985654369113036e-4 -2.12154874388303961e3 -1.13309361893243477e-3 -2.19963799494848899e3 1.58633106650540867e-3 -2.14610285023120196e3 -3.23741033980695647e-5 -3.32803672140613571e3 -3.23741033980695647e-5 -1.16873928734939636e3 0.00000000000000000e0 -1.11315382591570255e3 2.01936245503020429e-3 -4.07796618633327080e3 -1.41922029683882989e-3 -2.45717657740840423e3 -5.19584375524573261e-4 -2.96568238207228796e3 1.23763221893113951e-3 -3.11564952397702655e3 9.09494701772928238e-5 -2.73985002525733989e3
-8.70414851306122558e-6 -7.84590388924755075e2 0.00000000000000000e0 -1.17776387114076874e3 8.70414851306122558e-6 -1.46736087582866026e3 0.00000000000000000e0 -1.94336297436592508e3 -8.70414851306122558e-6 -2.25370065063401580e3 -1.74082970261224512e-5 -2.66191943634197469e3 0.00000000000000000e0 -3.06911067120552116e3 0.00000000000000000e0 -3.37947968240825912e3 -8.70414851306122558e-6 -3.86795616620361170e3 5.22248910783673569e-5 -4.13875398574958763e3 -1.74082970261224512e-5 -4.61866476051397876e3 7.83373366175510319e-5 -4.95437485561467292e3 -8.70414851306122558e-6 -5.32721144299586012e3 9.99200722162640886e-6 -5.79866383958460483e3 4.54747350886464119e-5 -6.03890867907352822e3 0.00000000000000000e0 -6.61383792550651469e3 3.59712259978550665e-4 -6.81312834487357486e3 0.00000000000000000e0 -7.34611787898131661e3 2.48689957516035011e-4 -7.68524208929477390e3 5.87530024631632706e-5 -7.98291046830712366e3 4.29878355134860545e-5 -8.63602139506980166e3 0.00000000000000000e0 -8.57588273568410295e3 0.00000000000000000e0 -9.57089199804528107e3 6.10622663543836097e-4 -9.30536917973512209e3 -3.00204305858642362e-5 -9.62809096183292240e3 9.71223101942086942e-4 -2.06389006564222618e4 3.48165940522449023e-5 -1.03444032638400058e4 1.12043707645170785e-4 -1.08485149663550837e4 -3.99680288865056355e-5 -1.19094018343535172e4 0.00000000000000000e0 -1.16332940592656087e4 1.22781784739345312e-3 -1.25287548764618768e4 3.14530264411416681e2 -8.70414851306122558e-6 6.09988224908874940e2 0.00000000000000000e0 6.37785802304335789e2 0.00000000000000000e0 8.12470029032397065e2 8.70414851306122558e-6 1.03697880380337870e3 0.00000000000000000e0 1.09781974870770659e3 8.70414851306122558e-6 1.39722379586260081e3 -8.70414851306122558e-6 1.45149260379895372e3 0.00000000000000000e0 1.69813064907486910e3 0.00000000000000000e0 1.85910027123981058e3 -1.74082970261224512e-5 1.96924303654810706e3 8.70414851306122558e-6 2.26924468442746229e3 -8.70414851306122558e-6 2.26947015669054463e3 5.30953059296734755e-4 2.62193007305455694e3 -1.74082970261224512e-5 2.64619721974668209e3 0.00000000000000000e0 2.89026626596466895e3 8.70414851306122558e-6 3.09732055843170383e3 3.48165940522449023e-5 3.10680968671483970e3 1.39266376208979609e-4 3.55826188069840964e3 0.00000000000000000e0 3.35830746132081913e3 1.74082970261224512e-5 3.92065575809397114e3 0.00000000000000000e0 3.75396099632219102e3 -2.61124455391836784e-5 4.04096678039422795e3 1.74082970261224512e-5 4.42100636655062863e3 7.13740178071020528e-4 3.26358780444735476e3 6.70219435505714392e-4 6.08521475888856912e3 -8.70414851306122558e-6 6.04738728569031900e3 -9.33697563709756481e-6 3.60035692779092597e3 1.99840144432528177e-5 5.25978476773047987e3 3.30746541266080439e-4 5.17352852167363199e3 -1.13686837721616030e-5 5.27131546732562128e3 -1.08812958643511593e-4
-9.26111235344251213e2 3.48165940522449023e-5 -1.30224743486451166e3 -6.96331881044898047e-5 -1.90257798919901666e3 3.48165940522449023e-5 -2.46686640537063749e3 3.48165940522449023e-5 -2.89976911176381645e3 -3.48165940522449023e-5 -3.60631778306696970e3 0.00000000000000000e0 -3.92926958099337708e3 1.04449782156734714e-4 -4.68282848800072225e3 -3.48165940522449023e-5 -5.01656531781691137e3 6.96331881044898047e-5 -5.68462542815950565e3 6.96331881044898047e-5 -6.15279201738871870e3 -6.96331881044898047e-5 -6.63854875071478909e3 -3.48165940522449023e-5 -7.29556831018385219e3 -1.74082970261224518e-4 -7.59834552823690410e3 6.96331881044898047e-5 -8.38895312114118315e3 0.00000000000000000e0 -8.61843263493255836e3 6.96331881044898047e-5 -9.39186346116116329e3 1.04449782156734714e-4 -9.72719367240415340e3 0.00000000000000000e0 -1.03006085623746894e4 3.48165940522449023e-5 -1.09120178962029950e4 0.00000000000000000e0 -1.11539700021978642e4 1.04449782156734714e-4 -1.21207786328625371e4 -3.48165940522449023e-5 -1.20254218309412390e4 -3.48165940522449023e-5 -1.32619409676237847e4 3.48165940522449023e-5 -1.30827263795651997e4 -6.96331881044898047e-5 -1.34834133959316187e4 3.48165940522449023e-5 -2.51407249834301147e4 3.48165940522449023e-5 -1.44321134575076103e4 -6.96331881044898047e-5 -1.52478303583336583e4 1.74082970261224518e-4 -1.63256407414991154e4 1.04449782156734714e-4 -1.62817966611328302e4 3.48165940522449023e-5 0.00000000000000000e0 1.78176357223946944e1 3.48165940522449023e-5 -3.73452710533683728e2 3.48165940522449023e-5 -2.24178443630762530e2 0.00000000000000000e0 -5.83368466777755998e2 3.48165940522449023e-5 -4.87070398236255585e2 0.00000000000000000e0 -7.13168733312841027e2 -6.96331881044898047e-5 -7.93580895219747504e2 3.48165940522449023e-5 -8.10200491940804454e2 0.00000000000000000e0 -1.09495486526611762e3 0.00000000000000000e0 -9.37748716722808126e2 0.00000000000000000e0 -1.33377034430282015e3 6.96331881044898047e-5 -1.14501040400227771e3 1.39266376208979609e-4 -1.48014456300415964e3 0.00000000000000000e0 -1.44036058102869879e3 3.48165940522449023e-5 -1.55206102334659568e3 6.96331881044898047e-5 -1.78371197847582130e3 -6.96331881044898047e-5 -1.61091099002419446e3 -6.96331881044898047e-5 -2.10170954915156426e3 0.00000000000000000e0 -1.73769791516065175e3 0.00000000000000000e0 -2.31679031230669307e3 -6.96331881044898047e-5 -2.00885376244741542e3 -1.04449782156734714e-4 -2.37041754616029675e3 -3.48165940522449023e-5 -2.51276317158044503e3 0.00000000000000000e0 -2.19073798248814410e3 -1.39266376208979609e-4 -3.88365430694648194e3 6.96331881044898047e-5 -1.05153362852661280e3 -1.04449782156734714e-4 -1.48808309461401200e3 3.73479025483902592e-5 -4.26231178494162941e3 0.00000000000000000e0 -2.77821369323305544e3 -4.26769730665910242e-5 -3.26687698546379534e3 -4.54747350886464119e-5 -3.27119013476817554e3
9.33697563709756481e-6 -8.27076510079294167e2 -1.86739512741951296e-5 -1.22984794370672989e3 6.90936197145219813e-4 -1.53358679192416844e3 -9.33697563709756481e-6 -2.04951201556724482e3 4.38837854943585572e-4 -2.33230992283672776e3 -9.33697563709756481e-6 -2.82788812121514911e3 6.72262245871024680e-4 -3.16444595327425259e3 1.68065561467756170e-4 -3.58820822464744833e3 9.33697563709756481e-6 -4.00870839015743331e3 1.86739512741951296e-5 -4.35245852256071976e3 -1.86739512741951296e-5 -4.84529083778495351e3 2.80109269112926961e-5 -5.13655572931259667e3 4.20163903669390439e-4 -5.66271835851228570e3 6.99440505513848620e-5 -5.94660017660952781e3 0.00000000000000000e0 -6.45895672413132525e3 -5.64703839245339514e-4 -6.78228018686777159e3 1.43884903991420271e-5 -7.23345889057647037e3 2.72537548084983428e-4 -7.64354936465538776e3 1.77635683940025013e-5 -7.98209430120655361e3 -5.09192688014081687e-4 -8.53220369591012241e3 -2.14939177567430272e-5 -8.70265595641628170e3 0.00000000000000000e0 -9.44615513409629966e3 -5.11590769747272066e-5 -9.41028178276237304e3 0.00000000000000000e0 -1.03406567089958644e4 1.80122583515185424e-4 -1.02358738537700046e4 0.00000000000000000e0 -1.03444032638400058e4 3.48165940522449023e-5 -2.23951930171661879e4 -2.05413464016146420e-3 -1.11386827761350560e4 -1.75859327100624796e-3 -1.17600098098247236e4 -2.13384865332955114e-4 -1.28887159576152044e4 9.09494701772928238e-5 -1.24902741166832420e4 3.17442970121373207e2 0.00000000000000000e0 6.42393074068436817e2 0.00000000000000000e0 6.31100282144636481e2 1.86739512741951296e-5 8.64829581348480588e2 5.88229465137146581e-4 1.03350256910328380e3 9.33697563709756481e-6 1.15104565269197315e3 1.40054634556463470e-4 1.42665973759115150e3 9.33697563709756481e-6 1.47393406838558485e3 5.60218538225853923e-5 1.78822698568836790e3 9.33697563709756481e-6 1.83524488578390401e3 3.64142049846805039e-4 2.11749329336319261e3 7.46958050967805185e-5 2.22415819343124667e3 2.80109269112926961e-5 2.42747897977180173e3 9.33697563709756481e-6 2.62411157803121841e3 -9.33697563709756481e-6 2.73277863698240253e3 1.86739512741951296e-5 3.02255317130573030e3 -1.86739512741951296e-5 3.04326446762814794e3 9.33697563709756481e-6 3.41036385140824905e3 4.66848781854878257e-5 3.36694391478431453e3 -2.80109269112926961e-5 3.77279843686295544e3 -9.33697563709756481e-6 3.72445078671290685e3 -9.33697563709756515e-5 4.07127724897371354e3 6.53588294596829520e-5 4.16407779937344367e3 -2.80109269112926961e-5 4.20247747712210185e3 8.40327807338780850e-5 4.79992536828177708e3 9.33697563709756481e-6 3.44758551187318562e3 -1.30717658919365904e-4 6.45258670672887911e3 2.80109269112926961e-5 6.54513525391031635e3 1.99840144432528177e-5 3.67963875369525795e3 6.40154595998865370e-4 5.73060172035511096e3 1.47792889038100839e-4 5.34896030330855865e3 -3.62709862145038642e-5
-9.46257252509852151e2 3.73479025483902592e-5 -1.34649631160499416e3 0.00000000000000000e0 -1.93908188670377490e3 0.00000000000000000e0 -2.54800769203811205e3 7.46958050967805185e-5 -2.96501805086002378e3 3.73479025483902592e-5 -3.70489422989450577e3 -7.46958050967805185e-5 -4.04588681726103459e3 0.00000000000000000e0 -4.77915398615635877e3 -3.73479025483902592e-5 -5.19414550410601714e3 0.00000000000000000e0 -5.78442361374165102e3 3.73479025483902592e-5 -6.36733667964683900e3 -1.49391610193561037e-4 -6.78230425759096397e3 -3.73479025483902592e-5 -7.49580579602060334e3 -7.46958050967805185e-5 -7.83779527360195425e3 7.46958050967805185e-5 -8.53486500473898741e3 -1.86739512741951303e-4 -8.96834679697810861e3 3.73479025483902592e-5 -9.50434421200796351e3 -1.49391610193561037e-4 -1.01241065112667166e4 -1.49391610193561037e-4 -1.04856696510946513e4 7.46958050967805185e-5 -1.12156446397282380e4 -4.10826928032292872e-4 -1.15708681598380972e4 1.49391610193561037e-4 -1.21759459360770688e4 -5.60218538225853882e-4 -1.27945906740478658e4 3.73479025483902592e-5 -1.30239067956949821e4 0.00000000000000000e0 -1.40764807537774304e4 -1.86739512741951303e-4 -1.39691941231756518e4 1.12043707645170785e-4 -1.44321134575076103e4 -2.05413464016146420e-3 -2.67245070912025512e4 7.09610148419414946e-4 -1.55254000455684600e4 -2.80109269112926952e-3 -1.59907556861238481e4 5.22870635677463616e-4 -1.75048542587319389e4 -3.73479025483902606e-4 -7.46958050967805185e-5 3.31296063471597719e1 -3.73479025483902592e-5 -3.76529191337127088e2 0.00000000000000000e0 -2.20600241629398369e2 0.00000000000000000e0 -5.64875373498807562e2 0.00000000000000000e0 -5.08783567054749085e2 3.73479025483902592e-5 -6.69541301778764250e2 -3.73479025483902592e-5 -8.27118414425953461e2 -7.46958050967805185e-5 -7.70742315747696580e2 3.73479025483902592e-5 -1.09893144455419633e3 -1.12043707645170785e-4 -9.46817321656467811e2 3.73479025483902592e-5 -1.27165992900302149e3 -7.46958050967805185e-5 -1.21928285699013350e3 1.12043707645170785e-4 -1.36424754559882876e3 3.73479025483902592e-5 -1.53340224660070112e3 -3.73479025483902592e-5 -1.46108001275457855e3 2.24087415290341569e-4 -1.79373557722684018e3 -2.98783220387122074e-4 -1.65309965991511353e3 1.86739512741951303e-4 -1.93494915454728266e3 -3.73479025483902606e-4 -1.96589230263555214e3 1.12043707645170785e-4 -1.98259260399957748e3 -3.73479025483902592e-5 -2.32412512999324827e3 -7.46958050967805185e-5 -2.06866655965143264e3 2.24087415290341569e-4 -2.56954361308459011e3 -1.41922029683882989e-3 -2.41349051894879040e3 8.96349661161366276e-4 -2.49011201924886882e3 -1.83004722487112282e-3 -3.81619956950629512e3 4.10826928032292872e-4 -1.22327923195442145e3 -2.61435317838731808e-4 -1.32766613405443923e3 -7.99360577730112709e-5 -4.48058237898507559e3 1.70707892266364097e-4 -2.90054978213660752e3 0.00000000000000000e0 -3.20532192543687643e3
2.99760216648792266e-5 -8.46635521689620418e2 2.99760216648792266e-5 -1.26843438752466409e3 1.59872115546022542e-4 -1.57811603784807630e3 9.99200722162640886e-6 -2.10025913660594188e3 2.39808173319033813e-4 -2.41664618316761471e3 1.09912079437890498e-4 -2.88164379358413225e3 1.59872115546022542e-4 -3.29151937705773889e3 6.29496454962463758e-4 -3.65137571178841836e3 2.99760216648792266e-5 -4.16271624170683208e3 2.99760216648792266e-5 -4.45053453090871153e3 9.99200722162640886e-6 -4.99469007153585699e3 0.00000000000000000e0 -5.30428647005365383e3 2.49800180540660222e-4 -5.77772958476607801e3 7.49400541621980665e-4 -6.20412509366730137e3 2.27373675443232059e-5 -6.53705616637800813e3 5.13367126586672317e-5 -7.10808370163462678e3 2.87769807982840541e-5 -7.32353922505701848e3 4.80948614267617813e-5 -7.96039074657528545e3 5.32907051820075072e-5 -8.18762077137158394e3 3.91686683087755160e-5 -8.72206880719872424e3 5.37347943918575766e-4 -9.14792637640715657e3 8.22231172037390717e-4 -9.39527134091733205e3 7.67386154620908065e-5 -1.01722707257501097e4 5.55111512312578270e-5 -1.00393717239466441e4 6.00408611717284725e-5 -1.11604062591474922e4 0.00000000000000000e0 -1.08485149663550837e4 -6.96331881044898047e-5 -1.11386827761350560e4 7.09610148419414946e-4 -2.38755933024137339e4 2.39808173319033813e-4 -1.19059030587398429e4 8.53539461331820484e-5 -1.25083542002357717e4 0.00000000000000000e0 -1.36653554613119777e4 3.34776376620382621e2 4.99600361081320443e-5 6.58970568112593469e2 1.99840144432528177e-5 6.74798037447743582e2 4.99600361081320443e-5 8.79675872145213589e2 1.89848137210901768e-4 1.10240700568198235e3 0.00000000000000000e0 1.17886747363904487e3 6.99440505513848620e-4 1.50096763018581214e3 -9.99200722162640886e-6 1.53995273532991928e3 -9.99200722162640886e-6 1.84240268041868671e3 7.99360577730112709e-5 1.96034182886606345e3 3.29736238313671493e-4 2.14057368830289352e3 -9.99200722162640886e-6 2.40467798673371635e3 4.99600361081320443e-5 2.44198070764589647e3 1.99840144432528177e-5 2.81813949176701317e3 -2.99760216648792266e-5 2.79900621080741985e3 9.99200722162640886e-6 3.15729182820412234e3 5.99520433297584532e-5 3.23603405192329728e3 -9.99200722162640886e-6 3.42039334539911943e3 -1.99840144432528177e-5 3.72876094445473382e3 2.99760216648792266e-5 3.65699031537047767e3 0.00000000000000000e0 4.20357112709268677e3 -1.39888101102769724e-4 3.95495857778982327e3 -5.99520433297584532e-5 4.55622240735919968e3 -1.99840144432528177e-5 4.41297109965432810e3 -5.99520433297584532e-5 4.64784102636173247e3 1.99840144432528177e-5 5.15580948055038880e3 9.99200722162640886e-6 3.73301397615932683e3 -5.99520433297584532e-5 7.01350674709999475e3 -3.39728245535297901e-4 6.96711620395973387e3 -8.00193244998581685e-4 4.09847098818971790e3 -1.02318153949454427e-4 6.05362856731517240e3 1.20903287381679547e-5
-9.98206517444089059e2 -3.99680288865056355e-5 -1.39815355293393395e3 1.19904086659516906e-4 -2.05304273581674579e3 0.00000000000000000e0 -2.64769434377143398e3 0.00000000000000000e0 -3.12879598229898193e3 3.99680288865056355e-5 -3.87385535649542589e3 7.99360577730112709e-5 -4.23332277232901833e3 -1.19904086659516906e-4 -5.03970329468472755e3 -3.99680288865056355e-5 -5.39215320394248465e3 -3.99680288865056355e-5 -6.13178152253368626e3 3.99680288865056355e-5 -6.59961177706947001e3 1.19904086659516906e-4 -7.17196614097304064e3 -3.99680288865056355e-5 -7.82000840082730519e3 -7.99360577730112709e-5 -8.20636658627194083e3 3.99680288865056355e-5 -9.00529259162397102e3 -1.19904086659516906e-4 -9.28258466093012612e3 -7.99360577730112709e-5 -1.01183801737292360e4 -1.99840144432528177e-4 -1.04293152913825797e4 7.99360577730112709e-5 -1.11507661104681683e4 3.99680288865056355e-5 -1.16460432497689235e4 -1.99840144432528177e-4 -1.21233251038077578e4 -7.99360577730112709e-5 -1.29056611797295773e4 -3.99680288865056355e-4 -1.30762909300585761e4 0.00000000000000000e0 -1.41643141615688255e4 -1.19904086659516906e-4 -1.40655377744991492e4 -3.99680288865056355e-5 -1.53543435166270119e4 -3.99680288865056355e-5 -1.52478303583336583e4 -1.75859327100624796e-3 -1.55254000455684600e4 2.39808173319033813e-4 -2.90437637140428269e4 0.00000000000000000e0 -1.65863199723226280e4 1.19904086659516906e-4 -1.75364632468699710e4 -2.79776202205539448e-4 -7.99360577730112709e-5 1.30589139502035323e1 -3.99680288865056355e-5 -4.03089641665133058e2 3.99680288865056355e-5 -2.48046423401149241e2 0.00000000000000000e0 -6.36486903182742481e2 -3.99680288865056355e-5 -5.25691810082662414e2 -7.99360577730112709e-5 -7.88539313845149081e2 3.99680288865056355e-5 -8.47985601737377692e2 0.00000000000000000e0 -9.03857548806286104e2 7.99360577730112709e-5 -1.17062379789700799e3 -3.99680288865056355e-5 -1.04151739233060425e3 3.99680288865056355e-5 -1.44022278103506096e3 -3.99680288865056355e-5 -1.24811165402860524e3 7.99360577730112709e-5 -1.62687259663840678e3 -7.99360577730112709e-5 -1.53544465142374520e3 0.00000000000000000e0 -1.74120450058268261e3 -1.19904086659516906e-4 -1.87558264919118756e3 -2.79776202205539448e-4 -1.82829131833983638e3 3.99680288865056355e-5 -2.21434634628536742e3 -7.99360577730112709e-5 -1.94681814669195319e3 0.00000000000000000e0 -2.49360720072644426e3 7.99360577730112709e-5 -2.15134498215974190e3 -3.99680288865056355e-5 -2.67176796686641183e3 7.99360577730112709e-5 -2.48657826329434783e3 -8.39328606616618345e-4 -2.71731229517513384e3 4.79616346638067625e-4 -3.03238893994972614e3 -1.87849735766576487e-3 -2.54806931554441007e3 2.39808173319033813e-4 -4.53289370039300411e3 -1.19904086659516906e-4 -1.30522804564492390e3 -7.99360577730112709e-5 -1.68128850841497979e3 -4.26769730665910242e-5 -5.02361200638290484e3 0.00000000000000000e0 -3.13997623901940415e3
0.00000000000000000e0 -8.80581031814653443e2 2.13384865332955121e-5 -1.31342485869545567e3 1.06692432666477560e-5 -1.63931525121174832e3 0.00000000000000000e0 -2.17942044815622194e3 -1.06692432666477560e-5 -2.50292291466003326e3 3.20077297999432631e-5 -2.99983854541441315e3 2.13384865332955121e-5 -3.39768577135579653e3 6.40154595998865370e-4 -3.81226052496019838e3 0.00000000000000000e0 -4.28914325381057915e3 2.98738811466137122e-4 -4.64773261505957453e3 -1.06692432666477560e-5 -5.15542355202791623e3 2.34723351866250623e-4 -5.51574549169098282e3 0.00000000000000000e0 -6.00024104568941493e3 5.86808379665626489e-4 -6.40033898050562675e3 1.59161572810262442e-4 -6.84685096155046631e3 0.00000000000000000e0 -7.27660971272525785e3 5.75539615965681083e-5 -7.71308528599856709e3 -8.65707505681712064e-4 -8.13630543411436702e3 1.06581410364015014e-4 -8.58958895980643865e3 3.91686683087755173e-4 -9.00181000366151602e3 1.07469588783715140e-4 -9.43948598416399909e3 4.69846384021366112e-5 -9.91662365458223576e3 -1.79056769411545220e-4 -1.02224808784634479e4 0.00000000000000000e0 -1.09039645273423248e4 7.80531195232470163e-4 -1.09404768329879334e4 1.29496413592278259e-4 -1.19094018343535172e4 1.74082970261224518e-4 -1.17600098098247236e4 -2.80109269112926952e-3 -1.19059030587398429e4 0.00000000000000000e0 -2.55997350079084645e4 -8.53539461331820484e-5 -1.27901735709201603e4 4.54747350886464119e-5 -1.33167042092430238e4 3.44290878862008071e2 2.13384865332955121e-5 6.83622202668488057e2 0.00000000000000000e0 6.90146572956962359e2 1.06692432666477560e-5 9.17299349878497651e2 3.20077297999432631e-5 1.12450897457039309e3 1.06692432666477560e-5 1.23170523024240811e3 6.08146866198921998e-4 1.53332460935962104e3 0.00000000000000000e0 1.60060542286899499e3 5.44131406599035472e-4 1.89788279340019653e3 1.06692432666477560e-5 2.01246198403559629e3 3.20077297999432631e-5 2.23716472927959512e3 3.84092757599319211e-4 2.43317770867168565e3 1.06692432666477560e-5 2.58615229438152755e3 1.60038648999716342e-4 2.83054702719942634e3 1.06692432666477560e-5 2.96464452276268275e3 2.24054108599602869e-4 3.20031327682990195e3 -1.06692432666477560e-5 3.35937302615718590e3 4.16100487399262474e-4 3.56925648032913023e3 1.49369405733068561e-4 3.73490154359501457e3 4.26769730665910242e-5 3.96951682604118560e3 2.02715622066307360e-4 4.07068672156896082e3 -3.94762000865966965e-4 4.39858276464199935e3 -2.13384865332955121e-5 4.39559633491626209e3 -1.17361675933125311e-4 4.79012146614721223e3 -1.06692432666477560e-5 4.80145013597166417e3 3.20077297999432631e-5 4.97453823173898945e3 -1.06692432666477557e-4 5.46903219955652185e3 2.77400324932841613e-4 4.08508952869368568e3 -9.60231893998298027e-5 7.35814089658504145e3 3.20077297999432631e-5 7.58017303863489724e3 -4.88853402202948928e-4 4.23973060605931096e3 2.41806574763359095e-5
-1.01157429841514113e3 0.00000000000000000e0 -1.44084447293302287e3 4.26769730665910242e-5 -2.07194322863202297e3 4.26769730665910242e-5 -2.72766087907605515e3 -4.26769730665910242e-5 -3.16679058665059210e3 0.00000000000000000e0 -3.96709188974497829e3 0.00000000000000000e0 -4.32125396314653244e3 0.00000000000000000e0 -5.11562099045903597e3 -4.26769730665910242e-5 -5.55228597480805820e3 4.26769730665910242e-5 -6.18422452798306222e3 8.53539461331820484e-5 -6.81699882432163031e3 -1.70707892266364097e-4 -7.23849982660063142e3 8.53539461331820484e-5 -8.03780457969693998e3 -8.53539461331820484e-5 -8.35499849336507395e3 8.53539461331820484e-5 -9.15618504491178101e3 4.26769730665910242e-5 -9.56596835872680640e3 8.53539461331820484e-5 -1.01789579090905136e4 -8.53539461331820484e-5 -1.08306784342371302e4 -4.26769730665910242e-5 -1.11849635453520350e4 8.53539461331820484e-5 -1.20540109651567927e4 -1.28030919199773052e-4 -1.22818354989728832e4 -8.53539461331820484e-5 -1.31444673747704874e4 -4.26769730665910242e-5 -1.35383422493973176e4 4.26769730665910242e-5 -1.40785851435953919e4 4.26769730665910242e-5 -1.49328006935345329e4 1.70707892266364097e-4 -1.49395388327810979e4 0.00000000000000000e0 -1.63256407414991154e4 -2.13384865332955114e-4 -1.59907556861238481e4 8.53539461331820484e-5 -1.65863199723226280e4 -8.53539461331820484e-5 -3.06125799461653987e4 4.26769730665910242e-5 -1.76761259353952482e4 -4.26769730665910242e-5 -4.26769730665910242e-5 3.76449311723092706e1 8.53539461331820484e-5 -4.02823894463111344e2 8.53539461331820484e-5 -2.32175835312986607e2 1.28030919199773052e-4 -6.03024775891469744e2 1.28030919199773052e-4 -5.41112992324954689e2 -4.26769730665910242e-5 -7.10297956807437572e2 -4.26769730665910242e-5 -8.86339873229502587e2 -4.26769730665910242e-5 -8.09950054581065729e2 0.00000000000000000e0 -1.18411563612141890e3 -4.26769730665910242e-5 -9.90254333688156521e2 0.00000000000000000e0 -1.37100958128577599e3 -4.26769730665910242e-5 -1.28341709988433195e3 -1.28030919199773052e-4 -1.45770541948309096e3 -4.26769730665910242e-5 -1.63860278048488817e3 4.26769730665910242e-5 -1.53071389887848864e3 8.53539461331820484e-5 -1.95064353500917787e3 -4.26769730665910242e-5 -1.69839552430772778e3 -4.26769730665910242e-5 -2.12990256969192160e3 4.26769730665910242e-5 -2.01528638879011646e3 -8.53539461331820484e-5 -2.17031646823073743e3 4.26769730665910242e-5 -2.43474440169144691e3 0.00000000000000000e0 -2.17444358758811541e3 8.53539461331820484e-5 -2.81747653203545678e3 4.26769730665910242e-5 -2.31694746331001534e3 1.28030919199773052e-4 -2.98899315294143298e3 -8.53539461331820484e-5 -2.80956464799864170e3 8.53539461331820484e-5 -2.76882072842710204e3 -8.53539461331820484e-5 -4.49645168636436665e3 0.00000000000000000e0 -1.25684936116421409e3 0.00000000000000000e0 -1.62530877534372576e3 -2.27373675443232059e-4 -4.99813764247569816e3
2.27373675443232059e-5 -9.11028644168254687e2 2.27373675443232059e-5 -1.36020756826837896e3 6.82121026329696178e-5 -1.69148931945528602e3 -1.13686837721616030e-5 -2.26198006885169889e3 1.02318153949454427e-4 -2.57963105241287849e3 2.27373675443232059e-5 -3.11214919292979175e3 4.54747350886464119e-5 -3.51004360936713056e3 1.36424205265939236e-4 -3.93963784972584108e3 2.27373675443232059e-5 -4.45210282578045735e3 3.75166564481332898e-4 -4.77952132769132731e3 3.41060513164848089e-5 -5.37065255912239081e3 4.32009983342140913e-4 -5.66346604955469957e3 6.82121026329696178e-5 -6.24228925971692661e3 2.16004991671070457e-4 -6.60240023080405081e3 5.11590769747272134e-4 -7.06975129105558153e3 0.00000000000000000e0 -7.57660451427000226e3 7.19424519957101303e-5 -7.88613489248746191e3 1.60316204755872604e-5 -8.53991260783004691e3 9.59232693276135143e-4 -8.74314185921321041e3 1.95843341543877580e-5 -9.43888230722222943e3 2.14939177567430279e-4 -9.68614230032471824e3 3.52384788016024578e-4 -1.02386041589852539e4 5.11590769747272066e-5 -1.07281352939025965e4 2.02615701994091069e-3 -1.09478800482065708e4 -6.00408611717284725e-5 -1.18316647217397986e4 2.07194261747645214e-3 -1.16332940592656087e4 1.04449782156734714e-4 -1.28887159576152044e4 5.22870635677463616e-4 -1.25083542002357717e4 1.19904086659516906e-4 -1.27901735709201603e4 4.26769730665910242e-5 -2.73371322691673413e4 3.41060513164848089e-3 -1.36082031957918116e4 3.52862559793720720e2 -1.13686837721616030e-5 7.08515096903283847e2 1.13686837721616030e-5 7.05352931618108414e2 3.41060513164848089e-5 9.49084585499804234e2 4.54747350886464119e-5 1.15750482336807181e3 -1.13686837721616030e-5 1.26163704408099875e3 1.70530256582424045e-4 1.59435121531714685e3 -1.13686837721616030e-5 1.62439719133544713e3 1.81898940354585648e-4 1.98244171087935683e3 5.68434188608080149e-5 2.04605091767007252e3 7.95807864051312208e-5 2.31853800869430415e3 2.50111042987555265e-4 2.51060306482031592e3 -2.27373675443232059e-5 2.63065826402453240e3 6.82121026329696178e-5 2.97655114991357550e3 0.00000000000000000e0 2.96645856678878772e3 4.54747350886464119e-5 3.39409033403015246e3 2.27373675443232059e-5 3.36912653775556191e3 2.38742359215393662e-4 3.73186007669445962e3 8.29913915367797017e-4 3.85205664699128602e3 -1.13686837721616030e-5 3.99866969376105817e3 6.82121026329696178e-5 4.38140114162877126e3 -4.54747350886464119e-5 4.25103746848343053e3 -4.09272615797817707e-4 4.87826779931310648e3 1.13686837721616030e-5 4.57883791993296563e3 3.86535248253494501e-4 5.23625632595781190e3 2.16004991671070457e-4 5.08462015451627303e3 3.41060513164848089e-5 5.30490339798461628e3 -3.63797880709171295e-4 5.90434989500287975e3 -9.09494701772928238e-5 4.23261365956051395e3 -3.41060513164848089e-5 7.98054202557629924e3 -4.54747350886464119e-5 7.92542209637758788e3 0.00000000000000000e0
-1.06410275293455925e3 -2.27373675443232059e-4 -1.49318229887285270e3 -2.72848410531878471e-4 -2.18780692193831783e3 -4.54747350886464119e-5 -2.82665150734828785e3 -5.91171556152403355e-4 -3.33690945808484685e3 1.81898940354585648e-4 -4.13075558753916994e3 -9.54969436861574650e-4 -4.52121139460359700e3 2.72848410531878471e-4 -5.36764464413863607e3 -1.09139364212751389e-3 -5.76312886551022530e3 -1.81898940354585648e-4 -6.53047054584021680e3 -5.45696821063756943e-4 -7.04799044797255192e3 -1.36424205265939236e-3 -7.65014656280982308e3 5.00222085975110531e-4 -8.33352869449299760e3 -2.91038304567337036e-3 -8.77449028848786838e3 8.64019966684281826e-4 -9.57647107497905381e3 -2.81943357549607754e-3 -9.93971425486961380e3 2.27373675443232059e-4 -1.07570943328028079e4 -1.04591890703886747e-3 -1.11545894469600171e4 -2.41016095969825983e-3 -1.18863777515798574e4 7.27595761418342590e-4 -1.24046253404230811e4 1.36424205265939236e-4 -1.29899054172710748e4 2.41016095969825983e-3 -1.36706108605721965e4 0.00000000000000000e0 -1.40859653129155049e4 1.09139364212751389e-3 -1.49454266193060903e4 -2.18278728425502777e-3 -1.51799716604728019e4 -3.18323145620524883e-3 -1.62343076226534322e4 1.22781784739345312e-3 -1.62817966611328302e4 9.09494701772928238e-5 -1.75048542587319389e4 0.00000000000000000e0 -1.75364632468699710e4 4.54747350886464119e-5 -1.76761259353952482e4 3.41060513164848089e-3 -3.31206156261032447e4 0.00000000000000000e0 -1.36424205265939236e-4 1.65633537108078599e1 1.81898940354585648e-4 -4.28034854849101976e2 -5.45696821063756943e-4 -2.63463334704283625e2 2.27373675443232059e-4 -6.71086127113085240e2 -5.45696821063756943e-4 -5.63055937163881026e2 4.54747350886464119e-5 -8.28611518954858184e2 -9.09494701772928238e-5 -9.05034357856493443e2 -7.27595761418342590e-4 -9.55527775658993050e2 5.45696821063756943e-4 -1.23699242067232262e3 -1.77351466845721006e-3 -1.11559875222155824e3 1.00044417195022106e-3 -1.50692549141240306e3 -1.72803993336856365e-3 -1.34769611577212345e3 2.72848410531878471e-4 -1.69844065567303915e3 -5.00222085975110531e-4 -1.64706293617200572e3 -1.50066625792533159e-3 -1.83832089533098042e3 1.22781784739345312e-3 -1.97426138583978172e3 9.09494701772928238e-5 -1.97422568817273714e3 2.91038304567337036e-3 -2.28355647777789272e3 -4.54747350886464119e-5 -2.14364081330131739e3 1.27329258248209953e-3 -2.54901401604001876e3 -1.31876731757074594e-3 -2.36019527619646396e3 -2.13731254916638136e-3 -2.77211702268687077e3 2.54658516496419907e-3 -2.62303069575864356e3 9.09494701772928238e-5 -2.95569188892841339e3 -4.54747350886464119e-5 -2.95108484351658262e3 4.54747350886464119e-5 -3.06353376799961552e3 -4.54747350886464119e-5 -3.45608423231169581e3 -3.36513039655983448e-3 -2.95990457743755542e3 -1.77351466845721006e-3 -5.05827811139170080e3 3.68345354218035936e-3 -1.60540239448891953e3 -4.54747350886464119e-5 -1.74819556377769914e3
-6.04516436908397668e-5 -9.33420542958973670e2 0.00000000000000000e0 -1.39741227379586144e3 -6.04516436908397668e-5 -1.74316930670048714e3 1.20903287381679547e-5 -2.31033104077793541e3 -9.67226299053436378e-5 -2.67109392474429433e3 -8.46323011671756831e-5 -3.17155839311133968e3 -4.83613149526718189e-5 -3.63082114903656702e3 -1.93445259810687276e-4 -4.03128081386538952e3 0.00000000000000000e0 -4.57507926923117429e3 -2.65987232239695004e-4 -4.93132697156894938e3 0.00000000000000000e0 -5.47588646476748727e3 -1.32993616119847502e-4 -5.88083815824536032e3 -1.45083944858015457e-4 -6.34484097591370119e3 -7.25419724290077284e-5 -6.84877478829282154e3 -4.11071177097710461e-4 -7.22550928669018958e3 2.56683563293336158e-5 -7.78693134273478154e3 -7.62589991154527416e-4 -8.15802652491814933e3 4.80948614267617813e-5 -8.66964111760903870e3 -5.50670620214077536e-4 -9.14205354478614390e3 -5.87530024631632706e-5 -9.52162178652349212e3 -1.50457424297201214e-4 -1.01256597607624062e4 -5.63815660825639389e-4 -1.04126940669857504e4 -5.11590769747272066e-5 -1.10309864541746629e4 0.00000000000000000e0 -1.14114107153673303e4 1.50102152929321191e-4 -1.18084574133869846e4 -2.00719441068031301e-3 -1.25287548764618768e4 3.48165940522449023e-5 -1.24902741166832420e4 -3.73479025483902606e-4 -1.36653554613119777e4 -2.79776202205539448e-4 -1.33167042092430238e4 -4.26769730665910242e-5 -1.36082031957918116e4 0.00000000000000000e0 -2.90019634719751448e4 3.70062438392881859e2 -6.04516436908397668e-5 7.24164421728179491e2 -2.41806574763359095e-5 7.47229855191378078e2 -1.20903287381679547e-5 9.67299651077890758e2 -8.46323011671756831e-5 1.21462718982723300e3 1.20903287381679547e-5 1.30582837213344396e3 -1.69264602334351366e-4 1.64193945060286933e3 1.20903287381679547e-5 1.71648228780574277e3 -1.57174273596183411e-4 2.01011204971068832e3 -8.46323011671756831e-5 2.17971895343227470e3 -3.62709862145038642e-5 2.35244452118088520e3 -2.65987232239695004e-4 2.64209735080234123e3 3.62709862145038642e-5 2.72493151782793302e3 -4.35251834574046370e-4 3.05238989863898496e3 1.32993616119847502e-4 3.16036725839241581e3 -1.45083944858015457e-4 3.40258981985641594e3 -3.62709862145038642e-5 3.63784568229164006e3 1.32993616119847502e-4 3.73955557515515102e3 -7.01239066813741374e-4 4.09111009957996384e3 1.81354931072519321e-4 4.13434071697693525e3 5.07793807003054098e-4 4.45822517534111284e3 5.07793807003054098e-4 4.62449164837508306e3 -2.41806574763359095e-5 4.73688053261866935e3 8.46323011671756831e-5 5.16859399724012292e3 -3.50619533406870687e-4 5.01001434560777216e3 0.00000000000000000e0 5.63365571433216428e3 4.23161505835878415e-4 5.43184720669387298e3 5.56155121955725917e-4 5.79489383678577451e3 -1.08812958643511593e-4 6.21779971510250107e3 8.34232682933588876e-4 4.67899876843702623e3 4.83613149526718189e-5 8.42135127641086001e3 -8.70503669148092740e-4
0.00000000000000000e0 3.34588193595664052e1 -3.99680288865056302e-7 2.10090627561498877e1 2.84217094304040074e-6 4.53227580465842479e1 -3.33066907387546920e-6 4.64720178339206242e1 1.59872115546022521e-6 6.21229147457213955e1 -2.17603712826530640e-6 7.16021865798666113e1 5.68434188608080149e-6 7.91753671625094881e1 -3.59712259978550677e-6 9.69044522403095101e1 4.44089209850062531e-6 9.84418545013632098e1 5.37347943918575681e-6 1.20520080315600339e2 -6.39488462184090083e-6 1.21637373551308784e2 0.00000000000000000e0 1.41679103071723461e2 0.00000000000000000e0 1.48594324345108220e2 2.99760216648792266e-5 1.61420734912098851e2 0.00000000000000000e0 1.77039957327540492e2 3.85025344940004220e-5 1.82139770465994360e2 -1.43884903991420271e-5 2.04170674511505723e2 -1.60316204755872604e-5 2.06018340165314811e2 -1.77635683940025013e-5 2.28267037871709931e2 1.95843341543877580e-5 2.33533614180103626e2 -2.14939177567430272e-5 2.49532771667837437e2 4.69846384021366112e-5 2.62631292713422170e2 -2.55795384873636033e-5 2.70030255100639522e2 -8.32667268468867405e-5 2.90353844567548038e2 -3.00204305858642362e-5 2.92225386588906872e2 3.23741033980695647e-5 3.14530264411416681e2 0.00000000000000000e0 3.17442970121373207e2 -7.46958050967805185e-5 3.34776376620382621e2 -7.99360577730112709e-5 3.44290878862008071e2 -4.26769730665910242e-5 3.52862559793720720e2 -1.36424205265939236e-4 3.70062438392881859e2 -1.03620541835880431e2 -1.77635683940025046e-7 -9.72679700783629499e1 -1.77635683940025046e-7 -1.22227437060473676e2 -2.77555756156289082e-7 -1.68493899943555874e2 -1.59872115546022521e-6 -1.92624449191214325e2 -1.63202784619897990e-6 -2.42340970357801638e2 -7.10542735760100186e-6 -2.64855881937364757e2 1.79856129989275338e-6 -3.13016712949476471e2 -6.66133814775093840e-6 -3.40374328722248208e2 -1.34336985979643920e-6 -3.80636531094324880e2 0.00000000000000000e0 -4.17731430246703837e2 -1.12576614696990890e-5 -4.47727133412456681e2 0.00000000000000000e0 -4.93886599528536806e2 1.64868119156835746e-4 -5.17333725857938020e2 8.52651282912120223e-6 -5.66333926599327242e2 -5.13367126586672317e-5 -5.90983962345248301e2 0.00000000000000000e0 -6.34693117262940973e2 0.00000000000000000e0 -6.67746266547197820e2 -2.22044604925031274e-5 -7.01294684546382882e2 -4.89608353859693950e-6 -7.44564951693504781e2 -5.37347943918575681e-6 -7.69550069001922907e2 -1.17461596005341528e-5 -8.18370585253802346e2 0.00000000000000000e0 -8.41751321445371900e2 0.00000000000000000e0 -8.87870860166728448e2 -7.50510764646605906e-6 -9.17831225599741288e2 -3.23741033980695647e-5 -9.54719334389508845e2 -8.70414851306122558e-6 -9.95144046100904120e2 -9.33697563709756481e-6 -1.02231240921568644e3 -9.99200722162640886e-6 -1.07032714691257524e3 5.33462163332387785e-5 -1.09344798007171562e3 1.13686837721616030e-5 -1.14132717499160208e3 1.20903287381679547e-5
-1.23759924974820024e1 -4.99600361081320337e-7 2.42893397395249586e1 -3.55271367880050093e-7 -3.31765264149908035e0 2.77555756156289082e-7 4.74152050955467441e0 -1.19904086659516885e-6 1.50014880517801412e1 -1.08801856413265320e-6 -2.12167536872698248e0 -1.42108547152020037e-6 2.30169632686738623e1 -8.99280649946376692e-7 -6.99726676600675890e-1 -2.22044604925031266e-6 2.17534124047347142e1 0.00000000000000000e0 8.49689496540406708e0 -3.19744231092045041e-6 1.40932513659208762e1 -5.62883073484954451e-6 2.03595708292425606e1 -4.35207425653061279e-6 6.40889066261251994e0 -4.24660306919122377e-5 2.81900702781001655e1 2.84217094304040074e-6 4.84127440358861350e0 -3.20854454116670172e-5 2.79389662960483030e1 -3.59712259978550677e-6 1.12353246706220471e1 -1.20237153566904453e-5 2.06459216389731637e1 -4.44089209850062531e-6 2.18987850075791322e1 -9.79216707719387899e-6 1.18068858689923655e1 1.88071780371501491e-4 3.04553124053086286e1 1.17461596005341528e-5 8.01929109783827521e0 -1.91846538655227023e-4 3.20637212780638876e1 -6.93889390390722838e-6 1.25540688955538826e1 -1.50102152929321181e-5 2.63673944900233472e1 -1.61870516990347824e-5 2.29341062141230623e1 -8.70414851306122558e-6 1.78176357223946944e1 0.00000000000000000e0 3.31296063471597719e1 4.99600361081320443e-5 1.30589139502035323e1 2.13384865332955121e-5 3.76449311723092706e1 -1.13686837721616030e-5 1.65633537108078599e1 -6.04516436908397668e-5 -1.77635683940025046e-7 -1.45054197853156069e2 0.00000000000000000e0 -1.32835451260859827e2 -2.13162820728030056e-6 -1.23497958248730541e2 0.00000000000000000e0 -1.95295833105291166e2 0.00000000000000000e0 -2.03222004369063541e2 0.00000000000000000e0 -2.55605362298183536e2 2.84217094304040074e-6 -2.87955301703224336e2 -1.07913677993565199e-5 -3.14174883886408850e2 -4.44089209850062531e-6 -3.70716963116191039e2 1.07469588783715136e-5 -3.78771054521109761e2 -1.27897692436818017e-5 -4.44541110145024788e2 -7.50510764646605906e-6 -4.53486194107455219e2 8.70414851306122558e-6 -5.08286185640916017e2 0.00000000000000000e0 -5.36176153786982468e2 -1.13686837721616030e-5 -5.67794354267014910e2 -3.85025344940004220e-5 -6.19635831844433824e2 -5.75539615965681083e-5 -6.31031659326097838e2 1.60316204755872604e-5 -6.95844617482066383e2 0.00000000000000000e0 -7.03323217965401341e2 0.00000000000000000e0 -7.61672129012680330e2 -2.14939177567430272e-5 -7.84425364497298460e2 -2.34923192010683056e-5 -8.21846565202122179e2 0.00000000000000000e0 -8.68367024120519886e2 -2.77555756156289135e-5 -8.83837500964546166e2 3.00204305858642362e-5 -9.46830024384226476e2 -9.71223101942086942e-5 -9.53589849217450933e2 6.96331881044898047e-5 -1.01474061683370905e3 -3.73479025483902592e-5 -1.03265587081402555e3 -7.99360577730112709e-5 -1.07576166086253988e3 0.00000000000000000e0 -1.11647975700179813e3 -1.81898940354585648e-4 -1.13687741710721821e3
7.99360577730112603e-7 4.48686503951023425e1 0.00000000000000000e0 8.42517479782145386e1 -1.42108547152020037e-6 7.01909546485523919e1 -3.33066907387546920e-6 1.10987282564423126e2 0.00000000000000000e0 1.24175660998204748e2 2.17603712826530640e-6 1.48387546516914881e2 -2.84217094304040074e-6 1.73292856064932693e2 -7.19424519957101353e-6 1.88056674677028440e2 8.88178419700125063e-6 2.20963015939989987e2 5.37347943918575681e-6 2.31588206212052199e2 6.39488462184090083e-6 2.65972044510842693e2 -1.50102152929321181e-5 2.79630169286448847e2 -1.74082970261224512e-5 3.08578110563839687e2 0.00000000000000000e0 3.30821228544664336e2 1.13686837721616030e-5 3.51016312905016946e2 2.56683563293336158e-5 3.82247578389893704e2 1.43884903991420271e-5 3.95909564798735403e2 0.00000000000000000e0 4.31122400001981930e2 5.32907051820075072e-5 4.44611882211010027e2 1.95843341543877580e-5 4.76400338822457968e2 0.00000000000000000e0 4.96369470814883471e2 2.34923192010683056e-5 5.19689245237486716e2 -2.55795384873636033e-5 5.48448161885595255e2 2.77555756156289135e-5 5.63595360736357634e2 6.00408611717284725e-5 5.97728655571394597e2 3.23741033980695647e-5 6.09988224908874940e2 3.48165940522449023e-5 6.42393074068436817e2 -3.73479025483902592e-5 6.58970568112593469e2 -3.99680288865056355e-5 6.83622202668488057e2 8.53539461331820484e-5 7.08515096903283847e2 1.81898940354585648e-4 7.24164421728179491e2 -9.72679700783629499e1 0.00000000000000000e0 -2.98488378014383159e2 3.99680288865056302e-7 -2.36651783325214637e2 -3.99680288865056302e-7 -2.74825301405101584e2 1.19904086659516885e-6 -3.55716652933324383e2 -1.08801856413265320e-6 -4.01098844449165824e2 7.10542735760100186e-6 -4.80921724488325708e2 8.99280649946376692e-7 -5.29430820783716058e2 6.66133814775093840e-6 -6.02861534026999266e2 1.34336985979643920e-6 -6.60592381063196399e2 -3.19744231092045041e-6 -7.22836274036353529e2 9.38138455808257446e-6 -7.91971771185728926e2 2.17603712826530640e-6 -8.44040524050626459e2 -1.59872115546022542e-4 -9.20380321955960312e2 0.00000000000000000e0 -9.69125903793610632e2 5.77538017410006365e-5 -1.04425889992931775e3 3.59712259978550677e-6 -1.09850119880405805e3 -1.20237153566904453e-5 -1.16467095172545487e3 2.66453525910037536e-5 -1.22972059202197647e3 4.89608353859693950e-6 -1.28493537090434961e3 -5.37347943918575681e-6 -1.35920163479852363e3 0.00000000000000000e0 -1.40838957891631321e3 1.27897692436818017e-5 -1.48454685984233925e3 -6.93889390390722838e-6 -1.53648624379165722e3 2.25153229393981780e-5 -1.60585722586148472e3 1.61870516990347824e-5 -1.66755141135510598e3 -8.70414851306122558e-6 -1.72595880414405633e3 9.33697563709756481e-6 -1.79804171569486448e3 9.99200722162640886e-6 -1.84844135997508374e3 -1.06692432666477560e-5 -1.92500700784137302e3 1.13686837721616030e-5 -1.97551235032733530e3 1.20903287381679547e-5
-5.50162152279654038e1 0.00000000000000000e0 -2.01084221274072625e1 5.32907051820075139e-7 -2.12390673937079555e1 -2.77555756156289082e-7 -7.88253773364999546e1 0.00000000000000000e0 -6.40054105716103408e1 5.44009282066326599e-7 -9.52002643384019933e1 -4.97379915032070130e-6 -9.38019809382240055e1 8.99280649946376692e-7 -1.17773286723021883e2 -3.33066907387546920e-6 -1.25079813173556417e2 1.34336985979643920e-6 -1.39230893125841249e2 1.59872115546022521e-6 -1.57165985825713477e2 0.00000000000000000e0 -1.61385129127111810e2 -2.17603712826530640e-6 -1.87439137988576448e2 -2.49800180540660222e-5 -1.86778752464533682e2 2.84217094304040074e-6 -2.13776900181983365e2 -9.62563362350010551e-6 -2.16366584027127800e2 0.00000000000000000e0 -2.36341846893139945e2 0.00000000000000000e0 -2.48687530746138918e2 -8.88178419700125063e-6 -2.57793164593067502e2 9.79216707719387899e-6 -2.80552637121900204e2 2.47180054202544852e-4 -2.81507452903895228e2 5.87307980026707640e-6 -3.08855071029512260e2 -1.34292577058658908e-4 -3.09455910496580998e2 1.38777878078144568e-5 -3.32650962331371147e2 -7.50510764646605906e-6 -3.41060730946196657e2 0.00000000000000000e0 -3.54029856630688755e2 0.00000000000000000e0 -3.73452710533683728e2 0.00000000000000000e0 -3.76529191337127088e2 1.99840144432528177e-5 -4.03089641665133058e2 0.00000000000000000e0 -4.02823894463111344e2 1.13686837721616030e-5 -4.28034854849101976e2 -2.41806574763359095e-5 -1.77635683940025046e-7 -1.32835451260859827e2 3.99680288865056302e-7 -4.13224347539653536e2 0.00000000000000000e0 -2.83414012813842874e2 1.11022302462515633e-6 -3.35031328280166406e2 1.59872115546022521e-6 -4.08911711546888682e2 2.17603712826530640e-6 -4.68023613819923412e2 0.00000000000000000e0 -5.47786389748505712e2 0.00000000000000000e0 -5.99890712660311351e2 4.44089209850062531e-6 -6.85070400174847464e2 0.00000000000000000e0 -7.35146359787108736e2 0.00000000000000000e0 -8.18005081437700596e2 0.00000000000000000e0 -8.74697823327608035e2 0.00000000000000000e0 -9.47110719851096405e2 0.00000000000000000e0 -1.01659462927727873e3 0.00000000000000000e0 -1.07595053820963562e3 0.00000000000000000e0 -1.15709670365227157e3 0.00000000000000000e0 -1.20824860749824120e3 0.00000000000000000e0 -1.29276830129754194e3 -5.32907051820075072e-5 -1.34570343488515914e3 3.91686683087755160e-5 -1.42307949495545904e3 4.29878355134860545e-5 -1.48712068033240962e3 -4.69846384021366112e-5 -1.55150882221732877e3 5.11590769747272066e-5 -1.62880991333436145e3 -2.77555756156289135e-5 -1.68221364318377232e3 6.00408611717284725e-5 -1.76651787188175649e3 -9.71223101942086942e-5 -1.81776122349930324e3 3.48165940522449023e-5 -1.89822830460872865e3 3.73479025483902592e-5 -1.95813223635710187e3 -3.99680288865056355e-5 -2.02684854102574991e3 -4.26769730665910242e-5 -2.10025075375597226e3 4.54747350886464119e-5 -2.15658759140646680e3
1.42108547152020037e-6 2.88286926775072061e1 7.10542735760100186e-7 5.88656405398069182e1 -7.10542735760100186e-7 1.26948739165300140e2 0.00000000000000000e0 6.99808971660331736e1 0.00000000000000000e0 1.33452172690340376e2 2.17603712826530640e-6 1.41459823765899273e2 2.84217094304040074e-6 1.58519478943297514e2 3.59712259978550677e-6 2.00770046143716712e2 4.44089209850062531e-6 1.91623592515899304e2 -1.61204383175572730e-5 2.51633330172751329e2 0.00000000000000000e0 2.37609554121220896e2 -2.25153229393981780e-5 2.92034457860523787e2 0.00000000000000000e0 2.95969438957044417e2 -1.99840144432528177e-5 3.25719824445513950e2 -1.13686837721616030e-5 3.59117297499267295e2 1.28341781646668079e-5 3.61244986724074067e2 -5.75539615965681083e-5 4.17522437634598703e2 -1.60316204755872604e-5 4.06689459886422298e2 -5.32907051820075072e-5 4.65250308878672911e2 0.00000000000000000e0 4.64432702740324942e2 0.00000000000000000e0 5.02986088390944133e2 -2.34923192010683056e-5 5.28230515328686920e2 -2.55795384873636033e-5 5.37961779289997139e2 -1.38777878078144568e-4 5.88450506056048653e2 3.00204305858642362e-5 5.78989496646809016e2 -2.58992827184556518e-4 6.37785802304335789e2 3.48165940522449023e-5 6.31100282144636481e2 0.00000000000000000e0 6.74798037447743582e2 3.99680288865056355e-5 6.90146572956962359e2 8.53539461331820484e-5 7.05352931618108414e2 -5.45696821063756943e-4 7.47229855191378078e2 -1.22227437060473676e2 -2.13162820728030056e-6 -2.36651783325214637e2 0.00000000000000000e0 -5.71438852148276055e2 7.10542735760100186e-7 -4.31169460135549741e2 -2.13162820728030056e-6 -4.49778336175654601e2 7.10542735760100186e-7 -5.93449470143170174e2 -2.13162820728030056e-5 -6.25655044927952986e2 0.00000000000000000e0 -7.60722091719401192e2 -1.55431223447521882e-5 -8.11127476296746750e2 2.68673971959287840e-6 -9.17812201262080293e2 -1.59872115546022521e-6 -1.00330628924893961e3 -3.37729844090972687e-5 -1.07283184220818862e3 0.00000000000000000e0 -1.19182889601887587e3 9.49240686054508842e-5 -1.23640696680915607e3 8.52651282912120223e-6 -1.36774277734730276e3 -1.66844316140668498e-4 -1.41417431023249651e3 0.00000000000000000e0 -1.52933470207727828e3 -8.01581023779363022e-6 -1.60324906719466753e3 -1.02140518265514388e-4 -1.68425877689060121e3 9.79216707719387899e-6 -1.79327408402762921e3 -1.07469588783715136e-5 -1.84418102371353120e3 5.87307980026707640e-6 -1.97349924366818595e3 -6.39488462184090083e-6 -2.01725328281554516e3 -1.38777878078144568e-5 -2.13906464763269378e3 -2.25153229393981780e-5 -2.20365333962746536e3 -7.28417326456565206e-5 -2.29512062155379226e3 -8.70414851306122558e-6 -2.39468116092211812e3 0.00000000000000000e0 -2.45299780252672372e3 9.99200722162640886e-6 -2.57889669619260076e3 6.40154595998865261e-5 -2.62234840633368549e3 -2.27373675443232059e-5 -2.74904623438487761e3 6.04516436908397668e-5
-3.62594251845926792e1 2.77555756156289082e-7 -3.51973886036915857e1 2.77555756156289082e-7 -1.15306860948294343e1 -2.77555756156289082e-7 8.42667602363178325e0 -7.99360577730112603e-7 -5.87571415522347635e1 -1.08801856413265320e-6 -5.19425567890863178e1 -4.97379915032070130e-6 -4.20442916038155090e1 0.00000000000000000e0 -7.65612041764285181e1 0.00000000000000000e0 -5.44733946838959966e1 -1.34336985979643920e-6 -8.73316524430123167e1 0.00000000000000000e0 -7.93108938523800902e1 0.00000000000000000e0 -9.16179111243309450e1 -2.17603712826530640e-6 -1.07545464800296017e2 -3.49720252756924310e-5 -9.83240089347248158e1 2.84217094304040074e-6 -1.30548664856178220e2 -2.24598117881669134e-5 -1.13747293273291902e2 -3.59712259978550677e-6 -1.44426227777216781e2 4.00790511889681511e-6 -1.38255572768031243e2 0.00000000000000000e0 -1.51973100770419450e2 -4.89608353859693950e-6 -1.66412435032015054e2 2.09565698128244521e-4 -1.59997671644873662e2 0.00000000000000000e0 -1.90535159649840523e2 -1.66267000167863416e-4 -1.74596235069657240e2 1.38777878078144568e-5 -2.05884087556285067e2 -1.50102152929321181e-5 -1.97324290240885631e2 -8.09352584951739118e-6 -2.13922021297108245e2 0.00000000000000000e0 -2.24178443630762530e2 1.86739512741951296e-5 -2.20600241629398369e2 4.99600361081320443e-5 -2.48046423401149241e2 1.06692432666477560e-5 -2.32175835312986607e2 3.41060513164848089e-5 -2.63463334704283625e2 -1.20903287381679547e-5 -2.77555756156289082e-7 -1.23497958248730541e2 -3.99680288865056302e-7 -2.83414012813842874e2 7.10542735760100186e-7 -6.48743764264381070e2 1.11022302462515633e-6 -4.51116062105683056e2 1.59872115546022521e-6 -4.41624524871730898e2 2.17603712826530640e-6 -5.71980014996142927e2 2.84217094304040074e-6 -6.21178277115941228e2 1.43884903991420271e-5 -7.09144304389397348e2 -8.88178419700125063e-6 -7.97501622096241590e2 5.37347943918575681e-6 -8.52950200069812922e2 0.00000000000000000e0 -9.63457208513762907e2 7.50510764646605906e-6 -1.00938475768863600e3 8.70414851306122558e-6 -1.11613160463930330e3 0.00000000000000000e0 -1.17742534655462805e3 0.00000000000000000e0 -1.26106004281201194e3 3.85025344940004220e-5 -1.34923556487365181e3 -2.87769807982840541e-5 -1.40757614148778748e3 0.00000000000000000e0 -1.51489459199183307e3 1.77635683940025013e-5 -1.56316586414906283e3 -1.95843341543877580e-5 -1.66924960369740893e3 2.14939177567430272e-5 -1.72925199127815745e3 2.34923192010683056e-5 -1.81586258989341309e3 -2.55795384873636033e-5 -1.90026749891103464e3 -8.32667268468867405e-5 -1.96243135954787840e3 0.00000000000000000e0 -2.06703790034401527e3 -1.61870516990347824e-4 -2.11621421186691759e3 0.00000000000000000e0 -2.22307822280720620e3 -3.73479025483902592e-5 -2.28015763270583693e3 0.00000000000000000e0 -2.37088540654406552e3 8.53539461331820484e-5 -2.45036657133823610e3 -2.27373675443232059e-4 -2.51721011874650458e3
1.11022302462515633e-6 5.72225433703721293e1 -2.22044604925031266e-6 4.47214698606757040e1 -1.11022302462515633e-6 1.26195864869060856e2 1.11022302462515633e-6 1.92714219027223493e2 1.59872115546022521e-6 1.23317125400035351e2 4.35207425653061279e-6 2.00764563862421113e2 2.84217094304040074e-6 2.18097460091826150e2 7.19424519957101353e-6 2.41818872703802839e2 0.00000000000000000e0 2.90411051750982779e2 5.37347943918575681e-6 2.94233335296212260e2 1.27897692436818017e-5 3.53747597570119922e2 -7.50510764646605906e-6 3.58456296067899359e2 -8.70414851306122558e-6 4.09476123008900572e2 -9.99200722162640886e-6 4.31533268852035690e2 1.13686837721616030e-5 4.62746143958803145e2 1.28341781646668079e-5 5.06661210986081244e2 2.87769807982840541e-5 5.20105121848413205e2 3.20632409511745209e-5 5.76801624241340846e2 1.77635683940025013e-5 5.85700539368349951e2 0.00000000000000000e0 6.38623780879754577e2 4.29878355134860545e-5 6.58891026494856419e2 -2.34923192010683056e-5 6.94879085472166366e2 0.00000000000000000e0 7.34132921120789206e2 5.55111512312578270e-5 7.51241176732975305e2 3.00204305858642362e-5 8.04341632199001538e2 9.71223101942086942e-5 8.12470029032397065e2 0.00000000000000000e0 8.64829581348480588e2 0.00000000000000000e0 8.79675872145213589e2 0.00000000000000000e0 9.17299349878497651e2 1.28030919199773052e-4 9.49084585499804234e2 2.27373675443232059e-4 9.67299651077890758e2 -1.68493899943555874e2 0.00000000000000000e0 -2.74825301405101584e2 1.11022302462515633e-6 -4.31169460135549741e2 1.11022302462515633e-6 -9.56962358245050268e2 3.33066907387546920e-6 -6.79657017066403910e2 -1.11022302462515633e-6 -7.07523707843549118e2 7.77156117237609409e-6 -8.79388397834190982e2 1.11022302462515633e-6 -9.43212416171235077e2 7.77156117237609409e-6 -1.09598704334246099e3 4.03010957938931824e-6 -1.18341345110017915e3 0.00000000000000000e0 -1.30747888036353265e3 1.31339383813156036e-5 -1.42532818823148955e3 -4.35207425653061279e-6 -1.52069399650400760e3 -1.32394095686549917e-4 -1.66121442601863123e3 2.84217094304040074e-6 -1.74259894265560433e3 9.94648807761677609e-5 -1.88636759648197449e3 1.07913677993565199e-5 -1.97524728573483776e3 4.00790511889681511e-6 -2.10220978420494475e3 6.21724893790087527e-5 -2.21384416576597641e3 9.79216707719387899e-6 -2.31589580872437682e3 0.00000000000000000e0 -2.45019913318600402e3 5.87307980026707640e-6 -2.53547740576287515e3 -1.27897692436818017e-5 -2.67801084987695458e3 0.00000000000000000e0 -2.76527303832985172e3 2.25153229393981780e-5 -2.89636195667242237e3 4.85611550971043471e-5 -3.00262330599210281e3 0.00000000000000000e0 -3.11073013179452528e3 9.33697563709756481e-6 -3.24011851806638106e3 9.99200722162640886e-6 -3.32904611877182788e3 -4.26769730665910242e-5 -3.47082616527494292e3 0.00000000000000000e0 -3.55686051989323460e3 -4.83613149526718189e-5
-7.30914912594471247e1 -1.19904086659516885e-6 -3.39253493297775250e1 -7.99360577730112603e-7 -1.17437002700171433e2 0.00000000000000000e0 -6.95425383945291600e1 -7.59392548843606989e-6 -3.06052703180625905e1 2.17603712826530640e-6 -1.97910550703284088e2 -1.56319401867222041e-5 -1.18737420962133911e2 0.00000000000000000e0 -1.97130847245929857e2 -9.99200722162640717e-6 -1.81754482575513492e2 4.03010957938931824e-6 -2.12960211065649190e2 3.19744231092045041e-6 -2.46169721407341029e2 -1.68864922045486344e-5 -2.33166845609034141e2 0.00000000000000000e0 -3.03051685968114214e2 -1.32394095686549917e-4 -2.66822953731704615e2 -2.84217094304040074e-6 -3.43765111665561562e2 -6.09623462821673389e-5 -3.17982819586504149e2 3.59712259978550677e-6 -3.68580922582850633e2 -4.00790511889681511e-6 -3.81046240649496326e2 -1.77635683940025013e-5 -3.87984631089466291e2 -9.79216707719387899e-6 -4.43159503094037063e2 7.52287121486006072e-5 -4.15735873104949803e2 4.11115586018695331e-5 -4.91469842245351060e2 1.02318153949454413e-4 -4.60282768699471433e2 -6.93889390390722838e-6 -5.21601761782619633e2 0.00000000000000000e0 -5.19884600613807038e2 0.00000000000000000e0 -5.41401778608729956e2 8.70414851306122558e-6 -5.83368466777755998e2 5.88229465137146581e-4 -5.64875373498807562e2 1.89848137210901768e-4 -6.36486903182742481e2 3.20077297999432631e-5 -6.03024775891469744e2 4.54747350886464119e-5 -6.71086127113085240e2 -8.46323011671756831e-5 -1.59872115546022521e-6 -1.95295833105291166e2 1.19904086659516885e-6 -3.35031328280166406e2 -2.13162820728030056e-6 -4.51116062105683056e2 3.33066907387546920e-6 -1.11576144323777248e3 -1.59872115546022521e-6 -6.97305969921124642e2 4.35207425653061279e-6 -7.32298987315971317e2 0.00000000000000000e0 -8.98451461928128992e2 0.00000000000000000e0 -9.39077282602340688e2 -4.44089209850062531e-6 -1.12345325643525825e3 -1.61204383175572730e-5 -1.15565838338937942e3 -6.39488462184090083e-6 -1.33172948219018053e3 -7.50510764646605906e-6 -1.38981894606260403e3 -2.61124455391836784e-5 -1.52394651897758149e3 -9.99200722162640886e-6 -1.63433533657553198e3 -2.27373675443232059e-5 -1.71415638638983091e3 -2.56683563293336158e-5 -1.87389529173742608e3 -4.31654711974260795e-5 -1.91770041328975776e3 0.00000000000000000e0 -2.09432272857412681e3 -3.55271367880050025e-5 -2.14213474888369456e3 1.95843341543877580e-5 -2.29280495531725137e3 0.00000000000000000e0 -2.38330529733765616e3 -7.04769576032049236e-5 -2.48270509430881202e3 2.55795384873636033e-5 -2.62650885068937987e3 -1.66533453693773481e-4 -2.68070713147494689e3 3.00204305858642362e-5 -2.85452801855878852e3 -3.23741033980695647e-4 -2.89768648755739332e3 1.04449782156734714e-4 -3.05875007254874345e3 7.46958050967805185e-5 -3.13426609666045397e3 0.00000000000000000e0 -3.24998678502552730e3 -4.26769730665910242e-5 -3.37857550221087877e3 -3.18323145620524883e-4 -3.44472378651650115e3
0.00000000000000000e0 7.01934734337328194e1 0.00000000000000000e0 8.95137819867386355e1 3.19744231092045041e-6 9.33620524889988559e1 0.00000000000000000e0 1.94716780299586361e2 -3.19744231092045041e-6 2.86202639188104456e2 4.35207425653061279e-6 1.83094998362776067e2 8.52651282912120223e-6 2.79464258134964837e2 0.00000000000000000e0 3.17118440307240178e2 -8.88178419700125063e-6 3.24614834212866242e2 -1.07469588783715136e-5 4.09826730951579009e2 0.00000000000000000e0 3.92928715642337863e2 -2.25153229393981780e-5 4.82614296348771120e2 0.00000000000000000e0 4.82199627727109032e2 -9.99200722162640886e-6 5.42156720939601655e2 -1.13686837721616030e-5 5.81798849053072217e2 1.28341781646668079e-5 6.01055110882597774e2 -5.75539615965681083e-5 6.77464410436812159e2 3.20632409511745209e-5 6.71989588418853032e2 -1.77635683940025013e-5 7.59058029731196484e2 -1.95843341543877580e-5 7.60145399913980555e2 2.14939177567430272e-5 8.25640271684413278e2 -4.69846384021366112e-5 8.58600115805074779e2 2.55795384873636033e-5 8.86095939678366335e2 -2.49800180540660222e-4 9.54536898367663980e2 -3.00204305858642362e-5 9.52707308143896398e2 -2.26618723786486953e-4 1.03697880380337870e3 3.48165940522449023e-5 1.03350256910328380e3 0.00000000000000000e0 1.10240700568198235e3 -3.99680288865056355e-5 1.12450897457039309e3 1.28030919199773052e-4 1.15750482336807181e3 -5.45696821063756943e-4 1.21462718982723300e3 -1.92624449191214325e2 0.00000000000000000e0 -3.55716652933324383e2 1.59872115546022521e-6 -4.49778336175654601e2 1.59872115546022521e-6 -6.79657017066403910e2 -1.59872115546022521e-6 -1.39979699511627564e3 -6.39488462184090083e-6 -9.80709362563558670e2 -6.39488462184090083e-6 -9.64741022357884503e2 0.00000000000000000e0 -1.20598577244557237e3 -1.27897692436818017e-5 -1.25962701158499590e3 3.19744231092045041e-6 -1.45177933461582120e3 0.00000000000000000e0 -1.56172581426972079e3 -3.56492613207137833e-5 -1.69327190144841234e3 2.17603712826530640e-6 -1.86050560824213539e3 8.24340595784178731e-5 -1.94542242315520753e3 5.68434188608080149e-6 -2.14201254493673332e3 6.41708908233340345e-5 -2.21812047533909117e3 0.00000000000000000e0 -2.40181645771997364e3 -8.01581023779363022e-6 -2.50917684661011708e3 -1.19904086659516893e-4 -2.64913209591099940e3 -4.89608353859693950e-6 -2.80491988355890908e3 1.07469588783715136e-5 -2.90023308728848360e3 -5.87307980026707640e-6 -3.08956759882406050e3 1.91846538655227016e-5 -3.16797399193546835e3 2.08166817117216851e-5 -3.35451652566654002e3 -3.00204305858642362e-5 -3.45467559039747175e3 -1.05215836043726085e-4 -3.60483682704249031e3 -1.74082970261224512e-5 -3.74996401717453364e3 -2.80109269112926961e-5 -3.85508601890016598e3 1.99840144432528177e-5 -4.03837567386489127e3 8.53539461331820484e-5 -4.11904926980177788e3 0.00000000000000000e0 -4.30889917879540008e3 1.20903287381679534e-4
-6.73938990169986454e1 5.44009282066326599e-7 -3.77539150497874161e1 -1.08801856413265320e-6 -5.76073503566476575e1 1.08801856413265320e-6 -1.41497720207439642e2 1.08801856413265320e-6 -3.78167753112279499e1 1.08801856413265320e-6 -2.96825042767068190e1 2.13162820728030056e-6 -1.78989799337614386e2 -1.79856129989275338e-6 -1.39830482792646620e2 1.11022302462515633e-6 -1.57706820935743480e2 -1.34336985979643920e-6 -1.88999334271855417e2 4.79616346638067541e-6 -1.84990928175920970e2 -3.75255382323302953e-6 -2.23998305903805345e2 -2.17603712826530640e-6 -2.24874540499797575e2 7.49400541621980665e-6 -2.53453388276980718e2 5.68434188608080149e-6 -2.68476935616490664e2 9.62563362350010551e-6 -2.83649403698404910e2 0.00000000000000000e0 -3.10084442922686719e2 -4.00790511889681511e-6 -3.18254471309842302e2 4.44089209850062531e-6 -3.47340893824821194e2 0.00000000000000000e0 -3.57458476418770431e2 3.76143560743003036e-5 -3.81192181109213323e2 -1.17461596005341528e-5 -3.98678023971754556e2 4.47641923528863049e-5 -4.14418784089320923e2 6.93889390390722838e-6 -4.38595076923675720e2 0.00000000000000000e0 -4.49503322208499924e2 -1.61870516990347824e-5 -4.75229855867453921e2 0.00000000000000000e0 -4.87070398236255585e2 9.33697563709756481e-6 -5.08783567054749085e2 0.00000000000000000e0 -5.25691810082662414e2 1.06692432666477560e-5 -5.41112992324954689e2 -1.13686837721616030e-5 -5.63055937163881026e2 1.20903287381679547e-5 -1.63202784619897990e-6 -2.03222004369063541e2 -1.08801856413265320e-6 -4.08911711546888682e2 7.10542735760100186e-7 -4.41624524871730898e2 -1.11022302462515633e-6 -6.97305969921124642e2 -6.39488462184090083e-6 -1.51622799799966378e3 -2.17603712826530640e-6 -9.52336530701813899e2 0.00000000000000000e0 -9.37936975986541711e2 -7.19424519957101353e-6 -1.13248181943248460e3 0.00000000000000000e0 -1.20979647076913102e3 0.00000000000000000e0 -1.35723530014786297e3 1.91846538655227016e-5 -1.47247039614661935e3 7.50510764646605906e-6 -1.58977784185942960e3 1.74082970261224512e-5 -1.72656382940727940e3 9.99200722162640886e-6 -1.83160451001640467e3 -4.54747350886464119e-5 -1.97190595010443531e3 0.00000000000000000e0 -2.08096798872681120e3 2.87769807982840541e-5 -2.21193802618646623e3 0.00000000000000000e0 -2.33311610919884015e3 -1.77635683940025013e-5 -2.45178011513136289e3 -1.95843341543877580e-5 -2.58323213153666120e3 0.00000000000000000e0 -2.69525719048813107e3 2.34923192010683056e-5 -2.82898703503064962e3 -2.55795384873636033e-5 -2.94308980658408700e3 -5.55111512312578270e-5 -3.07114954942733266e3 0.00000000000000000e0 -3.19303811850968350e3 3.23741033980695647e-5 -3.31265345163700385e3 0.00000000000000000e0 -3.44185740598357233e3 0.00000000000000000e0 -3.55640185301098199e3 -7.99360577730112709e-5 -3.68764725244830106e3 4.26769730665910242e-5 -3.80335866339009954e3 -4.54747350886464119e-5 -3.93054258680525209e3
-4.35207425653061279e-6 7.26366938152977895e1 0.00000000000000000e0 8.77603194116005483e1 4.35207425653061279e-6 1.50420564093423053e2 4.35207425653061279e-6 1.02402470680829069e2 0.00000000000000000e0 2.71254019201805306e2 4.35207425653061279e-6 3.56815862190273890e2 -5.68434188608080149e-6 2.13592003417417658e2 -3.59712259978550677e-6 3.46301235554236030e2 4.44089209850062531e-6 3.61926015557401058e2 2.14939177567430272e-5 4.01707242669857521e2 6.39488462184090083e-6 4.62028621717180897e2 1.50102152929321181e-5 4.75536374366924917e2 -8.70414851306122558e-6 5.49319449927310188e2 9.99200722162640886e-6 5.63422085519960092e2 -1.13686837721616030e-5 6.29187428402566638e2 0.00000000000000000e0 6.59825784810052937e2 1.43884903991420271e-5 7.07338060679241153e2 1.60316204755872604e-5 7.57559366348914295e2 1.77635683940025013e-5 7.89204028828205196e2 1.95843341543877580e-5 8.50696029841557674e2 2.14939177567430272e-5 8.77331948623271956e2 4.69846384021366112e-5 9.37039732207267548e2 -5.11590769747272066e-5 9.70145380696507686e2 2.77555756156289135e-5 1.01819539404246495e3 3.00204305858642362e-5 1.06304165989890021e3 3.23741033980695647e-5 1.09781974870770659e3 0.00000000000000000e0 1.15104565269197315e3 3.73479025483902592e-5 1.17886747363904487e3 -7.99360577730112709e-5 1.23170523024240811e3 -4.26769730665910242e-5 1.26163704408099875e3 4.54747350886464119e-5 1.30582837213344396e3 -2.42340970357801638e2 0.00000000000000000e0 -4.01098844449165824e2 2.17603712826530640e-6 -5.93449470143170174e2 2.17603712826530640e-6 -7.07523707843549118e2 4.35207425653061279e-6 -9.80709362563558670e2 -2.17603712826530640e-6 -1.99737037060998523e3 0.00000000000000000e0 -1.33336297096775525e3 -4.35207425653061279e-6 -1.34306390249250262e3 0.00000000000000000e0 -1.59934365306924042e3 -4.35207425653061279e-6 -1.69032779684385991e3 2.17603712826530640e-6 -1.90891524667335921e3 2.17603712826530640e-6 -2.03628006523182171e3 0.00000000000000000e0 -2.21726223870177773e3 -2.49800180540660222e-6 -2.38040615219148322e3 5.68434188608080149e-6 -2.53012941584529472e3 -1.92512672470002110e-5 -2.71664678717087281e3 -3.59712259978550677e-6 -2.85237250938763464e3 0.00000000000000000e0 -3.04257260266282947e3 4.44089209850062531e-6 -3.18384547171035547e3 -4.89608353859693950e-6 -3.36104480287424622e3 -5.37347943918575681e-6 -3.51982022106511704e3 -1.17461596005341528e-5 -3.67823284759260969e3 6.39488462184090083e-6 -3.85402424853964430e3 0.00000000000000000e0 -4.00002406197863547e3 -7.50510764646605906e-6 -4.18224179998816271e3 2.42805775485521735e-5 -4.32869918189915370e3 -1.74082970261224512e-5 -4.50455506211255761e3 9.33697563709756481e-6 -4.66222117663228528e3 -9.99200722162640886e-6 -4.82471039120468959e3 -5.33462163332387785e-5 -4.99604015460342089e3 0.00000000000000000e0 -5.14752064191270620e3 -1.08812958643511593e-4
-8.82303694993424870e1 -6.39488462184090167e-6 -4.58927914337436960e1 -7.10542735760100186e-6 -1.00090959165299864e2 -1.42108547152020037e-6 -1.12616702629964024e2 -2.91322521661641076e-5 -1.92228944762007330e2 1.13686837721616030e-5 -1.23674413021745963e2 -7.10542735760100186e-7 -2.36342117432286614e1 1.34892097491956503e-5 -3.27954275336494959e2 -4.10782519111307852e-5 -1.85617876624632999e2 -1.34336985979643920e-6 -2.72776677245900601e2 -4.79616346638067541e-6 -2.93379848415042886e2 -7.69273533762771102e-5 -2.69079963999274753e2 1.08801856413265324e-5 -3.82077172567107880e2 7.49400541621980665e-6 -2.96342740346844380e2 3.69482222595252097e-5 -4.36988034380192403e2 -1.66844316140668498e-4 -3.61086214439865159e2 7.19424519957101353e-6 -4.57667649378379281e2 -4.00790511889681511e-6 -4.52890056079624514e2 -1.11022302462515640e-4 -4.64151952428437596e2 1.46882506157908176e-5 -5.46106004817303756e2 -5.37347943918575681e-6 -4.84285758695079892e2 1.70319314207745211e-4 -6.14100617690737977e2 3.83693077310454033e-5 -5.36621038804696468e2 2.08166817117216851e-5 -6.46125181136270044e2 -3.75255382323302978e-5 -6.19836273330065637e2 -3.23741033980695647e-5 -6.55658406767400948e2 8.70414851306122558e-6 -7.13168733312841027e2 1.40054634556463470e-4 -6.69541301778764250e2 6.99440505513848620e-4 -7.88539313845149081e2 6.08146866198921998e-4 -7.10297956807437572e2 1.70530256582424045e-4 -8.28611518954858184e2 -1.69264602334351366e-4 -7.10542735760100186e-6 -2.55605362298183536e2 7.10542735760100186e-6 -4.68023613819923412e2 -2.13162820728030056e-5 -5.71980014996142927e2 7.77156117237609409e-6 -7.32298987315971317e2 -6.39488462184090083e-6 -9.52336530701813899e2 0.00000000000000000e0 -2.11505856100302481e3 -2.84217094304040074e-6 -1.30861275575711011e3 -3.59712259978550677e-6 -1.23454490852381559e3 -4.44089209850062531e-6 -1.56213097700641492e3 -2.14939177567430272e-5 -1.53349673279734566e3 6.39488462184090083e-6 -1.83969396612138098e3 0.00000000000000000e0 -1.86200251506285463e3 -8.70414851306122558e-6 -2.08480943758582180e3 -2.99760216648792266e-5 -2.21367915003156668e3 -1.13686837721616030e-5 -2.32268001789659411e3 0.00000000000000000e0 -2.55806733036045807e3 -8.63309423948521590e-5 -2.58476196131063307e3 4.80948614267617813e-5 -2.86570055241241971e3 -1.06581410364015014e-4 -2.88856490766597972e3 1.95843341543877580e-5 -3.12870896768124840e3 -2.14939177567430272e-5 -3.22824749864336536e3 -7.04769576032049236e-5 -3.37116266422299259e3 -5.11590769747272066e-5 -3.57534286204996852e3 -2.77555756156289135e-4 -3.62584977402491450e3 1.20081722343456945e-4 -3.89539862176713223e3 -4.20863344174904341e-4 -3.91613378489807883e3 6.96331881044898047e-5 -4.16973525386721212e3 -3.73479025483902592e-5 -4.24573748158962917e3 7.99360577730112709e-5 -4.41658646841425252e3 -4.26769730665910242e-5 -4.59292873529193457e3 -5.00222085975110531e-4 -4.66695493470670135e3
2.84217094304040074e-6 1.01469214541793917e2 2.84217094304040074e-6 1.17772702878937707e2 2.84217094304040074e-6 1.77231461861993012e2 5.68434188608080149e-6 2.33298780472068756e2 -2.84217094304040074e-6 1.82259682901531050e2 5.68434188608080149e-6 4.05900755140464753e2 0.00000000000000000e0 5.04195202211121796e2 3.59712259978550677e-6 3.30650962609979615e2 -8.88178419700125063e-6 4.84667654632175982e2 5.37347943918575681e-6 5.26353213103902817e2 -6.39488462184090083e-6 5.56546501684351824e2 -7.50510764646605906e-6 6.50179981676046737e2 0.00000000000000000e0 6.57217427146861155e2 0.00000000000000000e0 7.52605015463814198e2 0.00000000000000000e0 7.76030386961945510e2 0.00000000000000000e0 8.45949447692006970e2 -4.31654711974260795e-5 9.00948674720236568e2 3.20632409511745209e-5 9.41724702663293442e2 -3.55271367880050025e-5 1.02069641069180125e3 -1.95843341543877580e-5 1.04757649594944269e3 2.14939177567430272e-5 1.12942792612757944e3 -2.34923192010683056e-5 1.16338747275790388e3 5.11590769747272066e-5 1.22883893338698863e3 -8.32667268468867405e-5 1.28277915312224900e3 0.00000000000000000e0 1.32564418342528961e3 -6.47482067961391294e-5 1.39722379586260081e3 -6.96331881044898047e-5 1.42665973759115150e3 -3.73479025483902592e-5 1.50096763018581214e3 3.99680288865056355e-5 1.53332460935962104e3 -4.26769730665910242e-5 1.59435121531714685e3 -9.09494701772928238e-5 1.64193945060286933e3 -2.64855881937364757e2 2.84217094304040074e-6 -4.80921724488325708e2 0.00000000000000000e0 -6.25655044927952986e2 2.84217094304040074e-6 -8.79388397834190982e2 0.00000000000000000e0 -9.64741022357884503e2 0.00000000000000000e0 -1.33336297096775525e3 -2.84217094304040074e-6 -2.61981462017502054e3 5.68434188608080149e-6 -1.72949521863863220e3 2.84217094304040074e-6 -1.69367062596847950e3 -5.68434188608080149e-6 -2.00931548914873292e3 -8.52651282912120223e-6 -2.10246294614080352e3 2.84217094304040074e-6 -2.34725122103540707e3 -2.84217094304040074e-6 -2.50585929340019175e3 -1.13686837721616030e-5 -2.69001978692173816e3 5.68434188608080149e-6 -2.89920409386468236e3 -9.62563362350010551e-6 -3.04682337226580512e3 -3.59712259978550677e-6 -3.27518067386733901e3 4.00790511889681511e-6 -3.42095472465331341e3 -1.77635683940025013e-5 -3.63570793027179161e3 4.89608353859693950e-6 -3.80627499678709501e3 -5.37347943918575681e-6 -3.99043636392093458e3 -5.87307980026707640e-6 -4.19162985676457720e3 6.39488462184090083e-6 -4.35055509058201915e3 -6.93889390390722838e-6 -4.56751964028612201e3 1.50102152929321181e-5 -4.72248367486827283e3 -1.61870516990347824e-5 -4.93199921023368461e3 -1.74082970261224512e-5 -5.10428795479356177e3 0.00000000000000000e0 -5.29076938322603382e3 9.99200722162640886e-6 -5.48806867950446576e3 6.40154595998865261e-5 -5.65262875671379607e3 1.13686837721616030e-5 -5.86534661124460399e3 1.93445259810687276e-4
-1.02316521954914904e2 8.99280649946376692e-7 -5.09121130254364047e1 0.00000000000000000e0 -1.11552456172336875e2 0.00000000000000000e0 -1.44884926278621123e2 8.99280649946376692e-7 -1.32021481746846774e2 -8.99280649946376692e-7 -3.06046126308245846e2 1.79856129989275338e-6 -1.02417826042255911e2 8.99280649946376692e-7 -9.91348859002982721e1 2.22044604925031266e-6 -3.70336432631290734e2 1.34336985979643920e-6 -2.76940049115381726e2 4.79616346638067541e-6 -3.31386182494952607e2 1.87627691161651477e-6 -3.61065002474347864e2 -2.17603712826530640e-6 -3.69751680473484555e2 3.74700270810990332e-5 -4.26315333035276467e2 -2.84217094304040074e-6 -4.26303586209542118e2 2.56683563293336158e-5 -4.81704374832858605e2 -3.59712259978550677e-6 -4.91546688152766308e2 0.00000000000000000e0 -5.32906470995797577e2 4.44089209850062531e-6 -5.59137465216963278e2 9.79216707719387899e-6 -5.84863950470193458e2 1.50457424297201214e-4 -6.24232549739645037e2 -1.17461596005341528e-5 -6.40846834532027060e2 1.02318153949454413e-4 -6.84410122175904576e2 6.93889390390722838e-6 -7.01444707873477569e2 7.50510764646605906e-6 -7.40043871338969097e2 0.00000000000000000e0 -7.64614520099016204e2 -8.70414851306122558e-6 -7.93580895219747504e2 9.33697563709756481e-6 -8.27118414425953461e2 -9.99200722162640886e-6 -8.47985601737377692e2 0.00000000000000000e0 -8.86339873229502587e2 -1.13686837721616030e-5 -9.05034357856493443e2 1.20903287381679547e-5 1.79856129989275338e-6 -2.87955301703224336e2 8.99280649946376692e-7 -5.47786389748505712e2 0.00000000000000000e0 -6.21178277115941228e2 1.11022302462515633e-6 -8.98451461928128992e2 0.00000000000000000e0 -9.37936975986541711e2 -4.35207425653061279e-6 -1.30861275575711011e3 5.68434188608080149e-6 -2.75029292180484163e3 3.59712259978550677e-6 -1.65985709732474584e3 4.44089209850062531e-6 -1.61358339944017712e3 1.07469588783715136e-5 -1.89539071477895482e3 -6.39488462184090083e-6 -1.98247896181502665e3 0.00000000000000000e0 -2.20701455524441280e3 -8.70414851306122558e-6 -2.34053924241806044e3 -1.99840144432528177e-5 -2.52429121587738337e3 1.13686837721616030e-5 -2.69268979470327304e3 3.85025344940004220e-5 -2.84875492635450155e3 0.00000000000000000e0 -3.03663718375091184e3 0.00000000000000000e0 -3.18197241000461827e3 3.55271367880050025e-5 -3.37231916621716300e3 -3.91686683087755160e-5 -3.52249775064095138e3 -6.44817532702290919e-5 -3.70254547159554068e3 0.00000000000000000e0 -3.86616463003974741e3 0.00000000000000000e0 -4.03177741192806161e3 5.55111512312578270e-5 -4.20845239776923609e3 -6.00408611717284725e-5 -4.36412145281561698e3 0.00000000000000000e0 -4.54643194789383597e3 3.48165940522449023e-5 -4.70137147962068593e3 0.00000000000000000e0 -4.87981631103195923e3 -7.99360577730112709e-5 -5.04199423908557947e3 -4.26769730665910242e-5 -5.21087764582262025e3 0.00000000000000000e0 -5.38294790222160191e3
0.00000000000000000e0 9.47823351804544103e1 -3.59712259978550677e-6 1.21982948941834465e2 0.00000000000000000e0 1.86487929099143884e2 3.59712259978550677e-6 2.03198998827147619e2 3.59712259978550677e-6 2.98214927552109486e2 0.00000000000000000e0 2.01178232472898316e2 -3.59712259978550677e-6 4.78228071942865483e2 -3.59712259978550677e-6 6.07332298452334271e2 4.44089209850062531e-6 3.35369427029164001e2 -2.68673971959287849e-5 5.73303072615161000e2 0.00000000000000000e0 5.58659175720066401e2 -1.50102152929321181e-5 6.36681020305118636e2 1.74082970261224512e-5 7.07561148471924525e2 9.99200722162640886e-6 7.21404523718049859e2 -1.13686837721616030e-5 8.38098572941703310e2 -1.28341781646668079e-5 8.26619895732960572e2 -7.19424519957101303e-5 9.50884066375223824e2 -4.80948614267617813e-5 9.51717695762965718e2 -1.24344978758017505e-4 1.04913032771269923e3 -3.91686683087755160e-5 1.08951737347595667e3 4.29878355134860545e-5 1.14136118443131068e3 -7.04769576032049236e-5 1.22581956105705081e3 7.67386154620908065e-5 1.23895958770159359e3 -3.05311331771918049e-4 1.34806105611673411e3 0.00000000000000000e0 1.34976447678791806e3 -3.88489240776834777e-4 1.45149260379895372e3 3.48165940522449023e-5 1.47393406838558485e3 -7.46958050967805185e-5 1.53995273532991928e3 0.00000000000000000e0 1.60060542286899499e3 -4.26769730665910242e-5 1.62439719133544713e3 -7.27595761418342590e-4 1.71648228780574277e3 -3.13016712949476471e2 -1.07913677993565199e-5 -5.29430820783716058e2 0.00000000000000000e0 -7.60722091719401192e2 1.43884903991420271e-5 -9.43212416171235077e2 0.00000000000000000e0 -1.20598577244557237e3 -7.19424519957101353e-6 -1.34306390249250262e3 -3.59712259978550677e-6 -1.72949521863863220e3 3.59712259978550677e-6 -3.41952514624210789e3 -3.59712259978550677e-6 -2.19358580633155452e3 0.00000000000000000e0 -2.16086325690589820e3 0.00000000000000000e0 -2.52849140665034565e3 -1.79856129989275326e-5 -2.60681181156741150e3 -7.19424519957101353e-6 -2.93758516409781078e3 2.15827355987130398e-5 -3.05474787465342979e3 0.00000000000000000e0 -3.33633788613951765e3 3.95683485976405723e-5 -3.51141802932275414e3 7.19424519957101353e-6 -3.72960669707822444e3 4.00790511889681511e-6 -3.96697661626532727e3 -2.48689957516035011e-4 -4.13046192804244947e3 -9.79216707719387899e-6 -4.40872070490705300e3 0.00000000000000000e0 -4.54981770143802987e3 5.87307980026707640e-6 -4.82994342054787649e3 6.39488462184090083e-6 -4.98932829771092565e3 6.93889390390722838e-6 -5.23377644001676890e3 -6.00408611717284725e-5 -5.44076549591210369e3 -1.86151094538899997e-4 -5.63351061360073436e3 8.70414851306122558e-6 -5.88905816272244829e3 9.33697563709756481e-6 -6.04471649658932984e3 9.99200722162640886e-6 -6.32150280122090226e3 6.40154595998865261e-5 -6.47544549190470843e3 0.00000000000000000e0 -6.73460071993758902e3 -1.32993616119847502e-4
-1.02780869370988611e2 -6.66133814775093840e-6 -5.61666435583418817e1 -3.33066907387546920e-6 -9.68475200036067321e1 -3.33066907387546920e-6 -1.47389406235376413e2 -2.22044604925031274e-5 -1.37629042562537023e2 8.88178419700125063e-6 -2.01886879924728618e2 -5.32907051820075072e-5 -2.99864737485222577e2 1.44328993201270333e-5 -1.51477929799526095e2 -4.88498130835068810e-5 -4.18454781936361471e1 -5.37347943918575681e-6 -4.45287500605573371e2 -3.19744231092045041e-6 -2.93790854044573223e2 -1.01318953227291799e-4 -3.31523585384019327e2 2.17603712826530648e-5 -4.29157285175563118e2 9.99200722162640886e-6 -3.32716824091860985e2 4.83169060316868126e-5 -5.10676511566998670e2 -1.76469949764168605e-4 -3.94301773409821919e2 1.79856129989275326e-5 -5.40336231757976179e2 -4.00790511889681511e-6 -5.00197636688071157e2 -1.50990331349021262e-4 -5.42933715763638133e2 2.93765012315816353e-5 -6.16546487464120105e2 1.07469588783715136e-5 -5.55718988870523845e2 2.29050112210415992e-4 -7.06061042787808674e2 3.83693077310454033e-5 -6.06748469067497240e2 3.46944695195361419e-5 -7.50029233165250275e2 -4.50306458787963561e-5 -6.99321877739578326e2 -8.09352584951739118e-5 -7.60866149285277515e2 0.00000000000000000e0 -8.10200491940804454e2 5.60218538225853923e-5 -7.70742315747696580e2 -9.99200722162640886e-6 -9.03857548806286104e2 5.44131406599035472e-4 -8.09950054581065729e2 1.81898940354585648e-4 -9.55527775658993050e2 -1.57174273596183411e-4 -6.66133814775093840e-6 -3.14174883886408850e2 6.66133814775093840e-6 -5.99890712660311351e2 -1.55431223447521882e-5 -7.09144304389397348e2 7.77156117237609409e-6 -9.39077282602340688e2 -1.27897692436818017e-5 -1.13248181943248460e3 0.00000000000000000e0 -1.23454490852381559e3 2.84217094304040074e-6 -1.65985709732474584e3 -3.59712259978550677e-6 -3.41304862150337794e3 8.88178419700125063e-6 -2.10068717330091886e3 -2.14939177567430272e-5 -1.88487631582745485e3 1.27897692436818017e-5 -2.35731596628374655e3 -1.50102152929321181e-5 -2.31055910813182618e3 -1.74082970261224512e-5 -2.66069158205706208e3 0.00000000000000000e0 -2.76158324652442388e3 0.00000000000000000e0 -2.94963518485680197e3 -2.56683563293336158e-5 -3.20924239503028684e3 -8.63309423948521590e-5 -3.26450788376009268e3 3.20632409511745209e-5 -3.61251373259818774e3 -1.42108547152020010e-4 -3.63341494361568630e3 1.95843341543877580e-5 -3.95574390714692436e3 2.14939177567430272e-5 -4.05426887447601803e3 4.69846384021366112e-5 -4.26445777890194131e3 5.11590769747272066e-5 -4.49304504712699782e3 -3.60822483003175876e-4 -4.57998008318583106e3 1.20081722343456945e-4 -4.90449814590787628e3 -6.15107964563321730e-4 -4.93617036401161567e3 3.48165940522449023e-5 -5.26057696532688988e3 0.00000000000000000e0 -5.34326434098453228e3 -3.99680288865056355e-5 -5.57789783468543101e3 8.53539461331820484e-5 -5.77788043756299885e3 -6.82121026329696178e-4 -5.89247609106280379e3
0.00000000000000000e0 1.24885901620075387e2 -4.44089209850062531e-6 1.43797391771727206e2 0.00000000000000000e0 2.31208145962114003e2 -8.88178419700125063e-6 2.69852731271669143e2 1.33226762955018768e-5 3.19172954732493906e2 4.44089209850062531e-6 4.20147636681633628e2 4.44089209850062531e-6 3.01312814698917407e2 1.33226762955018768e-5 6.59217160858815873e2 8.88178419700125063e-6 7.90890744006844557e2 1.61204383175572730e-5 4.83182636124013186e2 6.39488462184090083e-6 7.43969508221198225e2 3.00204305858642362e-5 7.57969349507447873e2 2.61124455391836784e-5 8.24861108306151777e2 0.00000000000000000e0 9.29372507840753201e2 2.27373675443232059e-5 9.38266424554967557e2 -2.56683563293336158e-5 1.07362163159763190e3 4.31654711974260795e-5 1.07605183430337070e3 0.00000000000000000e0 1.19935383846581067e3 7.10542735760100050e-5 1.22979789601851394e3 -1.95843341543877580e-5 1.31505155867017720e3 -2.14939177567430272e-5 1.38762803039149640e3 0.00000000000000000e0 1.43230892106771512e3 0.00000000000000000e0 1.53719590528789149e3 2.49800180540660222e-4 1.55958883762963319e3 3.00204305858642362e-5 1.67083726954064809e3 3.88489240776834777e-4 1.69813064907486910e3 0.00000000000000000e0 1.78822698568836790e3 3.73479025483902592e-5 1.84240268041868671e3 7.99360577730112709e-5 1.89788279340019653e3 0.00000000000000000e0 1.98244171087935683e3 5.45696821063756943e-4 2.01011204971068832e3 -3.40374328722248208e2 -4.44089209850062531e-6 -6.02861534026999266e2 4.44089209850062531e-6 -8.11127476296746750e2 -8.88178419700125063e-6 -1.09598704334246099e3 -4.44089209850062531e-6 -1.25962701158499590e3 0.00000000000000000e0 -1.59934365306924042e3 -4.44089209850062531e-6 -1.69367062596847950e3 4.44089209850062531e-6 -2.19358580633155452e3 8.88178419700125063e-6 -4.23293805340563176e3 -8.88178419700125063e-6 -2.69947289917027410e3 -4.44089209850062531e-6 -2.61520828033212592e3 8.88178419700125063e-6 -3.04232559060757558e3 8.88178419700125063e-6 -3.12735831080601611e3 2.08721928629529402e-4 -3.47990921079066584e3 0.00000000000000000e0 -3.63495000783586875e3 2.13162820728030029e-4 -3.91516089370824648e3 0.00000000000000000e0 -4.14174370959585667e3 1.33226762955018768e-5 -4.35605748827505522e3 1.95399252334027524e-4 -4.63686459895029566e3 4.89608353859693950e-6 -4.81288971796445185e3 -5.37347943918575681e-6 -5.11286334354821247e3 5.87307980026707640e-6 -5.28933640380202360e3 -6.39488462184090083e-6 -5.57104642098238310e3 0.00000000000000000e0 -5.78049630384214197e3 5.25357535252624143e-5 -6.02054944138785777e3 1.29496413592278259e-4 -6.27420700474168370e3 -8.70414851306122558e-6 -6.47459636482494625e3 9.33697563709756481e-6 -6.75796716915755133e3 9.99200722162640886e-6 -6.94301708126232643e3 -4.26769730665910242e-5 -7.22630099794230409e3 -3.41060513164848089e-5 -7.42747324693482369e3 1.20903287381679534e-4
-1.34943512097862595e2 1.34336985979643920e-6 -6.53207320788773416e1 -1.34336985979643920e-6 -1.58606386468918004e2 -1.34336985979643920e-6 -1.74020554799536569e2 0.00000000000000000e0 -2.05200602110266999e2 1.34336985979643920e-6 -2.94601315609099800e2 -1.34336985979643920e-6 -2.38717328215898306e2 0.00000000000000000e0 -5.23198956958736858e2 -1.34336985979643920e-6 -1.90157818380498583e2 0.00000000000000000e0 -1.83882352500219753e2 0.00000000000000000e0 -6.18726944878744575e2 -1.87627691161651477e-6 -4.35669247345060796e2 4.35207425653061279e-6 -5.51283312866246320e2 -6.49480469405716576e-5 -5.55866582763187012e2 5.68434188608080149e-6 -5.94239759266201872e2 -3.85025344940004220e-5 -6.55541264604764137e2 -3.59712259978550677e-6 -6.57977752283045334e2 4.00790511889681511e-6 -7.43362113864165508e2 -1.33226762955018768e-5 -7.34847613870215241e2 4.89608353859693950e-6 -8.20728818906601873e2 1.45083944858015457e-4 -8.22266116173864134e2 2.34923192010683056e-5 -8.89567394501966419e2 -3.45323769579408636e-4 -9.15726886319134678e2 6.93889390390722838e-6 -9.54528012186983688e2 2.25153229393981780e-5 -1.00875956743351492e3 -8.09352584951739118e-6 -1.02255020331121216e3 0.00000000000000000e0 -1.09495486526611762e3 9.33697563709756481e-6 -1.09893144455419633e3 7.99360577730112709e-5 -1.17062379789700799e3 1.06692432666477560e-5 -1.18411563612141890e3 5.68434188608080149e-5 -1.23699242067232262e3 -8.46323011671756831e-5 -1.34336985979643920e-6 -3.70716963116191039e2 1.34336985979643920e-6 -6.85070400174847464e2 2.68673971959287840e-6 -7.97501622096241590e2 4.03010957938931824e-6 -1.12345325643525825e3 3.19744231092045041e-6 -1.20979647076913102e3 -4.35207425653061279e-6 -1.56213097700641492e3 -5.68434188608080149e-6 -1.61358339944017712e3 0.00000000000000000e0 -2.10068717330091886e3 -8.88178419700125063e-6 -4.34716122317269037e3 5.37347943918575681e-6 -2.54911772170629501e3 -6.39488462184090083e-6 -2.46192413613233202e3 -1.50102152929321181e-5 -2.83450001399287930e3 0.00000000000000000e0 -2.92103224858175645e3 -1.99840144432528177e-5 -3.23821043082261895e3 0.00000000000000000e0 -3.36700797212152702e3 2.56683563293336158e-5 -3.64379245256785043e3 -2.87769807982840541e-5 -3.81450519241210986e3 -4.80948614267617813e-5 -4.04813564003347847e3 1.77635683940025013e-5 -4.26099501972254529e3 1.95843341543877580e-5 -4.45470540659798007e3 -1.07469588783715140e-4 -4.70154449961901355e3 4.69846384021366112e-5 -4.87075849733287123e3 -2.55795384873636033e-5 -5.13165650944946719e3 -8.32667268468867405e-5 -5.29948758587473003e3 3.00204305858642362e-5 -5.54961575504053781e3 -1.61870516990347824e-4 -5.73796458080977209e3 3.48165940522449023e-5 -5.95851806037828101e3 -3.73479025483902592e-5 -6.17981570916192868e3 1.59872115546022542e-4 -6.36908724127582900e3 0.00000000000000000e0 -6.61693688925879542e3 -3.18323145620524883e-4 -6.78966089111554538e3
0.00000000000000000e0 1.23954612307741726e2 0.00000000000000000e0 1.57034622239038413e2 -5.37347943918575681e-6 2.33518552317235589e2 0.00000000000000000e0 2.82635453707769102e2 -1.61204383175572730e-5 3.50093840539855648e2 -1.07469588783715136e-5 3.91383882236695456e2 0.00000000000000000e0 4.92120581885302443e2 -2.68673971959287849e-5 3.71346596539368022e2 0.00000000000000000e0 7.52164246131670097e2 -6.98552327094148495e-5 9.54290673638169437e2 -6.39488462184090083e-6 5.16014800666653173e2 -5.25357535252624143e-5 8.69371842426858052e2 -2.61124455391836784e-5 8.51477204788508743e2 -2.99760216648792266e-5 9.25602102164191251e2 -2.27373675443232059e-5 1.06480037826983676e3 1.28341781646668079e-5 1.02350833226516602e3 -2.01438865587988376e-4 1.23316122584427035e3 3.20632409511745209e-5 1.16689596101338111e3 -1.59872115546022515e-4 1.35909736243000611e3 -3.91686683087755160e-5 1.34952997363768645e3 0.00000000000000000e0 1.45690084806249183e3 0.00000000000000000e0 1.54442386559594502e3 0.00000000000000000e0 1.55422145986516830e3 -6.66133814775093924e-4 1.72062190215704936e3 0.00000000000000000e0 1.67693019720305256e3 -7.76978481553669553e-4 1.85910027123981058e3 0.00000000000000000e0 1.83524488578390401e3 -1.12043707645170785e-4 1.96034182886606345e3 -3.99680288865056355e-5 2.01246198403559629e3 -4.26769730665910242e-5 2.04605091767007252e3 -1.77351466845721006e-3 2.17971895343227470e3 -3.80636531094324880e2 1.07469588783715136e-5 -6.60592381063196399e2 0.00000000000000000e0 -9.17812201262080293e2 5.37347943918575681e-6 -1.18341345110017915e3 -1.61204383175572730e-5 -1.45177933461582120e3 0.00000000000000000e0 -1.69032779684385991e3 -2.14939177567430272e-5 -2.00931548914873292e3 1.07469588783715136e-5 -2.16086325690589820e3 -2.14939177567430272e-5 -2.69947289917027410e3 5.37347943918575681e-6 -5.18588003064479562e3 -5.37347943918575681e-6 -3.28985829298744602e3 -5.91082738310433274e-5 -3.12856685011908621e3 0.00000000000000000e0 -3.67928628772773391e3 1.07469588783715136e-5 -3.68751659207688954e3 1.07469588783715136e-5 -4.16254954416217515e3 5.37347943918575681e-6 -4.26497637673328609e3 0.00000000000000000e0 -4.61973690022432402e3 -4.29878355134860545e-5 -4.85886895242870742e3 5.37347943918575681e-6 -5.07518517878224793e3 0.00000000000000000e0 -5.43776732242484559e3 3.11661807472773944e-4 -5.56132847808754559e3 1.46826995006676898e-4 -5.97489703868525430e3 4.09272615797817653e-4 -6.09488863858587047e3 5.55111512312578270e-5 -6.46493872324960284e3 -1.12576614696990887e-4 -6.66743529347258027e3 0.00000000000000000e0 -6.93067304826655618e3 8.70414851306122558e-6 -7.24753164647040558e3 9.33697563709756481e-6 -7.40878902991681662e3 2.99760216648792266e-4 -7.80074029371746747e3 2.13384865332955114e-4 -7.92611424671463374e3 1.47792889038100839e-4 -8.30921362648950890e3 3.62709862145038642e-5
-1.22656014944766397e2 -1.59872115546022521e-6 -6.69750814807912178e1 3.19744231092045041e-6 -1.09181294405402681e2 -4.79616346638067541e-6 -1.81414104538646342e2 -1.59872115546022521e-6 -1.39358977158110491e2 -1.59872115546022521e-6 -2.64181121689688268e2 -3.19744231092045041e-6 -2.25223715233369148e2 -1.59872115546022521e-6 -2.86963509354975997e2 -7.99360577730112540e-6 -4.90042899592424362e2 -3.19744231092045041e-6 -1.62599424413656379e2 -1.59872115546022521e-6 -1.07722189568448798e2 -1.31339383813156036e-5 -6.01872505479050915e2 6.52811138479591961e-6 -4.36620100252582631e2 -9.74220704108574864e-5 -4.53853604698295499e2 1.13686837721616030e-5 -5.76840955091029173e2 -5.77538017410006365e-5 -4.81448486988611478e2 -3.59712259978550677e-6 -6.47557737032400269e2 8.01581023779363022e-6 -5.74380369355864673e2 -2.22044604925031274e-5 -6.75966660423909957e2 1.46882506157908176e-5 -6.95359331714939685e2 3.22408766351145459e-5 -6.97819814376998579e2 7.04769576032049236e-5 -8.05527099423386289e2 9.59232693276135115e-5 -7.44927959317465024e2 6.93889390390722838e-6 -8.79590178470834871e2 -3.00204305858642362e-5 -8.29279030867269398e2 -1.61870516990347824e-5 -9.19087165973664355e2 -1.74082970261224512e-5 -9.37748716722808126e2 3.64142049846805039e-4 -9.46817321656467811e2 3.29736238313671493e-4 -1.04151739233060425e3 3.20077297999432631e-5 -9.90254333688156521e2 7.95807864051312208e-5 -1.11559875222155824e3 -3.62709862145038642e-5 0.00000000000000000e0 -3.78771054521109761e2 -3.19744231092045041e-6 -7.35146359787108736e2 -1.59872115546022521e-6 -8.52950200069812922e2 0.00000000000000000e0 -1.15565838338937942e3 0.00000000000000000e0 -1.35723530014786297e3 2.17603712826530640e-6 -1.53349673279734566e3 -8.52651282912120223e-6 -1.89539071477895482e3 0.00000000000000000e0 -1.88487631582745485e3 -4.44089209850062531e-6 -2.54911772170629501e3 -5.37347943918575681e-6 -5.08464114972184598e3 0.00000000000000000e0 -3.04356376450432072e3 -7.50510764646605906e-6 -2.75077388462996396e3 0.00000000000000000e0 -3.28880623734484334e3 2.99760216648792266e-5 -3.30022538435059687e3 -2.27373675443232059e-5 -3.64720082682845577e3 -2.56683563293336158e-5 -3.84225261647053094e3 -5.75539615965681083e-5 -4.02187952175392365e3 0.00000000000000000e0 -4.35091927375452724e3 -5.32907051820075072e-5 -4.44295263749561127e3 -1.95843341543877580e-5 -4.80358661403279530e3 -2.14939177567430272e-5 -4.91820895606176327e3 -2.34923192010683056e-5 -5.21277617551163439e3 7.67386154620908065e-5 -5.42420825616618549e3 -1.38777878078144568e-4 -5.61172811806010031e3 3.00204305858642362e-5 -5.92078353934821826e3 -3.23741033980695647e-4 -6.03531575453786081e3 3.48165940522449023e-5 -6.37668555059089795e3 -1.12043707645170785e-4 -6.50140848157398887e3 0.00000000000000000e0 -6.79512801723403209e3 -4.26769730665910242e-5 -6.99851542549367878e3 -3.63797880709171295e-4 -7.19999351839195606e3
0.00000000000000000e0 1.42576702444330266e2 1.27897692436818017e-5 1.68755710205914482e2 1.27897692436818017e-5 2.73758251267963658e2 -6.39488462184090083e-6 3.02961847609139966e2 0.00000000000000000e0 4.03907154122862210e2 1.91846538655227016e-5 4.49088056342361540e2 1.27897692436818017e-5 5.06867993976811647e2 1.27897692436818017e-5 6.32329593486247063e2 0.00000000000000000e0 4.53872107897268450e2 2.55795384873636033e-5 9.55320392392877579e2 -6.39488462184090083e-6 1.13014264826460908e3 3.75255382323302978e-5 6.61204358465283690e2 0.00000000000000000e0 1.02810853590540296e3 0.00000000000000000e0 1.03817187167010138e3 1.13686837721616030e-5 1.10654015870181843e3 -1.28341781646668079e-5 1.25938831843086496e3 1.00719432793994188e-4 1.23595301033674309e3 0.00000000000000000e0 1.43192100736655425e3 1.06581410364015014e-4 1.40589124981715918e3 0.00000000000000000e0 1.56902475652032058e3 0.00000000000000000e0 1.60134261690814105e3 2.34923192010683056e-5 1.69061192565322904e3 0.00000000000000000e0 1.79835282082541084e3 3.88578058618804789e-4 1.81932040952403918e3 3.00204305858642362e-5 1.97414372089532731e3 4.53237447572973906e-4 1.96924303654810706e3 0.00000000000000000e0 2.11749329336319261e3 3.73479025483902592e-5 2.14057368830289352e3 3.99680288865056355e-5 2.23716472927959512e3 0.00000000000000000e0 2.31853800869430415e3 1.00044417195022106e-3 2.35244452118088520e3 -4.17731430246703837e2 -1.27897692436818017e-5 -7.22836274036353529e2 0.00000000000000000e0 -1.00330628924893961e3 0.00000000000000000e0 -1.30747888036353265e3 -6.39488462184090083e-6 -1.56172581426972079e3 1.91846538655227016e-5 -1.90891524667335921e3 6.39488462184090083e-6 -2.10246294614080352e3 -6.39488462184090083e-6 -2.52849140665034565e3 1.27897692436818017e-5 -2.61520828033212592e3 -6.39488462184090083e-6 -3.28985829298744602e3 0.00000000000000000e0 -6.21049503024550995e3 1.91846538655227016e-5 -3.91380823590026284e3 6.39488462184090083e-6 -3.71687475269055722e3 1.91846538655227023e-4 -4.30201667289686884e3 -6.39488462184090083e-6 -4.35038665500542265e3 1.98241423277067925e-4 -4.81906357845396269e3 -6.39488462184090083e-6 -4.98527826859884681e3 6.39488462184090083e-6 -5.32817129981211201e3 1.47082346302340711e-4 -5.61921035924228727e3 -1.91846538655227016e-5 -5.84949389086375413e3 -6.39488462184090083e-6 -6.22903204661184827e3 -1.27897692436818017e-5 -6.40345346343273832e3 -4.47641923528863049e-5 -6.80175442369090797e3 6.93889390390722838e-6 -6.99527302749913815e3 9.00612917575927121e-5 -7.34274250788757945e3 3.88489240776834777e-4 -7.60947867997074900e3 8.70414851306122558e-6 -7.87456767739058614e3 -2.80109269112926961e-5 -8.21958797954103102e3 -3.99680288865056355e-5 -8.42314901827734320e3 -2.02715622066307360e-4 -8.80461683525624176e3 -2.27373675443232059e-5 -9.00350878509925678e3 -6.04516436908397668e-5
-1.59960646561874171e2 -9.38138455808257446e-6 -7.83942360471634601e1 -7.50510764646605906e-6 -1.86095602239255726e2 -7.50510764646605906e-6 -2.04401300918366530e2 -3.37729844090972687e-5 -2.47498205152574286e2 1.12576614696990890e-5 -3.25161903091952752e2 -1.12576614696990887e-4 -3.13445644906096277e2 2.25153229393981780e-5 -4.59757858184417444e2 -1.01318953227291799e-4 -3.68574455400505428e2 -7.50510764646605906e-6 -7.44800446028648253e2 -1.12576614696990890e-5 -2.97700469076289608e2 0.00000000000000000e0 -2.29721288214079806e2 6.74571509762244978e-5 -9.12124948193593241e2 -2.49800180540660222e-6 -5.71488996126134907e2 1.10844666778575629e-4 -7.82164056545298081e2 0.00000000000000000e0 -7.47692242430986084e2 1.79856129989275326e-5 -7.96675993974815697e2 -8.01581023779363022e-6 -9.00532578018697905e2 4.44089209850062531e-6 -8.44455350090811294e2 2.93765012315816353e-5 -1.02483095250072142e3 1.07469588783715136e-5 -9.29686698825093913e2 3.75877107217092890e-4 -1.11073017197149647e3 1.27897692436818017e-5 -1.05218221335690009e3 4.85722573273505986e-5 -1.16359280544209309e3 -6.75459688181945375e-5 -1.19597072512078762e3 -1.45683465291313041e-4 -1.20772981575534300e3 8.70414851306122558e-6 -1.33377034430282015e3 7.46958050967805185e-5 -1.27165992900302149e3 -9.99200722162640886e-6 -1.44022278103506096e3 3.84092757599319211e-4 -1.37100958128577599e3 2.50111042987555265e-4 -1.50692549141240306e3 -2.65987232239695004e-4 -1.12576614696990890e-5 -4.44541110145024788e2 9.38138455808257446e-6 -8.18005081437700596e2 -3.37729844090972687e-5 -9.63457208513762907e2 1.31339383813156036e-5 -1.33172948219018053e3 -3.56492613207137833e-5 -1.47247039614661935e3 2.17603712826530640e-6 -1.83969396612138098e3 2.84217094304040074e-6 -1.98247896181502665e3 -1.79856129989275326e-5 -2.35731596628374655e3 8.88178419700125063e-6 -2.46192413613233202e3 -5.91082738310433274e-5 -3.04356376450432072e3 1.91846538655227016e-5 -6.27583119743313546e3 -3.00204305858642362e-5 -3.60991678745037279e3 8.70414851306122558e-6 -3.42323909968689213e3 -9.99200722162640886e-6 -3.95321014821092831e3 0.00000000000000000e0 -3.95628525187152673e3 -2.56683563293336158e-5 -4.44788707305576645e3 -1.15107923193136217e-4 -4.49514653296789766e3 4.80948614267617813e-5 -4.91616334752364946e3 -1.95399252334027524e-4 -5.06066589104347986e3 7.83373366175510319e-5 -5.36005737417077853e3 -6.44817532702290919e-5 -5.63684270633579672e3 0.00000000000000000e0 -5.81106028576527842e3 -5.11590769747272066e-5 -6.19427057563237668e3 -3.60822483003175876e-4 -6.29729395904554804e3 1.50102152929321191e-4 -6.70800741293664578e3 -7.44604378155599989e-4 -6.82785905432581239e3 6.96331881044898047e-5 -7.17399370953053403e3 -7.46958050967805185e-5 -7.39162665075454606e3 7.99360577730112709e-5 -7.62446730894206303e3 4.26769730665910242e-5 -7.95805647157976637e3 -9.09494701772928238e-4 -8.09529989242996271e3
-1.50102152929321181e-5 1.56358050418248268e2 0.00000000000000000e0 1.91553913175823737e2 7.50510764646605906e-6 2.87391848763363157e2 7.50510764646605906e-6 3.57956221774813400e2 0.00000000000000000e0 4.14001303594702165e2 -7.50510764646605906e-6 5.25055687328190970e2 0.00000000000000000e0 5.54107373629264657e2 -3.00204305858642362e-5 6.56449971003780888e2 -7.50510764646605906e-6 7.48382308612960514e2 -6.00408611717284725e-5 5.87981421817929231e2 -7.50510764646605906e-6 1.12792929161109623e3 -6.00408611717284725e-5 1.35914711330009663e3 -8.70414851306122558e-6 7.86093238014373810e2 -2.99760216648792266e-5 1.20790046147511998e3 -4.54747350886464119e-5 1.24100349494504781e3 1.28341781646668079e-5 1.27227878703450892e3 -2.01438865587988376e-4 1.49789358054874833e3 1.60316204755872604e-5 1.41240267419462407e3 -1.77635683940025019e-4 1.67856951565070767e3 1.95843341543877580e-5 1.61677646701718936e3 -6.44817532702290919e-5 1.80561438680726405e3 -4.69846384021366112e-5 1.85458880164191009e3 -2.55795384873636033e-5 1.91554668940163742e3 -6.93889390390722838e-4 2.08299371649012255e3 3.00204305858642362e-5 2.04766706600745260e3 -7.12230274757530424e-4 2.26924468442746229e3 6.96331881044898047e-5 2.22415819343124667e3 -7.46958050967805185e-5 2.40467798673371635e3 -3.99680288865056355e-5 2.43317770867168565e3 -4.26769730665910242e-5 2.51060306482031592e3 -1.72803993336856365e-3 2.64209735080234123e3 -4.47727133412456681e2 -7.50510764646605906e-6 -7.91971771185728926e2 0.00000000000000000e0 -1.07283184220818862e3 7.50510764646605906e-6 -1.42532818823148955e3 -7.50510764646605906e-6 -1.69327190144841234e3 7.50510764646605906e-6 -2.03628006523182171e3 0.00000000000000000e0 -2.34725122103540707e3 0.00000000000000000e0 -2.60681181156741150e3 -1.50102152929321181e-5 -3.04232559060757558e3 -1.50102152929321181e-5 -3.12856685011908621e3 -7.50510764646605906e-6 -3.91380823590026284e3 -3.00204305858642362e-5 -7.29463026480914414e3 2.25153229393981780e-5 -4.60918192146664205e3 -2.55173659979846033e-4 -4.28380307226916557e3 1.50102152929321181e-5 -5.00859595149449888e3 -2.70183875272778150e-4 -4.98930901597915908e3 -7.50510764646605906e-6 -5.53967739360672203e3 -2.25153229393981780e-5 -5.70916311311009395e3 -2.32658337040447832e-4 -6.05783899487732833e3 7.50510764646605906e-6 -6.42287117891271373e3 1.27586829989923017e-4 -6.60451838783160292e3 9.00612917575927121e-5 -7.08907658788504432e3 3.60245167030370848e-4 -7.21165974937321062e3 3.75255382323302978e-5 -7.68970820352876672e3 -9.75663994040587703e-5 -7.87912753796860125e3 -1.61870516990347824e-5 -8.24500233687075524e3 -8.70414851306122558e-6 -8.57219285563814810e3 -1.86739512741951296e-5 -8.80013072346308218e3 3.39728245535297901e-4 -9.24426335480177477e3 2.88069568199489368e-4 -9.39580216527957782e3 1.70530256582424045e-4 -9.86391319202084560e3 4.59432492050382225e-4
-1.50665379150538541e2 -4.35207425653061279e-6 -7.95951121901339178e1 2.17603712826530640e-6 -1.42852115470049029e2 0.00000000000000000e0 -2.17008749459068866e2 4.35207425653061279e-6 -1.77489160346766511e2 0.00000000000000000e0 -3.30516192592611390e2 2.17603712826530640e-6 -2.50557070557988482e2 -4.35207425653061279e-6 -3.99537648165804114e2 2.17603712826530640e-6 -3.96214194786637051e2 4.35207425653061279e-6 -4.00490785334994769e2 4.35207425653061279e-6 -7.65118119261387506e2 4.35207425653061279e-6 -2.21654325693876359e2 -2.17603712826530640e-6 -2.06998691432147524e2 8.49320613838244753e-5 -8.67650681302123417e2 2.84217094304040074e-6 -6.13770419022330316e2 3.85025344940004220e-5 -6.85166115710344911e2 7.19424519957101353e-6 -7.74542251136267510e2 0.00000000000000000e0 -7.24366920090702138e2 4.44089209850062531e-6 -8.68297043155052847e2 -1.46882506157908176e-5 -8.23458600907045366e2 -1.93445259810687248e-4 -9.28456558924039996e2 5.87307980026707640e-6 -9.43579219869761005e2 2.43005615629954236e-4 -9.83447282010274535e2 6.93889390390722838e-6 -1.05656788873531582e3 2.25153229393981780e-5 -1.05377478281099025e3 -8.09352584951739118e-6 -1.14793970289461822e3 -8.70414851306122558e-6 -1.14501040400227771e3 2.80109269112926961e-5 -1.21928285699013350e3 4.99600361081320443e-5 -1.24811165402860524e3 1.06692432666477560e-5 -1.28341709988433195e3 -2.27373675443232059e-5 -1.34769611577212345e3 3.62709862145038642e-5 0.00000000000000000e0 -4.53486194107455219e2 2.17603712826530640e-6 -8.74697823327608035e2 0.00000000000000000e0 -1.00938475768863600e3 -4.35207425653061279e-6 -1.38981894606260403e3 2.17603712826530640e-6 -1.58977784185942960e3 0.00000000000000000e0 -1.86200251506285463e3 -2.84217094304040074e-6 -2.20701455524441280e3 -7.19424519957101353e-6 -2.31055910813182618e3 8.88178419700125063e-6 -2.83450001399287930e3 0.00000000000000000e0 -2.75077388462996396e3 6.39488462184090083e-6 -3.60991678745037279e3 2.25153229393981780e-5 -7.16906637627800956e3 0.00000000000000000e0 -4.17265845376046946e3 -9.99200722162640886e-6 -3.82847002526887081e3 1.13686837721616030e-5 -4.43470559794434303e3 1.28341781646668079e-5 -4.47469670477040836e3 2.87769807982840541e-5 -4.88235392576141749e3 -4.80948614267617813e-5 -5.09153165850761889e3 -1.77635683940025013e-5 -5.35499420756257859e3 1.95843341543877580e-5 -5.67580527213173900e3 -2.14939177567430272e-5 -5.86637642555620641e3 -2.34923192010683056e-5 -6.21993576643831057e3 2.55795384873636033e-5 -6.41511923443749401e3 -2.77555756156289135e-5 -6.73437815184030478e3 0.00000000000000000e0 -6.98229324048726994e3 -6.47482067961391294e-5 -7.24190250824818668e3 6.96331881044898047e-5 -7.54397717674937121e3 1.12043707645170785e-4 -7.76359239895718656e3 1.99840144432528177e-4 -8.08617465030137009e3 -8.53539461331820484e-5 -8.30700846563559026e3 4.54747350886464119e-5 -8.60888622429278803e3
0.00000000000000000e0 1.59639985142234735e2 0.00000000000000000e0 1.95282689929854286e2 8.70414851306122558e-6 3.11880878278714079e2 0.00000000000000000e0 3.42336850600588548e2 8.70414851306122558e-6 4.74279817375133860e2 8.70414851306122558e-6 4.92395300355497000e2 8.70414851306122558e-6 6.26338167108997254e2 -1.74082970261224512e-5 6.68129055902966115e2 1.74082970261224512e-5 7.35238145388450334e2 8.70414851306122558e-6 9.00696845107518016e2 1.74082970261224512e-5 6.26348472820836719e2 3.48165940522449023e-5 1.32978025817465073e3 1.74082970261224512e-5 1.51759405753182341e3 9.99200722162640886e-6 8.86396129295974220e2 0.00000000000000000e0 1.35763664079746582e3 -2.56683563293336158e-5 1.36542396393934928e3 5.75539615965681083e-5 1.44574466265368051e3 -3.20632409511745209e-5 1.62410853334904436e3 5.32907051820075072e-5 1.60057577982541920e3 -3.91686683087755160e-5 1.81869253257360674e3 4.29878355134860545e-5 1.80052190010826484e3 -2.34923192010683056e-5 1.97492871691906635e3 -2.55795384873636033e-5 2.02215954185902524e3 1.11022302462515654e-4 2.11762596382669653e3 3.00204305858642362e-5 2.23811344426394453e3 1.29496413592278259e-4 2.26947015669054463e3 1.39266376208979609e-4 2.42747897977180173e3 1.12043707645170785e-4 2.44198070764589647e3 7.99360577730112709e-5 2.58615229438152755e3 -1.28030919199773052e-4 2.63065826402453240e3 2.72848410531878471e-4 2.72493151782793302e3 -4.93886599528536806e2 8.70414851306122558e-6 -8.44040524050626459e2 0.00000000000000000e0 -1.19182889601887587e3 8.70414851306122558e-6 -1.52069399650400760e3 -2.61124455391836784e-5 -1.86050560824213539e3 1.74082970261224512e-5 -2.21726223870177773e3 -8.70414851306122558e-6 -2.50585929340019175e3 -8.70414851306122558e-6 -2.93758516409781078e3 -1.74082970261224512e-5 -3.12735831080601611e3 0.00000000000000000e0 -3.67928628772773391e3 0.00000000000000000e0 -3.71687475269055722e3 8.70414851306122558e-6 -4.60918192146664205e3 0.00000000000000000e0 -8.56553863854969495e3 4.35207425653061296e-5 -5.33404238778345552e3 0.00000000000000000e0 -5.02722961073232000e3 6.96331881044898047e-5 -5.74410706799532909e3 8.70414851306122558e-6 -5.79076731366256899e3 -8.70414851306122558e-6 -6.33974904529210926e3 2.61124455391836784e-5 -6.54375531539130770e3 0.00000000000000000e0 -6.93749340814342304e3 -1.74082970261224512e-5 -7.28527512663390462e3 0.00000000000000000e0 -7.55836827126543449e3 -1.74082970261224512e-5 -7.99375490601050751e3 8.70414851306122558e-6 -8.21916990023652215e3 1.74082970261224512e-5 -8.66184926398006064e3 4.35207425653061296e-5 -8.91681619821227468e3 -8.70414851306122558e-6 -9.30251520259161953e3 -1.86739512741951296e-5 -9.63084428433624635e3 9.99200722162640886e-6 -9.94073671378714607e3 -1.60038648999716342e-4 -1.03359671331570989e4 3.41060513164848089e-5 -1.05994297427969286e4 -3.86890519621374551e-4
-1.76919279226694925e2 1.59872115546022542e-4 -8.94081758628928469e1 1.54876111935209337e-4 -1.92965780854148505e2 1.87350135405495166e-4 -2.33381721448377988e2 8.24340595784178731e-5 -2.57458771801832881e2 -1.49880108324396133e-4 -3.55383050487656533e2 2.99760216648792266e-5 -3.47160229807741416e2 -1.19904086659516906e-4 -4.60251131606526030e2 1.99840144432528177e-5 -4.54736492905283228e2 1.27398092075736713e-4 -5.81524935805433074e2 1.42386102908176326e-4 -5.36881425716728586e2 9.99200722162640886e-6 -9.30001823373771799e2 -2.99760216648792266e-5 -4.11349354578760483e2 2.49800180540660222e-6 -2.31523920035670017e2 -5.68434188608080149e-6 -1.19891614076550468e3 3.20854454116670198e-6 -7.09746647098441372e2 9.35251875944231734e-5 -9.51716812558345168e2 -1.20237153566904453e-4 -9.66505646093906989e2 0.00000000000000000e0 -9.18594000864913937e2 -9.79216707719387899e-6 -1.16325377050863176e3 -1.07469588783715136e-5 -9.66505973387654535e2 -5.87307980026707640e-6 -1.28234645013769432e3 2.55795384873636033e-5 -1.09641125618509227e3 2.56739074444567450e-4 -1.32540572961303837e3 -1.72617475868719366e-4 -1.28492609423602767e3 8.09352584951739118e-6 -1.33350443767277238e3 5.30953059296734755e-4 -1.48014456300415964e3 9.33697563709756481e-6 -1.36424754559882876e3 1.99840144432528177e-5 -1.62687259663840678e3 1.60038648999716342e-4 -1.45770541948309096e3 6.82121026329696178e-5 -1.69844065567303915e3 -4.35251834574046370e-4 1.64868119156835746e-4 -5.08286185640916017e2 -1.59872115546022542e-4 -9.47110719851096405e2 9.49240686054508842e-5 -1.11613160463930330e3 -1.32394095686549917e-4 -1.52394651897758149e3 8.24340595784178731e-5 -1.72656382940727940e3 -2.49800180540660222e-6 -2.08480943758582180e3 -1.13686837721616030e-5 -2.34053924241806044e3 2.15827355987130398e-5 -2.66069158205706208e3 2.08721928629529402e-4 -2.92103224858175645e3 1.07469588783715136e-5 -3.28880623734484334e3 1.91846538655227023e-4 -3.42323909968689213e3 -2.55173659979846033e-4 -4.17265845376046946e3 4.35207425653061296e-5 -8.45907857760508341e3 -2.99760216648792266e-5 -4.87740253447555006e3 -1.36424205265939236e-4 -4.44411261738553094e3 1.02673425317334463e-4 -5.24937789476709258e3 -6.33093577562249157e-4 -5.08107411784086707e3 2.56505927609396167e-4 -5.77955794778261952e3 -4.97379915032070022e-4 -5.75888926516165884e3 3.91686683087755160e-5 -6.25102478983841047e3 -2.14939177567430272e-5 -6.47832314996099467e3 -4.69846384021366112e-5 -6.71305674728728172e3 5.11590769747272066e-5 -7.18044101261083870e3 -1.41553435639707459e-3 -7.22686752596679707e3 6.30429042303148998e-4 -7.80656893548670178e3 -1.61870516990347824e-3 -7.82570423272232892e3 1.74082970261224518e-4 -8.33682286823789036e3 -1.49391610193561037e-4 -8.50206488212101794e3 0.00000000000000000e0 -8.81935269260170207e3 -8.53539461331820484e-5 -9.20157781365560368e3 -2.63753463514149189e-3 -9.32111451733552713e3
-9.99200722162640886e-6 1.86545449087915927e2 9.99200722162640886e-6 2.23157042844590592e2 0.00000000000000000e0 3.41755264088305921e2 9.99200722162640886e-6 4.21150134766179463e2 -1.99840144432528177e-5 4.86216547024298507e2 0.00000000000000000e0 6.30075301932819798e2 2.99760216648792266e-5 6.34882596495245366e2 -9.99200722162640886e-6 8.22915096065912621e2 -9.99200722162640886e-6 8.22762158403378407e2 0.00000000000000000e0 9.51394703019303734e2 -1.99840144432528177e-5 1.09211911514250914e3 1.99840144432528177e-5 8.11714365722693287e2 1.99840144432528177e-5 1.60318505471046547e3 -9.99200722162640886e-6 1.81268993815209001e3 -1.13686837721616030e-5 1.10233633221490390e3 1.28341781646668079e-5 1.61006147414433099e3 -5.75539615965681083e-5 1.65809367236313687e3 1.60316204755872604e-5 1.70340827443382636e3 -3.55271367880050025e-5 1.94357943739120742e3 -1.95843341543877580e-5 1.88688704660933126e3 0.00000000000000000e0 2.14375164619973202e3 4.69846384021366112e-5 2.12661693255178352e3 -5.11590769747272066e-5 2.29910425697532628e3 -1.66533453693773481e-4 2.38419674003509408e3 -6.00408611717284725e-5 2.44899281853783168e3 -1.61870516990347824e-4 2.62193007305455694e3 0.00000000000000000e0 2.62411157803121841e3 3.73479025483902592e-5 2.81813949176701317e3 -7.99360577730112709e-5 2.83054702719942634e3 -4.26769730665910242e-5 2.97655114991357550e3 -5.00222085975110531e-4 3.05238989863898496e3 -5.17333725857938020e2 0.00000000000000000e0 -9.20380321955960312e2 0.00000000000000000e0 -1.23640696680915607e3 0.00000000000000000e0 -1.66121442601863123e3 -9.99200722162640886e-6 -1.94542242315520753e3 9.99200722162640886e-6 -2.38040615219148322e3 -2.99760216648792266e-5 -2.69001978692173816e3 -1.99840144432528177e-5 -3.05474787465342979e3 0.00000000000000000e0 -3.47990921079066584e3 -1.99840144432528177e-5 -3.68751659207688954e3 2.99760216648792266e-5 -4.30201667289686884e3 -9.99200722162640886e-6 -4.28380307226916557e3 -9.99200722162640886e-6 -5.33404238778345552e3 -2.99760216648792266e-5 -9.80933486438573345e3 0.00000000000000000e0 -6.10726134482320049e3 -4.99600361081320443e-5 -5.67874276544699751e3 -1.99840144432528177e-5 -6.50404816404659323e3 0.00000000000000000e0 -6.52197345338834111e3 2.99760216648792266e-5 -7.10953274918324405e3 -1.99840144432528177e-5 -7.35064689116881982e3 4.29656310529935581e-4 -7.72742156520678145e3 -1.99840144432528177e-5 -8.15149755402088977e3 7.39408534400354256e-4 -8.38944089878168415e3 0.00000000000000000e0 -8.89669468651099851e3 -9.99200722162640886e-6 -9.11118143971379141e3 -2.99760216648792266e-5 -9.58738294434269301e3 0.00000000000000000e0 -9.87670921830385669e3 0.00000000000000000e0 -1.02525572645451011e4 -9.99200722162640886e-6 -1.06498146301703400e4 2.34723351866250623e-4 -1.09301101481218411e4 0.00000000000000000e0 -1.13955380584229715e4 7.01239066813741374e-4
-1.84629473665154364e2 -2.84217094304040074e-6 -9.38706705255754059e1 0.00000000000000000e0 -1.92112213426298695e2 1.13686837721616030e-5 -2.53696319418850180e2 0.00000000000000000e0 -2.41949965129606426e2 0.00000000000000000e0 -3.98533958900770813e2 0.00000000000000000e0 -3.15204502499000228e2 2.84217094304040074e-6 -5.14739082158044312e2 8.52651282912120223e-6 -4.35988067870596240e2 2.84217094304040074e-6 -5.82361683276744202e2 0.00000000000000000e0 -6.34577446589901115e2 1.70530256582424045e-5 -5.80467375588256232e2 0.00000000000000000e0 -1.10785007869651486e3 2.01794136955868453e-4 -3.51186290048488559e2 -5.68434188608080149e-6 -3.42987357271340443e2 1.41175959811334879e-4 -1.23569558057035056e3 -3.59712259978550677e-6 -8.54381250547930790e2 8.01581023779363022e-6 -9.95784018220646772e2 3.99680288865056287e-5 -1.06027687962750838e3 -4.89608353859693950e-6 -1.03171304419724652e3 -6.98552327094148495e-5 -1.19301298404650424e3 -1.17461596005341528e-5 -1.13524027240963187e3 -8.95283847057726099e-5 -1.28530333256549034e3 6.93889390390722838e-6 -1.26928062504916284e3 3.00204305858642362e-5 -1.36097766159082335e3 0.00000000000000000e0 -1.40803444743653472e3 -1.74082970261224512e-5 -1.44036058102869879e3 -9.33697563709756481e-6 -1.53340224660070112e3 -2.99760216648792266e-5 -1.53544465142374520e3 1.06692432666477560e-5 -1.63860278048488817e3 0.00000000000000000e0 -1.64706293617200572e3 1.32993616119847502e-4 8.52651282912120223e-6 -5.36176153786982468e2 0.00000000000000000e0 -1.01659462927727873e3 8.52651282912120223e-6 -1.17742534655462805e3 2.84217094304040074e-6 -1.63433533657553198e3 5.68434188608080149e-6 -1.83160451001640467e3 5.68434188608080149e-6 -2.21367915003156668e3 5.68434188608080149e-6 -2.52429121587738337e3 0.00000000000000000e0 -2.76158324652442388e3 0.00000000000000000e0 -3.23821043082261895e3 1.07469588783715136e-5 -3.30022538435059687e3 -6.39488462184090083e-6 -3.95321014821092831e3 1.50102152929321181e-5 -3.82847002526887081e3 0.00000000000000000e0 -4.87740253447555006e3 0.00000000000000000e0 -9.63587665410159389e3 3.41060513164848089e-5 -5.53388451949299269e3 2.56683563293336158e-5 -5.08842446778068279e3 1.43884903991420271e-5 -5.81914491120105686e3 -3.20632409511745209e-5 -5.83306325019350334e3 0.00000000000000000e0 -6.35417695300510695e3 0.00000000000000000e0 -6.54478969743799098e3 2.14939177567430272e-5 -6.90851781158796439e3 -2.34923192010683056e-5 -7.23258675350280009e3 0.00000000000000000e0 -7.49251116705096410e3 1.38777878078144568e-4 -7.88597618135433822e3 0.00000000000000000e0 -8.11158132403289073e3 1.61870516990347824e-4 -8.50692208231862242e3 6.96331881044898047e-5 -8.75779579283530802e3 3.73479025483902592e-5 -9.10900192274688379e3 -1.19904086659516906e-4 -9.41301246553116835e3 -4.26769730665910242e-5 -9.71039357864356134e3 1.36424205265939236e-4 -1.00599227935926901e4
-1.13686837721616030e-5 1.81085943040670827e2 1.13686837721616030e-5 2.25408734877419192e2 0.00000000000000000e0 3.52218330590403639e2 0.00000000000000000e0 3.96359030219173292e2 -2.27373675443232059e-5 5.37122832611203194e2 1.13686837721616030e-5 5.65670040941768093e2 -3.41060513164848089e-5 7.22528659480303759e2 2.27373675443232059e-5 7.48786726489925059e2 1.13686837721616030e-5 8.91728370788769098e2 -3.41060513164848089e-5 9.64961145655252039e2 3.41060513164848089e-5 1.00931364386269706e3 -1.13686837721616030e-5 1.24655909985449398e3 -1.13686837721616030e-5 8.49956256843142910e2 1.13686837721616030e-5 1.78026123194285901e3 -5.68434188608080149e-5 2.00762793838293874e3 -1.28341781646668079e-5 1.14444472956165555e3 -2.15827355987130404e-4 1.78873954155278625e3 1.60316204755872604e-5 1.73770778246762347e3 -2.13162820728030029e-4 1.87698801710212138e3 -2.38928876683530645e-3 2.05391908139063162e3 -4.29878355134860545e-5 2.03523852633225033e3 2.34923192010683056e-5 2.29633947128604632e3 -2.55795384873636033e-5 2.24276591325178742e3 -6.10622663543836097e-4 2.48682491701401887e3 -3.00204305858642362e-5 2.48301182637078455e3 -6.47482067961391294e-4 2.64619721974668209e3 3.48165940522449023e-5 2.73277863698240253e3 -3.73479025483902592e-5 2.79900621080741985e3 0.00000000000000000e0 2.96464452276268275e3 4.26769730665910242e-5 2.96645856678878772e3 -1.50066625792533159e-3 3.16036725839241581e3 -5.66333926599327242e2 -1.13686837721616030e-5 -9.69125903793610632e2 0.00000000000000000e0 -1.36774277734730276e3 0.00000000000000000e0 -1.74259894265560433e3 -2.27373675443232059e-5 -2.14201254493673332e3 -4.54747350886464119e-5 -2.53012941584529472e3 -1.13686837721616030e-5 -2.89920409386468236e3 1.13686837721616030e-5 -3.33633788613951765e3 0.00000000000000000e0 -3.63495000783586875e3 0.00000000000000000e0 -4.16254954416217515e3 -2.27373675443232059e-5 -4.35038665500542265e3 0.00000000000000000e0 -5.00859595149449888e3 1.13686837721616030e-5 -5.02722961073232000e3 -1.36424205265939236e-4 -6.10726134482320049e3 3.41060513164848089e-5 -1.13122973743884359e4 -1.47792889038100839e-4 -6.94103626903697022e3 -2.27373675443232059e-5 -6.52449698588242063e3 1.13686837721616030e-5 -7.38502793429240955e3 -6.82121026329696178e-5 -7.39269678362575087e3 1.13686837721616030e-5 -8.07943446825554020e3 6.82121026329696178e-5 -8.24834834940446490e3 0.00000000000000000e0 -8.76849017017455662e3 1.59161572810262442e-4 -9.10430752867341471e3 -1.13686837721616030e-5 -9.46782971467108291e3 -1.25055521493777633e-4 -9.93816814052195332e3 -1.93267624126747251e-4 -1.02007895850242403e4 -2.27373675443232059e-5 -1.07320803763855092e4 0.00000000000000000e0 -1.09783084294878809e4 3.41060513164848089e-5 -1.14853459942665377e4 3.41060513164848089e-5 -1.17908856609449958e4 3.41060513164848089e-5 -1.22146776448062155e4 2.90167889716030913e-4
-1.90975686586991571e2 -5.13367126586672317e-5 -9.93474961741291764e1 -4.81281681175005293e-5 -1.92150982869510017e2 -3.20854454116670172e-5 -2.62457538124927169e2 6.73794353645007369e-5 -2.52930740507473189e2 6.73794353645007369e-5 -3.89668811562326937e2 3.52939899528337196e-5 -3.58080241358305045e2 9.94648807761677609e-5 -4.74817693962847841e2 2.88769008705003182e-5 -5.06062423077935307e2 -9.94648807761677609e-5 -5.43076234205130959e2 -5.13367126586672317e-5 -6.54130835897603788e2 1.60427227058335086e-5 -6.69506861949997869e2 -3.20854454116670172e-5 -7.23756294185306956e2 3.20854454116670198e-6 -1.13739322959993683e3 -1.28341781646668079e-5 -4.78342997212166665e2 2.24598117881669134e-5 -2.68183962326418111e2 7.55395745954956375e-5 -1.43393970137850579e3 -8.81739126157299324e-5 -9.07047171283537068e2 8.88178419700125063e-6 -1.06454091763907832e3 -4.89608353859693950e-6 -1.21614322332597135e3 0.00000000000000000e0 -1.02392768397407951e3 -5.87307980026707640e-6 -1.39996610246662067e3 7.67386154620908065e-5 -1.12062310790861352e3 2.84494650060196363e-4 -1.46566969672079495e3 -1.12576614696990887e-4 -1.31898754496262450e3 0.00000000000000000e0 -1.46056651293413620e3 0.00000000000000000e0 -1.55206102334659568e3 1.86739512741951296e-5 -1.46108001275457855e3 9.99200722162640886e-6 -1.74120450058268261e3 2.24054108599602869e-4 -1.53071389887848864e3 4.54747350886464119e-5 -1.83832089533098042e3 -1.45083944858015457e-4 -5.13367126586672317e-5 -5.67794354267014910e2 5.77538017410006365e-5 -1.07595053820963562e3 -1.66844316140668498e-4 -1.26106004281201194e3 9.94648807761677609e-5 -1.71415638638983091e3 6.41708908233340345e-5 -1.97190595010443531e3 -1.92512672470002110e-5 -2.32268001789659411e3 -9.62563362350010551e-6 -2.69268979470327304e3 3.95683485976405723e-5 -2.94963518485680197e3 2.13162820728030029e-4 -3.36700797212152702e3 5.37347943918575681e-6 -3.64720082682845577e3 1.98241423277067925e-4 -3.95628525187152673e3 -2.70183875272778150e-4 -4.43470559794434303e3 6.96331881044898047e-5 -4.44411261738553094e3 -4.99600361081320443e-5 -5.53388451949299269e3 -1.47792889038100839e-4 -1.08997947504629865e4 1.28341781646668069e-4 -6.33384705284178926e3 -7.05036029557959301e-4 -5.59691407114870617e3 3.04600789036157948e-4 -6.65462227100732525e3 -5.32907051820075031e-4 -6.39602616829826184e3 9.79216707719387933e-5 -7.16858031073463917e3 -8.59756710269721089e-5 -7.23777859298335534e3 -2.34923192010683056e-5 -7.65125041723990671e3 1.02318153949454413e-4 -8.07945896991180143e3 -1.49880108324396133e-3 -8.17984181589182117e3 7.50510764646605930e-4 -8.83640013940034623e3 -1.74820158349575649e-3 -8.81483822965378567e3 2.78532752417959219e-4 -9.46614377822507595e3 -2.24087415290341569e-4 -9.56450412870068976e3 -3.99680288865056355e-5 -1.00118721608977175e4 2.13384865332955114e-4 -1.03685084241078584e4 -2.86490831058472395e-3 -1.05548156878576538e4
-2.56683563293336158e-5 2.10858424276594263e2 -2.56683563293336158e-5 2.50837120274738339e2 -1.28341781646668079e-5 3.91301347901773454e2 2.56683563293336158e-5 4.68048334401061027e2 -1.28341781646668079e-5 5.62404942749949896e2 1.28341781646668079e-5 7.00383048890529267e2 1.28341781646668079e-5 7.29886244821287164e2 1.28341781646668079e-5 9.33049745066583000e2 0.00000000000000000e0 9.18759375378996765e2 1.28341781646668079e-5 1.13609529921454555e3 0.00000000000000000e0 1.15938164491069506e3 3.85025344940004220e-5 1.26293260716003874e3 -1.28341781646668079e-5 1.48940928936802652e3 -1.28341781646668079e-5 1.06112249667056335e3 1.28341781646668079e-5 2.11502447187150710e3 -2.56683563293336158e-5 2.34455064465066653e3 2.30215846386272433e-4 1.40395730334752488e3 -1.60316204755872604e-5 2.08306562279325635e3 1.77635683940025019e-4 2.07377638581362999e3 1.95843341543877580e-5 2.18143148722482738e3 6.44817532702290919e-5 2.41227132797838749e3 2.34923192010683056e-5 2.37070338853229123e3 0.00000000000000000e0 2.65902883520574505e3 5.27355936696949357e-4 2.61725311041516261e3 0.00000000000000000e0 2.85202871874723451e3 7.44604378155599989e-4 2.89026626596466895e3 6.96331881044898047e-5 3.02255317130573030e3 2.24087415290341569e-4 3.15729182820412234e3 -1.19904086659516906e-4 3.20031327682990195e3 8.53539461331820484e-5 3.39409033403015246e3 1.22781784739345312e-3 3.40258981985641594e3 -5.90983962345248301e2 -3.85025344940004220e-5 -1.04425889992931775e3 0.00000000000000000e0 -1.41417431023249651e3 3.85025344940004220e-5 -1.88636759648197449e3 -2.56683563293336158e-5 -2.21812047533909117e3 0.00000000000000000e0 -2.71664678717087281e3 0.00000000000000000e0 -3.04682337226580512e3 3.85025344940004220e-5 -3.51141802932275414e3 -2.56683563293336158e-5 -3.91516089370824648e3 2.56683563293336158e-5 -4.26497637673328609e3 -2.56683563293336158e-5 -4.81906357845396269e3 -2.56683563293336158e-5 -4.98930901597915908e3 1.28341781646668079e-5 -5.74410706799532909e3 1.02673425317334463e-4 -5.67874276544699751e3 2.56683563293336158e-5 -6.94103626903697022e3 1.28341781646668069e-4 -1.27435642978568339e4 -2.56683563293336158e-5 -7.81425592712991966e3 2.56683563293336158e-5 -7.27941737395099153e3 5.13367126586672317e-5 -8.23619799916741431e3 -1.28341781646668079e-5 -8.23007951669119029e3 -1.15507603482001273e-4 -8.94229893617648486e3 -1.28341781646668079e-5 -9.15750737724429746e3 -1.41175959811334879e-4 -9.65729159361216989e3 0.00000000000000000e0 -1.00675952852125047e4 1.66844316140668498e-4 -1.04036012038122317e4 1.02673425317334463e-4 -1.09357599156201250e4 1.28341781646668079e-5 -1.11996451607865292e4 2.56683563293336158e-5 -1.17534879748415460e4 -2.56683563293336158e-5 -1.20424933625074009e4 -3.85025344940004220e-5 -1.25351186396560624e4 0.00000000000000000e0 -1.29102592381968861e4 -2.43849385128669355e-4
-2.18491295056466555e2 0.00000000000000000e0 -1.08442156454557889e2 3.59712259978550677e-6 -2.41503084730254585e2 3.59712259978550677e-6 -2.89347318904731253e2 -7.19424519957101353e-6 -3.10066424935584394e2 3.59712259978550677e-6 -4.59977307842862558e2 -3.59712259978550677e-6 -3.92835586460193952e2 -3.59712259978550677e-6 -6.13203352894941986e2 1.07913677993565199e-5 -5.08239730301340785e2 -3.59712259978550677e-6 -7.31447016466546415e2 0.00000000000000000e0 -6.75276199757490645e2 -3.59712259978550677e-6 -8.00944930423597270e2 -1.07913677993565199e-5 -9.24308075234136936e2 7.19424519957101353e-6 -7.98544020907954177e2 0.00000000000000000e0 -1.50910623233357910e3 1.43884903991420271e-5 -5.10381614393651205e2 -7.19424519957101353e-6 -5.03819077657396917e2 8.01581023779363022e-6 -1.66556796785677352e3 4.44089209850062531e-6 -1.12994698042712093e3 0.00000000000000000e0 -1.35699565424474122e3 1.61204383175572730e-4 -1.38310775046335266e3 1.76192394008012309e-5 -1.38650063399303713e3 -2.04636307898908826e-4 -1.55643242294445349e3 6.93889390390722838e-6 -1.49099643742545140e3 0.00000000000000000e0 -1.68344890134619641e3 0.00000000000000000e0 -1.63408092657135740e3 8.70414851306122558e-6 -1.78371197847582130e3 -1.86739512741951296e-5 -1.79373557722684018e3 5.99520433297584532e-5 -1.87558264919118756e3 -1.06692432666477560e-5 -1.95064353500917787e3 2.27373675443232059e-5 -1.97426138583978172e3 -3.62709862145038642e-5 0.00000000000000000e0 -6.19635831844433824e2 3.59712259978550677e-6 -1.15709670365227157e3 0.00000000000000000e0 -1.34923556487365181e3 1.07913677993565199e-5 -1.87389529173742608e3 0.00000000000000000e0 -2.08096798872681120e3 -3.59712259978550677e-6 -2.55806733036045807e3 -3.59712259978550677e-6 -2.84875492635450155e3 7.19424519957101353e-6 -3.20924239503028684e3 0.00000000000000000e0 -3.64379245256785043e3 0.00000000000000000e0 -3.84225261647053094e3 -6.39488462184090083e-6 -4.44788707305576645e3 -7.50510764646605906e-6 -4.47469670477040836e3 8.70414851306122558e-6 -5.24937789476709258e3 -1.99840144432528177e-5 -5.08842446778068279e3 -2.27373675443232059e-5 -6.33384705284178926e3 -2.56683563293336158e-5 -1.24674352042219980e4 0.00000000000000000e0 -7.08733224474844519e3 0.00000000000000000e0 -6.52598576955654062e3 -1.77635683940025013e-5 -7.38856683295541097e3 1.95843341543877580e-5 -7.36771108793554595e3 0.00000000000000000e0 -8.01221132918916464e3 -2.34923192010683056e-5 -8.17187823329845651e3 -2.55795384873636033e-5 -8.65042611847277658e3 -2.77555756156289135e-5 -8.96231822995474795e3 3.00204305858642362e-5 -9.30857591947553738e3 -3.23741033980695647e-5 -9.72598802597701615e3 -6.96331881044898047e-5 -9.99485199377758545e3 -7.46958050967805185e-5 -1.04571227077521198e4 7.99360577730112709e-5 -1.07132198282289264e4 0.00000000000000000e0 -1.11607023313808895e4 -4.54747350886464119e-5 -1.14555592278131608e4
0.00000000000000000e0 2.08901441745012988e2 -4.31654711974260795e-5 2.59173100580767311e2 -2.87769807982840541e-5 3.98638666077033520e2 -1.43884903991420271e-5 4.65559937801174271e2 -1.43884903991420271e-5 5.97747445141294406e2 -1.43884903991420271e-5 6.71025911636036085e2 -2.87769807982840541e-5 8.04905404727662585e2 -1.00719432793994188e-4 8.76454863885100963e2 -1.43884903991420271e-5 1.02077527870392237e3 -1.87050375188846347e-4 1.08771994611345212e3 -1.43884903991420271e-5 1.23021046150029156e3 -2.15827355987130404e-4 1.32648305939397892e3 -4.31654711974260795e-5 1.38325956768881019e3 -8.63309423948521590e-5 1.64276616470004888e3 -3.02158298381982550e-4 1.17784391040487412e3 0.00000000000000000e0 2.29405591642972649e3 1.43884903991420271e-5 2.62410397251500126e3 3.20632409511745209e-5 1.45948577543464330e3 -9.41469124882132638e-4 2.30620777355028349e3 -1.95843341543877580e-5 2.21467349259540879e3 -1.07469588783715140e-4 2.36132439681568894e3 -2.81907830412819695e-4 2.61458837460537507e3 2.55795384873636033e-5 2.51106521496069445e3 5.55111512312578270e-5 2.90123753501347846e3 9.00612917575927121e-5 2.74455701845255317e3 -2.39568365145714779e-3 3.09732055843170383e3 -6.96331881044898047e-5 3.04326446762814794e3 -2.98783220387122074e-4 3.23603405192329728e3 -2.79776202205539448e-4 3.35937302615718590e3 -4.26769730665910242e-5 3.36912653775556191e3 9.09494701772928238e-5 3.63784568229164006e3 -6.34693117262940973e2 -5.75539615965681083e-5 -1.09850119880405805e3 0.00000000000000000e0 -1.52933470207727828e3 -2.87769807982840541e-5 -1.97524728573483776e3 -4.31654711974260795e-5 -2.40181645771997364e3 2.87769807982840541e-5 -2.85237250938763464e3 -8.63309423948521590e-5 -3.27518067386733901e3 0.00000000000000000e0 -3.72960669707822444e3 -8.63309423948521590e-5 -4.14174370959585667e3 -2.87769807982840541e-5 -4.61973690022432402e3 -5.75539615965681083e-5 -4.98527826859884681e3 -1.15107923193136217e-4 -5.53967739360672203e3 2.87769807982840541e-5 -5.79076731366256899e3 -6.33093577562249157e-4 -6.50404816404659323e3 1.43884903991420271e-5 -6.52449698588242063e3 -7.05036029557959301e-4 -7.81425592712991966e3 0.00000000000000000e0 -1.43921881836206448e4 -8.63309423948521590e-5 -8.78850162417954562e3 -5.46762635167396985e-4 -8.14532267412459896e3 -1.43884903991420271e-5 -9.26246653616402546e3 1.43884903991420271e-5 -9.12874326157719770e3 1.72661884789704318e-4 -1.00274868994887329e4 1.43884903991420271e-5 -1.01240987049777668e4 7.19424519957101303e-5 -1.07597569742878823e4 -4.31654711974260809e-4 -1.11379549426970934e4 0.00000000000000000e0 -1.14999996817299889e4 -1.43884903991420271e-5 -1.21170680891680131e4 1.58273394390562289e-4 -1.23024938510685170e4 1.10791376073393600e-3 -1.30185287749995387e4 1.20863319352793020e-3 -1.31916639246387749e4 4.89208673570828870e-4 -1.38364086069486802e4 7.91366971952811474e-4
-2.08691639580482757e2 0.00000000000000000e0 -1.09830651973119586e2 -8.01581023779363022e-6 -2.00214451329117082e2 0.00000000000000000e0 -2.93825239539025063e2 -1.20237153566904453e-5 -2.58171071909618604e2 8.01581023779363022e-6 -4.35320786773552015e2 -1.60316204755872604e-5 -3.71128194476266742e2 4.00790511889681511e-6 -5.19834544165931334e2 -1.20237153566904453e-5 -5.44937597268812965e2 -4.00790511889681511e-6 -5.65040718303322365e2 -1.60316204755872604e-5 -7.39759287426977494e2 -2.80553358322777058e-5 -6.34425106849079270e2 8.01581023779363022e-6 -8.83067662904579606e2 -1.16229248448007638e-4 -8.24022610146357692e2 2.80553358322777058e-5 -8.91138415681780316e2 -8.01581023779363022e-5 -1.46069999003017847e3 8.01581023779363022e-6 -5.00881063025815308e2 1.20237153566904453e-5 -3.85145878700754452e2 -1.24344978758017505e-4 -1.68863074634373311e3 5.87530024631632706e-5 -1.15143031629294501e3 0.00000000000000000e0 -1.24328934258954860e3 2.64288591012018460e-4 -1.46127515900928938e3 7.03437308402499048e-5 -1.23750686498169648e3 4.16333634234433703e-5 -1.60845034513634755e3 0.00000000000000000e0 -1.38599776917658369e3 -1.21402887742760868e-4 -1.64764130539118992e3 3.48165940522449023e-5 -1.61091099002419446e3 9.33697563709756481e-6 -1.65309965991511353e3 -9.99200722162640886e-6 -1.82829131833983638e3 4.16100487399262474e-4 -1.69839552430772778e3 2.38742359215393662e-4 -1.97422568817273714e3 1.32993616119847502e-4 0.00000000000000000e0 -6.31031659326097838e2 -1.20237153566904453e-5 -1.20824860749824120e3 -8.01581023779363022e-6 -1.40757614148778748e3 4.00790511889681511e-6 -1.91770041328975776e3 -8.01581023779363022e-6 -2.21193802618646623e3 0.00000000000000000e0 -2.58476196131063307e3 4.00790511889681511e-6 -3.03663718375091184e3 4.00790511889681511e-6 -3.26450788376009268e3 1.33226762955018768e-5 -3.81450519241210986e3 -4.29878355134860545e-5 -4.02187952175392365e3 6.39488462184090083e-6 -4.49514653296789766e3 -2.25153229393981780e-5 -4.88235392576141749e3 -8.70414851306122558e-6 -5.08107411784086707e3 0.00000000000000000e0 -5.81914491120105686e3 1.13686837721616030e-5 -5.59691407114870617e3 2.56683563293336158e-5 -7.08733224474844519e3 -8.63309423948521590e-5 -1.37234978326183918e4 9.61897228535235627e-5 -7.92010699690592810e3 -8.88178419700125097e-5 -6.99732756866966338e3 1.95843341543877580e-5 -8.15746613818113474e3 4.29878355134860545e-5 -7.96114804829661534e3 -4.69846384021366112e-5 -8.69554847326980780e3 5.11590769747272066e-5 -8.91416384457555068e3 -3.88578058618804789e-4 -9.25578463779608501e3 2.40163444686913890e-4 -9.80863417128219407e3 -5.50359757767182600e-4 -9.90509655398596806e3 -3.48165940522449023e-5 -1.05841918400684226e4 0.00000000000000000e0 -1.06751584072473088e4 0.00000000000000000e0 -1.12549405726580790e4 4.26769730665910242e-5 -1.15289456061873352e4 -1.04591890703886747e-3 -1.18842552025322220e4
1.60316204755872604e-5 2.29502730997310778e2 1.60316204755872604e-5 2.75799694282596874e2 3.20632409511745209e-5 4.34474405386353624e2 -4.80948614267617813e-5 5.03231925463865082e2 -3.20632409511745209e-5 6.37971347039467673e2 0.00000000000000000e0 7.44491365178845399e2 4.80948614267617813e-5 8.33232300179176377e2 1.60316204755872604e-5 1.00091665373724936e3 0.00000000000000000e0 1.02981116474332157e3 9.61897228535235627e-5 1.25818958216505894e3 1.60316204755872604e-5 1.24872711055878926e3 9.61897228535235627e-5 1.48607470662476248e3 -3.20632409511745209e-5 1.52122347341077102e3 4.80948614267617813e-5 1.62726483545760902e3 1.60316204755872604e-4 1.89722462722308182e3 3.20632409511745209e-5 1.35715825817506175e3 5.77138337121141376e-4 2.64926629247597111e3 -1.60316204755872604e-5 2.93791685357369670e3 5.15143483426072526e-4 1.71473284376055790e3 3.91686683087755160e-5 2.57512832009254544e3 8.59756710269721089e-5 2.53253781936635369e3 1.64446234407478133e-4 2.64965852210252706e3 2.55795384873636033e-5 2.93542638942767553e3 1.44328993201270350e-3 2.83816317323548628e3 -3.00204305858642362e-5 3.21429993852540019e3 1.45683465291313041e-3 3.10680968671483970e3 -6.96331881044898047e-5 3.41036385140824905e3 1.86739512741951303e-4 3.42039334539911943e3 3.99680288865056355e-5 3.56925648032913023e3 -4.26769730665910242e-5 3.73186007669445962e3 2.91038304567337036e-3 3.73955557515515102e3 -6.67746266547197820e2 1.60316204755872604e-5 -1.16467095172545487e3 0.00000000000000000e0 -1.60324906719466753e3 0.00000000000000000e0 -2.10220978420494475e3 0.00000000000000000e0 -2.50917684661011708e3 0.00000000000000000e0 -3.04257260266282947e3 4.80948614267617813e-5 -3.42095472465331341e3 0.00000000000000000e0 -3.96697661626532727e3 3.20632409511745209e-5 -4.35605748827505522e3 -4.80948614267617813e-5 -4.85886895242870742e3 0.00000000000000000e0 -5.32817129981211201e3 4.80948614267617813e-5 -5.70916311311009395e3 -4.80948614267617813e-5 -6.33974904529210926e3 2.56505927609396167e-4 -6.52197345338834111e3 -3.20632409511745209e-5 -7.38502793429240955e3 3.04600789036157948e-4 -7.27941737395099153e3 0.00000000000000000e0 -8.78850162417954562e3 9.61897228535235627e-5 -1.60401862345338486e4 1.28252963804698084e-4 -9.78648563076944629e3 -3.20632409511745209e-5 -9.04609109619869196e3 3.20632409511745209e-5 -1.02234433452252906e4 -3.20632409511745209e-5 -1.01226733133508133e4 0.00000000000000000e0 -1.10038472541873471e4 1.60316204755872604e-5 -1.11866805541094291e4 3.04600789036157948e-4 -1.17803130233795655e4 4.32853752840856032e-4 -1.22398852105742862e4 -1.60316204755872604e-5 -1.25908033488997244e4 -4.32853752840856032e-4 -1.32384344924574270e4 -8.01581023779363022e-5 -1.34717072697299045e4 -1.60316204755872604e-4 -1.41611794686191679e4 -4.80948614267617813e-5 -1.44286449994979193e4 -5.45075096169966855e-4
-2.45814808508271170e2 -1.77635683940025013e-5 -1.21633640937091045e2 -2.22044604925031274e-5 -2.74813460876543957e2 -1.77635683940025013e-5 -3.21760706967211206e2 -1.24344978758017505e-4 -3.57571674491907686e2 1.77635683940025013e-5 -5.07644406511076284e2 -3.28626015289046282e-4 -4.56980324692324245e2 5.32907051820075072e-5 -6.75916242975915679e2 -3.28626015289046282e-4 -5.85117274631841042e2 -3.55271367880050025e-5 -8.17547690745712316e2 -6.66133814775093789e-5 -7.48458523958106412e2 -8.88178419700125063e-6 -9.31057334208063139e2 1.77635683940025019e-4 -9.52664728792740220e2 0.00000000000000000e0 -1.01136599095497104e3 4.44089209850062531e-6 -1.22935731496909284e3 -4.44089209850062531e-6 -1.02567418855947767e3 4.88498130835068810e-5 -1.90669297790435598e3 -1.33226762955018758e-4 -6.84281632601368983e2 -4.44089209850062531e-6 -6.10808257306416522e2 4.89608353859693950e-6 -2.14228162649376918e3 0.00000000000000000e0 -1.36493257958392178e3 1.17461596005341528e-5 -1.73262140652496964e3 0.00000000000000000e0 -1.68756674554515462e3 2.15105711021124080e-4 -1.71754971356463670e3 -2.02637906454583599e-4 -1.92718408680292464e3 1.61870516990347824e-5 -1.79188376696615137e3 1.39266376208979609e-4 -2.10170954915156426e3 4.66848781854878257e-5 -1.93494915454728266e3 -1.99840144432528177e-5 -2.21434634628536742e3 1.49369405733068561e-4 -2.12990256969192160e3 8.29913915367797017e-4 -2.28355647777789272e3 -7.01239066813741374e-4 -2.22044604925031274e-5 -6.95844617482066383e2 2.66453525910037536e-5 -1.29276830129754194e3 -1.02140518265514388e-4 -1.51489459199183307e3 6.21724893790087527e-5 -2.09432272857412681e3 -1.19904086659516893e-4 -2.33311610919884015e3 4.44089209850062531e-6 -2.86570055241241971e3 -1.77635683940025013e-5 -3.18197241000461827e3 -2.48689957516035011e-4 -3.61251373259818774e3 1.95399252334027524e-4 -4.04813564003347847e3 5.37347943918575681e-6 -4.35091927375452724e3 1.47082346302340711e-4 -4.91616334752364946e3 -2.32658337040447832e-4 -5.09153165850761889e3 2.61124455391836784e-5 -5.77955794778261952e3 2.99760216648792266e-5 -5.83306325019350334e3 -6.82121026329696178e-5 -6.65462227100732525e3 5.13367126586672317e-5 -6.52598576955654062e3 -5.46762635167396985e-4 -7.92010699690592810e3 1.28252963804698084e-4 -1.56348961688479430e4 -3.73034936274052543e-4 -8.79673190670171425e3 1.95843341543877580e-5 -8.06939440178844234e3 2.14939177567430272e-5 -9.13151465892214401e3 0.00000000000000000e0 -8.98479512230210094e3 2.55795384873636033e-5 -9.85243661655310643e3 -1.16573417585641437e-3 -9.88380769268992844e3 4.20286028202099314e-4 -1.05527882013789495e4 -1.48920875631119998e-3 -1.08003071046525165e4 1.74082970261224518e-4 -1.12373495040118942e4 -3.73479025483902592e-5 -1.17086178852421344e4 7.99360577730112709e-5 -1.19534313367197792e4 0.00000000000000000e0 -1.25736170048185159e4 -1.86446413863450289e-3 -1.27343298311211038e4
3.55271367880050025e-5 2.40606414791955075e2 0.00000000000000000e0 2.94193096550543430e2 -3.55271367880050025e-5 4.50326744783069387e2 -5.32907051820075072e-5 5.40676055038602385e2 -3.55271367880050025e-5 6.60722747625186344e2 -1.77635683940025013e-5 7.91285543755293361e2 -1.77635683940025013e-5 8.82152484393827649e2 -1.42108547152020010e-4 1.03122983929893030e3 -3.55271367880050025e-5 1.13359769571275115e3 -1.77635683940025019e-4 1.25048439159058921e3 0.00000000000000000e0 1.41400013475845276e3 -1.77635683940025019e-4 1.46460184424768136e3 -3.55271367880050025e-5 1.68715287074405728e3 -5.32907051820075072e-5 1.72008277843360679e3 -2.66453525910037515e-4 1.86893316822533939e3 -1.77635683940025013e-5 2.09586922039761657e3 -9.23705556488130133e-4 1.57430271485736716e3 1.77635683940025013e-5 2.91684777664613603e3 -9.41469124882132638e-4 3.30112987612096686e3 0.00000000000000000e0 1.88616740004476901e3 -1.28963506540458184e-4 2.85170491665098734e3 -3.52384788016024578e-4 2.81634628507276784e3 -5.11590769747272066e-5 2.88465956899130970e3 2.77555756156289135e-5 3.27076064010611799e3 3.00204305858642362e-5 3.06552372819623952e3 -2.39568365145714779e-3 3.55826188069840964e3 0.00000000000000000e0 3.36694391478431453e3 -3.73479025483902606e-4 3.72876094445473382e3 -7.99360577730112709e-5 3.73490154359501457e3 4.26769730665910242e-5 3.85205664699128602e3 -4.54747350886464119e-5 4.09111009957996384e3 -7.01294684546382882e2 0.00000000000000000e0 -1.22972059202197647e3 -5.32907051820075072e-5 -1.68425877689060121e3 1.77635683940025013e-5 -2.21384416576597641e3 -3.55271367880050025e-5 -2.64913209591099940e3 -1.77635683940025013e-5 -3.18384547171035547e3 -1.06581410364015014e-4 -3.63570793027179161e3 3.55271367880050025e-5 -4.13046192804244947e3 -1.42108547152020010e-4 -4.63686459895029566e3 1.77635683940025013e-5 -5.07518517878224793e3 -5.32907051820075072e-5 -5.61921035924228727e3 -1.95399252334027524e-4 -6.05783899487732833e3 -1.77635683940025013e-5 -6.54375531539130770e3 -4.97379915032070022e-4 -7.10953274918324405e3 0.00000000000000000e0 -7.39269678362575087e3 -5.32907051820075031e-4 -8.23619799916741431e3 -1.77635683940025013e-5 -8.14532267412459896e3 -8.88178419700125097e-5 -9.78648563076944629e3 -3.73034936274052543e-4 -1.77808848889071633e4 -1.77635683940025013e-5 -1.08784556287044852e4 1.77635683940025013e-5 -9.93024745685744347e3 1.95399252334027524e-4 -1.13211796699541592e4 1.77635683940025013e-5 -1.10829362455433493e4 8.88178419700125097e-5 -1.21068087777231885e4 -3.73034936274052543e-4 -1.22515667779765663e4 -9.41469124882132638e-4 -1.28702816835968297e4 1.77635683940025013e-5 -1.34115823755109868e4 3.55271367880050025e-5 -1.36849309082975851e4 8.34887714518117610e-4 -1.44865270979011038e4 9.05941988094127629e-4 -1.46116454178724107e4 3.90798504668055048e-4 -1.54382055825408315e4 9.59232693276135143e-4
-2.34154504885619673e2 0.00000000000000000e0 -1.22053335538385682e2 4.89608353859693950e-6 -2.27634184801761506e2 -4.89608353859693950e-6 -3.28534201943231267e2 1.46882506157908176e-5 -2.89878667669718425e2 0.00000000000000000e0 -4.94722220090171220e2 4.89608353859693950e-6 -4.05889041477092064e2 0.00000000000000000e0 -6.02150616269003649e2 -4.89608353859693950e-6 -5.89644922188714418e2 4.89608353859693950e-6 -6.56906926455036455e2 -4.89608353859693950e-6 -8.13370433405680046e2 4.89608353859693950e-6 -7.08158158824190423e2 9.79216707719387899e-6 -1.01485708849935452e3 2.44804176929846983e-5 -8.29602906371462723e2 1.46882506157908176e-5 -1.12444712385695311e3 3.42725847701785756e-5 -1.10690235670674019e3 4.89608353859693950e-6 -1.07806572948732060e3 -4.89608353859693950e-6 -1.90550502332520455e3 0.00000000000000000e0 -5.77536098944619766e2 4.89608353859693950e-6 -5.49404496297256514e2 -2.68673971959287849e-5 -2.08073085250504164e3 5.87307980026707640e-6 -1.42052115350566010e3 -4.47641923528863049e-5 -1.57341562498913822e3 -6.93889390390722838e-6 -1.73797318203661189e3 1.50102152929321181e-5 -1.58405734982380886e3 0.00000000000000000e0 -1.89559372159031636e3 0.00000000000000000e0 -1.73769791516065175e3 -2.80109269112926961e-5 -1.96589230263555214e3 2.99760216648792266e-5 -1.94681814669195319e3 4.26769730665910242e-5 -2.01528638879011646e3 -1.13686837721616030e-5 -2.14364081330131739e3 1.81354931072519321e-4 -4.89608353859693950e-6 -7.03323217965401341e2 4.89608353859693950e-6 -1.34570343488515914e3 9.79216707719387899e-6 -1.56316586414906283e3 9.79216707719387899e-6 -2.14213474888369456e3 -4.89608353859693950e-6 -2.45178011513136289e3 -4.89608353859693950e-6 -2.88856490766597972e3 4.89608353859693950e-6 -3.37231916621716300e3 -9.79216707719387899e-6 -3.63341494361568630e3 4.89608353859693950e-6 -4.26099501972254529e3 0.00000000000000000e0 -4.44295263749561127e3 -1.91846538655227016e-5 -5.06066589104347986e3 7.50510764646605906e-6 -5.35499420756257859e3 0.00000000000000000e0 -5.75888926516165884e3 -1.99840144432528177e-5 -6.35417695300510695e3 1.13686837721616030e-5 -6.39602616829826184e3 -1.28341781646668079e-5 -7.38856683295541097e3 -1.43884903991420271e-5 -6.99732756866966338e3 -3.20632409511745209e-5 -8.79673190670171425e3 -1.77635683940025013e-5 -1.70090461899086149e4 -5.87530024631632706e-5 -9.67127116981991639e3 2.14939177567430272e-5 -8.65150545650283675e3 -4.69846384021366112e-5 -9.87317170739743051e3 -5.11590769747272066e-5 -9.72677889621298527e3 2.77555756156289135e-5 -1.04957603682898098e4 9.00612917575927121e-5 -1.07449193836428603e4 6.47482067961391294e-5 -1.11655517596176396e4 -3.48165940522449023e-5 -1.16933446399181103e4 -7.46958050967805185e-5 -1.19222591499212886e4 3.99680288865056355e-5 -1.25478795453881648e4 -4.26769730665910242e-5 -1.27708992636144103e4 9.09494701772928238e-5 -1.33260277629720913e4
-3.91686683087755160e-5 2.46529498015846059e2 -1.95843341543877580e-5 3.01067442576297083e2 1.95843341543877580e-5 4.74108548020879425e2 3.91686683087755160e-5 5.38734657284933746e2 5.87530024631632706e-5 7.09486608663212223e2 -1.95843341543877580e-5 7.85805270453465596e2 1.95843341543877580e-5 9.36732098288928000e2 1.95843341543877580e-5 1.05635546350235632e3 3.91686683087755160e-5 1.15193459331308622e3 1.95843341543877580e-5 1.35012311970328346e3 -3.91686683087755160e-5 1.36538953903198012e3 5.87530024631632706e-5 1.64638650552717513e3 0.00000000000000000e0 1.60550128991410156e3 0.00000000000000000e0 1.90246164302187958e3 1.95843341543877580e-5 1.91511954654721671e3 1.95843341543877580e-5 2.04360732976027703e3 1.17506004926326541e-4 2.35629539160342392e3 3.91686683087755160e-5 1.67201556400264872e3 1.95843341543877587e-4 3.26358792710479338e3 -1.95843341543877580e-5 3.56370306184849915e3 1.07469588783715140e-4 2.07945831394162860e3 4.69846384021366112e-5 3.08826877191137282e3 0.00000000000000000e0 3.04211697632616961e3 5.27355936696949357e-4 3.15248159297176699e3 0.00000000000000000e0 3.48476693421417758e3 7.12230274757530424e-4 3.35830746132081913e3 0.00000000000000000e0 3.77279843686295544e3 1.12043707645170785e-4 3.65699031537047767e3 0.00000000000000000e0 3.96951682604118560e3 -8.53539461331820484e-5 3.99866969376105817e3 1.27329258248209953e-3 4.13434071697693525e3 -7.44564951693504781e2 0.00000000000000000e0 -1.28493537090434961e3 3.91686683087755160e-5 -1.79327408402762921e3 -1.95843341543877580e-5 -2.31589580872437682e3 1.95843341543877580e-5 -2.80491988355890908e3 -1.95843341543877580e-5 -3.36104480287424622e3 1.95843341543877580e-5 -3.80627499678709501e3 -3.91686683087755160e-5 -4.40872070490705300e3 1.95843341543877580e-5 -4.81288971796445185e3 1.95843341543877580e-5 -5.43776732242484559e3 -1.95843341543877580e-5 -5.84949389086375413e3 7.83373366175510319e-5 -6.42287117891271373e3 1.95843341543877580e-5 -6.93749340814342304e3 3.91686683087755160e-5 -7.35064689116881982e3 0.00000000000000000e0 -8.07943446825554020e3 9.79216707719387933e-5 -8.23007951669119029e3 1.95843341543877580e-5 -9.26246653616402546e3 1.95843341543877580e-5 -9.04609109619869196e3 1.95843341543877580e-5 -1.08784556287044852e4 -5.87530024631632706e-5 -1.97019320490099381e4 6.26698692940408256e-4 -1.19782491983855252e4 -3.91686683087755160e-5 -1.10212725883851417e4 7.83373366175510347e-4 -1.23938486609631564e4 -1.95843341543877580e-5 -1.22488919007679451e4 1.17506004926326541e-4 -1.32349167527578993e4 7.83373366175510319e-5 -1.34499297099743853e4 0.00000000000000000e0 -1.40853549488895151e4 -9.20463705256224568e-4 -1.46229211278825460e4 0.00000000000000000e0 -1.49900967638672009e4 -1.76259007389489825e-4 -1.57219187518986564e4 -3.91686683087755160e-5 -1.59841066306398716e4 1.76259007389489825e-4
-2.64422491147442429e2 -5.37347943918575681e-6 -1.32720729340007892e2 1.07469588783715136e-5 -2.86298764207160161e2 0.00000000000000000e0 -3.50648367497541301e2 5.37347943918575681e-6 -3.74363918087539048e2 0.00000000000000000e0 -5.41859995495386215e2 -1.07469588783715136e-5 -4.93674420187772910e2 -5.37347943918575681e-6 -7.02328518276118416e2 0.00000000000000000e0 -6.50370067223349224e2 1.61204383175572730e-5 -8.36108247570521598e2 1.07469588783715136e-5 -8.30511333305139374e2 -5.37347943918575681e-6 -9.66501195742708433e2 0.00000000000000000e0 -1.01436885540095989e3 8.06021915877863648e-5 -1.10596110269867154e3 0.00000000000000000e0 -1.20386937396688154e3 8.59756710269721089e-5 -1.23809469916302805e3 1.61204383175572730e-5 -1.46116953096964130e3 5.37347943918575681e-6 -1.29074808796758589e3 1.61204383175572730e-4 -2.22669482852211286e3 -2.47180054202544852e-4 -8.69144563520052088e2 -5.37347943918575681e-6 -6.33918353898366149e2 -4.69846384021366112e-5 -2.60763239623429308e3 7.03437308402499048e-5 -1.57479763629453350e3 -2.70616862252381907e-4 -2.02228711554397478e3 8.25561841111266539e-5 -2.00877115137387841e3 6.47482067961391294e-5 -1.92678626733666647e3 1.74082970261224512e-5 -2.31679031230669307e3 -9.33697563709756481e-6 -1.98259260399957748e3 0.00000000000000000e0 -2.49360720072644426e3 2.02715622066307360e-4 -2.17031646823073743e3 6.82121026329696178e-5 -2.54901401604001876e3 5.07793807003054098e-4 -5.37347943918575681e-6 -7.61672129012680330e2 -5.37347943918575681e-6 -1.42307949495545904e3 -1.07469588783715136e-5 -1.66924960369740893e3 0.00000000000000000e0 -2.29280495531725137e3 1.07469588783715136e-5 -2.58323213153666120e3 -5.37347943918575681e-6 -3.12870896768124840e3 -5.37347943918575681e-6 -3.52249775064095138e3 0.00000000000000000e0 -3.95574390714692436e3 -5.37347943918575681e-6 -4.45470540659798007e3 3.11661807472773944e-4 -4.80358661403279530e3 -6.39488462184090083e-6 -5.36005737417077853e3 1.27586829989923017e-4 -5.67580527213173900e3 -1.74082970261224512e-5 -6.25102478983841047e3 4.29656310529935581e-4 -6.54478969743799098e3 6.82121026329696178e-5 -7.16858031073463917e3 -1.15507603482001273e-4 -7.36771108793554595e3 1.43884903991420271e-5 -8.15746613818113474e3 3.20632409511745209e-5 -8.06939440178844234e3 1.77635683940025013e-5 -9.67127116981991639e3 6.26698692940408256e-4 -1.90294344321273456e4 -3.43902684107888436e-4 -1.07128489890362362e4 -6.57784937629912530e-4 -9.62956272161363631e3 8.18545231595635306e-4 -1.10620113832893276e4 2.77555756156289135e-5 -1.06496769321395859e4 -6.00408611717284725e-5 -1.18148857590427706e4 -6.47482067961391294e-5 -1.17000117203502869e4 9.40048039410612437e-4 -1.24919154847580303e4 -5.60218538225853882e-4 -1.28004138488790886e4 -3.99680288865056355e-5 -1.31663674796000960e4 1.70707892266364097e-4 -1.38671796889866528e4 4.54747350886464119e-5 -1.39281987607375868e4
-2.14939177567430272e-5 2.71281399122358380e2 0.00000000000000000e0 3.27277998479758025e2 4.29878355134860545e-5 5.03104414484312144e2 2.14939177567430272e-5 6.08822377934359338e2 0.00000000000000000e0 7.28451226450488207e2 0.00000000000000000e0 9.00835885886408391e2 0.00000000000000000e0 9.62776843138612890e2 -4.29878355134860545e-5 1.18009855700762500e3 0.00000000000000000e0 1.23674934524586888e3 -2.14939177567430272e-5 1.42436326218131603e3 -2.14939177567430272e-5 1.56196139133868405e3 -6.44817532702290919e-5 1.63933627117529545e3 2.14939177567430272e-5 1.91183061506450235e3 2.14939177567430272e-5 1.86756709403823584e3 0.00000000000000000e0 2.22096089039780509e3 -2.14939177567430272e-5 2.17667428490386783e3 -6.44817532702290919e-5 2.38635293356992406e3 -4.29878355134860545e-5 2.65151600302715451e3 -8.59756710269721089e-5 1.96092470066133706e3 2.14939177567430272e-5 3.66464398204868712e3 0.00000000000000000e0 4.00170766692298184e3 0.00000000000000000e0 2.37963208640223911e3 -5.11590769747272066e-5 3.44369183800097244e3 -4.71844785465691530e-4 3.44781383407877183e3 -3.00204305858642362e-5 3.49392063050402112e3 -5.17985654369113036e-4 3.92065575809397114e3 -6.96331881044898047e-5 3.72445078671290685e3 -3.73479025483902592e-5 4.20357112709268677e3 7.99360577730112709e-5 4.07068672156896082e3 4.26769730665910242e-5 4.38140114162877126e3 -1.31876731757074594e-3 4.45822517534111284e3 -7.69550069001922907e2 -2.14939177567430272e-5 -1.35920163479852363e3 4.29878355134860545e-5 -1.84418102371353120e3 2.14939177567430272e-5 -2.45019913318600402e3 0.00000000000000000e0 -2.90023308728848360e3 0.00000000000000000e0 -3.51982022106511704e3 -2.14939177567430272e-5 -3.99043636392093458e3 -6.44817532702290919e-5 -4.54981770143802987e3 2.14939177567430272e-5 -5.11286334354821247e3 -1.07469588783715140e-4 -5.56132847808754559e3 -2.14939177567430272e-5 -6.22903204661184827e3 -6.44817532702290919e-5 -6.60451838783160292e3 -2.14939177567430272e-5 -7.28527512663390462e3 -2.14939177567430272e-5 -7.72742156520678145e3 2.14939177567430272e-5 -8.24834834940446490e3 -8.59756710269721089e-5 -8.94229893617648486e3 0.00000000000000000e0 -9.12874326157719770e3 4.29878355134860545e-5 -1.02234433452252906e4 2.14939177567430272e-5 -9.93024745685744347e3 2.14939177567430272e-5 -1.19782491983855252e4 -3.43902684107888436e-4 -2.15723281705493246e4 2.14939177567430272e-5 -1.31367478980681753e4 -5.15854026161832735e-4 -1.19752402554240671e4 4.29878355134860545e-5 -1.35160055925176439e4 0.00000000000000000e0 -1.32999663426502957e4 4.29878355134860545e-5 -1.43480638058690602e4 2.14939177567430272e-5 -1.45985038813023475e4 5.15854026161832735e-4 -1.52006086246547748e4 2.14939177567430272e-5 -1.58469927180604482e4 1.71951342053944218e-4 -1.61393093215167501e4 -4.29878355134860545e-5 -1.69840264334197855e4 2.14939177567430272e-5
-2.66777003177232018e2 5.87307980026707640e-6 -1.36095656610990517e2 1.17461596005341528e-5 -2.73204172818175493e2 -1.17461596005341528e-5 -3.65763240939287357e2 1.17461596005341528e-5 -3.48314338471933297e2 -1.17461596005341528e-5 -5.63254587893080384e2 2.93653990013353837e-5 -4.66963224543537194e2 -1.76192394008012309e-5 -7.10935769498987952e2 2.93653990013353837e-5 -6.49552201192893222e2 0.00000000000000000e0 -8.02060561055917105e2 0.00000000000000000e0 -8.85590717558670690e2 5.28577182024036893e-5 -8.64846741688296675e2 0.00000000000000000e0 -1.13182685694823681e3 4.69846384021366139e-4 -9.54699359567712236e2 0.00000000000000000e0 -1.32881154968345072e3 4.22861745619229515e-4 -1.13590283787878820e3 1.76192394008012309e-5 -1.42165690899531660e3 4.11115586018695331e-5 -1.48384966198733537e3 1.99684713209080601e-4 -1.35457757011181434e3 -1.17461596005341528e-5 -2.42813842592504125e3 -2.34923192010683056e-5 -7.62270594911740204e2 -7.04769576032049236e-5 -7.49207975925258779e2 -2.55795384873636033e-5 -2.61700142516474398e3 6.93889390390722838e-6 -1.75506467692265755e3 1.57607260575787250e-4 -2.01506388393113434e3 1.05215836043726085e-4 -2.12154874388303961e3 0.00000000000000000e0 -2.00885376244741542e3 -9.33697563709756515e-5 -2.32412512999324827e3 -1.39888101102769724e-4 -2.15134498215974190e3 -3.94762000865966965e-4 -2.43474440169144691e3 -4.54747350886464119e-5 -2.36019527619646396e3 5.07793807003054098e-4 -1.17461596005341528e-5 -7.84425364497298460e2 0.00000000000000000e0 -1.48712068033240962e3 5.87307980026707640e-6 -1.72925199127815745e3 5.87307980026707640e-6 -2.38330529733765616e3 -5.87307980026707640e-6 -2.69525719048813107e3 -1.17461596005341528e-5 -3.22824749864336536e3 -5.87307980026707640e-6 -3.70254547159554068e3 5.87307980026707640e-6 -4.05426887447601803e3 5.87307980026707640e-6 -4.70154449961901355e3 1.46826995006676898e-4 -4.91820895606176327e3 -1.27897692436818017e-5 -5.63684270633579672e3 9.00612917575927121e-5 -5.86637642555620641e3 0.00000000000000000e0 -6.47832314996099467e3 -1.99840144432528177e-5 -6.90851781158796439e3 0.00000000000000000e0 -7.23777859298335534e3 -1.28341781646668079e-5 -8.01221132918916464e3 1.72661884789704318e-4 -7.96114804829661534e3 -3.20632409511745209e-5 -9.13151465892214401e3 1.95399252334027524e-4 -8.65150545650283675e3 -3.91686683087755160e-5 -1.07128489890362362e4 2.14939177567430272e-5 -2.07075993534644404e4 2.34923192010683056e-5 -1.16747731098598688e4 -2.55795384873636033e-5 -1.04970081168942470e4 3.05311331771918049e-4 -1.18660765902944859e4 -3.00204305858642362e-5 -1.16693922730837239e4 6.15107964563321730e-4 -1.25799300221274261e4 -3.48165940522449023e-5 -1.27756764450426253e4 3.73479025483902592e-5 -1.33348913211595027e4 -3.99680288865056355e-5 -1.38276879124377156e4 0.00000000000000000e0 -1.41582685387220408e4 4.09272615797817707e-4 -1.47996071370948266e4
2.34923192010683056e-5 2.66868517506679780e2 2.34923192010683056e-5 3.29466550619272766e2 4.69846384021366112e-5 5.15012951840532082e2 -2.34923192010683056e-5 5.86201139407549363e2 0.00000000000000000e0 7.76074990271879756e2 2.34923192010683056e-5 8.48316080093169717e2 0.00000000000000000e0 1.03346099757928278e3 0.00000000000000000e0 1.13226840006141992e3 -4.69846384021366112e-5 1.27934847782284987e3 -4.69846384021366112e-5 1.44471293301862102e3 0.00000000000000000e0 1.51532734418147152e3 0.00000000000000000e0 1.77654447890418464e3 0.00000000000000000e0 1.75858363768988056e3 0.00000000000000000e0 2.09916290101474988e3 7.04769576032049236e-5 2.04098889446946373e3 -2.34923192010683056e-5 2.36592889804043625e3 -7.04769576032049236e-5 2.40405486477968043e3 2.34923192010683056e-5 2.49760717641045403e3 -2.11430872809614757e-4 2.91135596950375839e3 2.34923192010683056e-5 2.02429905820089516e3 -4.69846384021366112e-5 3.96578900678789978e3 0.00000000000000000e0 4.28224955171252350e3 -2.55795384873636033e-5 2.47445281771341206e3 -1.02695629777826980e-3 3.70226833270592579e3 0.00000000000000000e0 3.57799628987187543e3 -1.13309361893243477e-3 3.75396099632219102e3 -1.04449782156734714e-4 4.07127724897371354e3 -7.46958050967805185e-5 3.95495857778982327e3 -3.99680288865056355e-5 4.39858276464199935e3 0.00000000000000000e0 4.25103746848343053e3 -2.13731254916638136e-3 4.62449164837508306e3 -8.18370585253802346e2 -2.34923192010683056e-5 -1.40838957891631321e3 -4.69846384021366112e-5 -1.97349924366818595e3 2.34923192010683056e-5 -2.53547740576287515e3 -7.04769576032049236e-5 -3.08956759882406050e3 2.34923192010683056e-5 -3.67823284759260969e3 -7.04769576032049236e-5 -4.19162985676457720e3 0.00000000000000000e0 -4.82994342054787649e3 4.69846384021366112e-5 -5.28933640380202360e3 4.69846384021366112e-5 -5.97489703868525430e3 -2.34923192010683056e-5 -6.40345346343273832e3 0.00000000000000000e0 -7.08907658788504432e3 -2.34923192010683056e-5 -7.55836827126543449e3 -4.69846384021366112e-5 -8.15149755402088977e3 -2.34923192010683056e-5 -8.76849017017455662e3 -2.34923192010683056e-5 -9.15750737724429746e3 -2.34923192010683056e-5 -1.00274868994887329e4 -4.69846384021366112e-5 -1.01226733133508133e4 0.00000000000000000e0 -1.13211796699541592e4 -4.69846384021366112e-5 -1.10212725883851417e4 -6.57784937629912530e-4 -1.31367478980681753e4 2.34923192010683056e-5 -2.37692949600187749e4 -1.12763132165127878e-3 -1.43370393573150050e4 2.34923192010683056e-5 -1.32035657129936371e4 -9.39692768042732225e-5 -1.47442679008236173e4 2.34923192010683056e-5 -1.45496532038436053e4 -7.04769576032049236e-5 -1.56794497328860398e4 3.05400149613887953e-4 -1.58564061970789517e4 0.00000000000000000e0 -1.66244289534489544e4 1.05715436404807384e-3 -1.71415951474518406e4 4.69846384021366112e-5 -1.76140226358256768e4 -1.01016972564593722e-3
-2.78701951117454826e2 -1.27897692436818017e-5 -1.42619797571796852e2 6.39488462184090083e-6 -2.86621050094026884e2 6.39488462184090083e-6 -3.78562582881158903e2 0.00000000000000000e0 -3.73488868632421088e2 -6.39488462184090083e-6 -5.73139967485758348e2 1.91846538655227016e-5 -5.10649749685398945e2 -1.91846538655227016e-5 -7.17703873931441080e2 1.27897692436818017e-5 -7.01811568859511567e2 0.00000000000000000e0 -8.27683771120746201e2 1.27897692436818017e-5 -9.13115445655421240e2 5.24380538990953829e-4 -9.50221101225778966e2 -6.39488462184090083e-6 -1.09680970190595394e3 2.30215846386272433e-4 -1.12439329846836245e3 -2.55795384873636033e-5 -1.23308727779658511e3 3.13349346470204128e-4 -1.34323502036792752e3 -3.83693077310454033e-5 -1.36337005525177779e3 1.08713038571295315e-4 -1.54018883233852921e3 2.04636307898908826e-4 -1.61253344899137096e3 -2.55795384873636013e-4 -1.58652358051014608e3 1.72661884789704318e-4 -2.53280866324701037e3 -1.79056769411545220e-4 -9.96143213605193750e2 0.00000000000000000e0 -6.77383729907887641e2 -7.35522753814166208e-4 -2.98117855401791576e3 2.17648121747515715e-4 -1.84962291207568819e3 6.47482067961391294e-5 -2.19963799494848899e3 -2.61124455391836784e-5 -2.37041754616029675e3 6.53588294596829520e-5 -2.06866655965143264e3 -5.99520433297584532e-5 -2.67176796686641183e3 -2.13384865332955121e-5 -2.17444358758811541e3 -4.09272615797817707e-4 -2.77211702268687077e3 -2.41806574763359095e-5 0.00000000000000000e0 -8.21846565202122179e2 1.27897692436818017e-5 -1.55150882221732877e3 -6.39488462184090083e-6 -1.81586258989341309e3 -1.27897692436818017e-5 -2.48270509430881202e3 1.91846538655227016e-5 -2.82898703503064962e3 6.39488462184090083e-6 -3.37116266422299259e3 6.39488462184090083e-6 -3.86616463003974741e3 6.39488462184090083e-6 -4.26445777890194131e3 -6.39488462184090083e-6 -4.87075849733287123e3 4.09272615797817653e-4 -5.21277617551163439e3 -4.47641923528863049e-5 -5.81106028576527842e3 3.60245167030370848e-4 -6.21993576643831057e3 -1.74082970261224512e-5 -6.71305674728728172e3 7.39408534400354256e-4 -7.23258675350280009e3 1.59161572810262442e-4 -7.65125041723990671e3 -1.41175959811334879e-4 -8.17187823329845651e3 1.43884903991420271e-5 -8.69554847326980780e3 0.00000000000000000e0 -8.98479512230210094e3 1.77635683940025013e-5 -9.87317170739743051e3 7.83373366175510347e-4 -9.62956272161363631e3 -5.15854026161832735e-4 -1.16747731098598688e4 -1.12763132165127878e-3 -2.26241918767300340e4 1.43245415529236176e-3 -1.28365258353357876e4 0.00000000000000000e0 -1.12827018560857105e4 0.00000000000000000e0 -1.30948572291567089e4 0.00000000000000000e0 -1.24861156214350885e4 1.28821397993306142e-3 -1.37937174680136086e4 -7.84305953516195478e-4 -1.37416263268352886e4 -1.19904086659516906e-4 -1.44434263079751272e4 6.40154595998865370e-4 -1.50037014122972323e4 4.54747350886464119e-5 -1.51612348060048407e4
2.55795384873636033e-5 2.96897508178517398e2 -2.55795384873636033e-5 3.56474990326205386e2 -7.67386154620908065e-5 5.52498335082418521e2 5.11590769747272066e-5 6.61701170656669888e2 5.11590769747272066e-5 8.00468401962461826e2 0.00000000000000000e0 9.81725472115613115e2 -2.55795384873636033e-5 1.05189677128691960e3 0.00000000000000000e0 1.29667195380989119e3 5.11590769747272066e-5 1.33742929051550141e3 5.11590769747272066e-5 1.58101602210081160e3 2.55795384873636033e-5 1.67687917951297982e3 -5.11590769747272066e-5 1.82817355494080380e3 0.00000000000000000e0 2.06002477796118865e3 0.00000000000000000e0 2.06347658320282744e3 0.00000000000000000e0 2.44194746983339382e3 5.11590769747272066e-5 2.33943575551620552e3 1.53477230924181613e-4 2.75247321894767038e3 5.11590769747272066e-5 2.71891242960009504e3 2.81374923360999619e-4 2.89176419130399108e3 2.55795384873636033e-5 3.27768030956576649e3 0.00000000000000000e0 2.34769257474454162e3 5.11590769747272066e-5 4.45015242576118817e3 -2.55795384873636033e-5 4.77062449704135270e3 1.30451205393455893e-3 2.83732049695117848e3 0.00000000000000000e0 4.11384505980549784e3 1.58633106650540867e-3 4.04096678039422795e3 -3.48165940522449023e-5 4.16407779937344367e3 2.24087415290341569e-4 4.55622240735919968e3 7.99360577730112709e-5 4.39559633491626209e3 8.53539461331820484e-5 4.87826779931310648e3 2.54658516496419907e-3 4.73688053261866935e3 -8.41751321445371900e2 0.00000000000000000e0 -1.48454685984233925e3 5.11590769747272066e-5 -2.01725328281554516e3 -2.55795384873636033e-5 -2.67801084987695458e3 2.55795384873636033e-5 -3.16797399193546835e3 -2.55795384873636033e-5 -3.85402424853964430e3 -5.11590769747272066e-5 -4.35055509058201915e3 0.00000000000000000e0 -4.98932829771092565e3 5.11590769747272066e-5 -5.57104642098238310e3 -2.55795384873636033e-5 -6.09488863858587047e3 7.67386154620908065e-5 -6.80175442369090797e3 -5.11590769747272066e-5 -7.21165974937321062e3 2.55795384873636033e-5 -7.99375490601050751e3 5.11590769747272066e-5 -8.38944089878168415e3 0.00000000000000000e0 -9.10430752867341471e3 1.02318153949454413e-4 -9.65729159361216989e3 -2.55795384873636033e-5 -1.01240987049777668e4 5.11590769747272066e-5 -1.10038472541873471e4 2.55795384873636033e-5 -1.10829362455433493e4 -5.11590769747272066e-5 -1.23938486609631564e4 8.18545231595635306e-4 -1.19752402554240671e4 -2.55795384873636033e-5 -1.43370393573150050e4 1.43245415529236176e-3 -2.58188986094864922e4 -2.55795384873636033e-5 -1.55780505439739864e4 7.67386154620908065e-5 -1.42578154026296052e4 0.00000000000000000e0 -1.59363086351227430e4 -2.55795384873636033e-5 -1.57027343746563001e4 -1.79056769411545220e-4 -1.68672077212939075e4 7.67386154620908065e-5 -1.70953841083232292e4 -7.67386154620908092e-4 -1.78266596611020868e4 0.00000000000000000e0 -1.84409670509921852e4 1.30455646285554372e-3
-3.01353345055765942e2 6.93889390390722838e-6 -1.50819121080836283e2 -1.38777878078144568e-5 -3.23964993720338157e2 1.38777878078144568e-5 -4.02991848225120464e2 6.93889390390722838e-6 -4.16298821803717829e2 0.00000000000000000e0 -6.30576792171044758e2 6.93889390390722838e-6 -5.41351283245283867e2 6.93889390390722838e-6 -8.19543870267391867e2 3.46944695195361419e-5 -7.21936718739435491e2 0.00000000000000000e0 -9.54694642785192173e2 1.38777878078144568e-5 -9.60820735473877335e2 1.38777878078144568e-5 -1.04734500698810984e3 -6.93889390390722838e-6 -1.23312357001026362e3 6.93889390390722838e-5 -1.13477671259687440e3 6.93889390390722838e-6 -1.49276974070744473e3 4.85722573273505986e-5 -1.26899529324653304e3 0.00000000000000000e0 -1.68759615402080931e3 6.93889390390722838e-6 -1.50511573480116567e3 5.55111512312578270e-5 -1.77245707888573611e3 6.93889390390722838e-6 -1.91715896118438377e3 3.67761376907083104e-4 -1.69037658803716772e3 0.00000000000000000e0 -3.01482904054850496e3 4.09394740330526474e-4 -9.95733211084370737e2 -1.38777878078144568e-5 -9.86182635553944920e2 3.75255382323302978e-5 -3.22716899940900294e3 6.47482067961391294e-5 -2.14610285023120196e3 1.74082970261224512e-5 -2.51276317158044503e3 -2.80109269112926961e-5 -2.56954361308459011e3 -1.99840144432528177e-5 -2.48657826329434783e3 -1.17361675933125311e-4 -2.81747653203545678e3 1.13686837721616030e-5 -2.62303069575864356e3 8.46323011671756831e-5 0.00000000000000000e0 -8.68367024120519886e2 -6.93889390390722838e-6 -1.62880991333436145e3 -1.38777878078144568e-5 -1.90026749891103464e3 0.00000000000000000e0 -2.62650885068937987e3 2.08166817117216851e-5 -2.94308980658408700e3 0.00000000000000000e0 -3.57534286204996852e3 -6.93889390390722838e-6 -4.03177741192806161e3 6.93889390390722838e-6 -4.49304504712699782e3 0.00000000000000000e0 -5.13165650944946719e3 5.55111512312578270e-5 -5.42420825616618549e3 6.93889390390722838e-6 -6.19427057563237668e3 3.75255382323302978e-5 -6.41511923443749401e3 8.70414851306122558e-6 -7.18044101261083870e3 0.00000000000000000e0 -7.49251116705096410e3 -1.13686837721616030e-5 -8.07945896991180143e3 0.00000000000000000e0 -8.65042611847277658e3 7.19424519957101303e-5 -8.91416384457555068e3 1.60316204755872604e-5 -9.85243661655310643e3 8.88178419700125097e-5 -9.72677889621298527e3 -1.95843341543877580e-5 -1.10620113832893276e4 4.29878355134860545e-5 -1.04970081168942470e4 2.34923192010683056e-5 -1.28365258353357876e4 -2.55795384873636033e-5 -2.47730040647820024e4 2.22044604925031308e-4 -1.38948978844144494e4 1.20081722343456945e-4 -1.25225709201148838e4 1.94244620388417388e-4 -1.40676067983846988e4 -6.96331881044898047e-5 -1.37996008364171794e4 7.46958050967805185e-5 -1.48650709641540143e4 -3.99680288865056355e-5 -1.50028898332488243e4 1.28030919199773052e-4 -1.56972332206350984e4 9.09494701772928238e-5 -1.61651815734242791e4
0.00000000000000000e0 2.93351953839504631e2 0.00000000000000000e0 3.62022023470132126e2 -8.32667268468867405e-5 5.60898716361890592e2 -2.77555756156289135e-5 6.50253878520246076e2 -1.66533453693773481e-4 8.39372349403788576e2 -2.77555756156289135e-5 9.42940253656487926e2 -1.11022302462515654e-4 1.12077713776415067e3 -2.77555756156289135e-4 1.24701310388886100e3 -8.32667268468867405e-5 1.40561831618590827e3 -5.55111512312578270e-4 1.56588630950693641e3 0.00000000000000000e0 1.69223179913302602e3 -6.10622663543836097e-4 1.90203625072271620e3 -1.11022302462515654e-4 1.97921765088260327e3 -3.05311331771918049e-4 2.25182669733037255e3 -7.21644966006351751e-4 2.27206764513709913e3 -8.32667268468867405e-5 2.59699256544010404e3 -1.11022302462515654e-4 2.59169208316478716e3 2.77555756156289135e-5 2.89508775286329001e3 5.55111512312578270e-5 2.98023059008833980e3 -1.11022302462515654e-4 3.05209371664894024e3 -7.49400541621980665e-4 3.52110032797448002e3 -1.83186799063150829e-3 2.49413148467603196e3 -8.32667268468867405e-5 4.71731084750182072e3 -8.32667268468867405e-5 5.14827197539702320e3 3.00204305858642362e-5 2.90374072009491601e3 -3.23741033980695647e-5 4.42100636655062863e3 0.00000000000000000e0 4.20247747712210185e3 -1.41922029683882989e-3 4.41297109965432810e3 -8.39328606616618345e-4 4.79012146614721223e3 4.26769730665910242e-5 4.57883791993296563e3 9.09494701772928238e-5 5.16859399724012292e3 -8.87870860166728448e2 -2.77555756156289135e-5 -1.53648624379165722e3 -2.77555756156289135e-5 -2.13906464763269378e3 -8.32667268468867405e-5 -2.76527303832985172e3 -1.66533453693773481e-4 -3.35451652566654002e3 -5.55111512312578270e-5 -4.00002406197863547e3 -2.77555756156289135e-4 -4.56751964028612201e3 5.55111512312578270e-5 -5.23377644001676890e3 -3.60822483003175876e-4 -5.78049630384214197e3 -8.32667268468867405e-5 -6.46493872324960284e3 -1.38777878078144568e-4 -6.99527302749913815e3 -3.60822483003175876e-4 -7.68970820352876672e3 -2.77555756156289135e-5 -8.21916990023652215e3 -1.41553435639707459e-3 -8.89669468651099851e3 1.38777878078144568e-4 -9.46782971467108291e3 -1.49880108324396133e-3 -1.00675952852125047e4 -2.77555756156289135e-5 -1.07597569742878823e4 -3.88578058618804789e-4 -1.11866805541094291e4 -1.16573417585641437e-3 -1.21068087777231885e4 2.77555756156289135e-5 -1.22488919007679451e4 2.77555756156289135e-5 -1.35160055925176439e4 3.05311331771918049e-4 -1.32035657129936371e4 0.00000000000000000e0 -1.55780505439739864e4 2.22044604925031308e-4 -2.81791936451725196e4 -1.27675647831893002e-3 -1.69278529128291702e4 0.00000000000000000e0 -1.54970611383475898e4 8.32667268468867405e-5 -1.73437240817975144e4 -2.77555756156289135e-5 -1.69559844699573841e4 1.11022302462515654e-3 -1.83561594724324095e4 1.66533453693773481e-4 -1.84026190847674807e4 4.99600361081320443e-4 -1.93411546661081957e4 1.11022302462515654e-4
-2.95053175225490406e2 7.50510764646605906e-6 -1.52865135794044733e2 -7.50510764646605906e-6 -2.91685438291722278e2 -7.50510764646605906e-6 -4.08433586951417794e2 -3.00204305858642362e-5 -3.76742714536249025e2 0.00000000000000000e0 -6.12635805508077283e2 -4.50306458787963561e-5 -5.26402441369811072e2 3.00204305858642362e-5 -7.50682413963588260e2 -4.50306458787963561e-5 -7.46894916359153285e2 -7.50510764646605906e-6 -8.41431571352302512e2 -2.25153229393981780e-5 -9.94336866977363456e2 -9.00612917575927121e-5 -9.46983923144628761e2 8.25561841111266539e-5 -1.20029352377315467e3 -1.80122583515185424e-4 -1.12874602664625468e3 1.27586829989923017e-4 -1.32311272409424419e3 -6.00408611717284725e-5 -1.39714075046981611e3 3.00204305858642362e-5 -1.38940942431275948e3 3.75255382323302978e-5 -1.68990930626833347e3 -2.92699198212176325e-4 -1.50036038704115504e3 2.77688982919244208e-4 -1.88987532023787662e3 1.57607260575787250e-4 -1.81902909908160359e3 -9.00612917575927121e-5 -1.84990349771929573e3 -7.50510764646605906e-6 -2.96845377079080163e3 -2.25153229393981780e-5 -1.03828673436723307e3 -6.75459688181945375e-5 -8.29383501965708206e2 -4.04676292475869559e-5 -3.32803672140613571e3 7.13740178071020528e-4 -2.19073798248814410e3 8.40327807338780850e-5 -2.41349051894879040e3 -5.99520433297584532e-5 -2.71731229517513384e3 -1.06692432666477560e-5 -2.31694746331001534e3 3.86535248253494501e-4 -2.95569188892841339e3 -3.50619533406870687e-4 -7.50510764646605906e-6 -8.83837500964546166e2 2.25153229393981780e-5 -1.68221364318377232e3 -2.25153229393981780e-5 -1.96243135954787840e3 2.25153229393981780e-5 -2.68070713147494689e3 -3.00204305858642362e-5 -3.07114954942733266e3 -7.50510764646605906e-6 -3.62584977402491450e3 1.50102152929321181e-5 -4.20845239776923609e3 -6.00408611717284725e-5 -4.57998008318583106e3 5.25357535252624143e-5 -5.29948758587473003e3 -1.12576614696990887e-4 -5.61172811806010031e3 9.00612917575927121e-5 -6.29729395904554804e3 -9.75663994040587703e-5 -6.73437815184030478e3 1.74082970261224512e-5 -7.22686752596679707e3 -9.99200722162640886e-6 -7.88597618135433822e3 -1.25055521493777633e-4 -8.17984181589182117e3 1.66844316140668498e-4 -8.96231822995474795e3 -4.31654711974260809e-4 -9.25578463779608501e3 3.04600789036157948e-4 -9.88380769268992844e3 -3.73034936274052543e-4 -1.04957603682898098e4 1.17506004926326541e-4 -1.06496769321395859e4 0.00000000000000000e0 -1.18660765902944859e4 -9.39692768042732225e-5 -1.12827018560857105e4 7.67386154620908065e-5 -1.38948978844144494e4 -1.27675647831893002e-3 -2.65799318736270652e4 7.80531195232470163e-4 -1.50802856074605534e4 -1.48920875631119998e-3 -1.31916224322736725e4 2.78532752417959219e-4 -1.51818494361299890e4 -1.86739512741951303e-4 -1.46069928552705624e4 3.99680288865056355e-5 -1.58628733361365648e4 8.53539461331820484e-5 -1.60105691634271352e4 -2.95585778076201677e-3 -1.65676168100592477e4
3.00204305858642362e-5 3.16641061992584184e2 6.00408611717284725e-5 3.82113369568060136e2 0.00000000000000000e0 5.96476805903023546e2 0.00000000000000000e0 7.00076111037617579e2 9.00612917575927121e-5 8.74231653646973086e2 6.00408611717284725e-5 1.03343098771802056e3 3.00204305858642362e-5 1.14941675253277276e3 6.00408611717284725e-5 1.37536705437923979e3 0.00000000000000000e0 1.44202096610257536e3 2.10143014101049657e-4 1.70655862881119469e3 0.00000000000000000e0 1.77350085674987690e3 2.70183875272778150e-4 2.01009367142290807e3 -3.00204305858642362e-5 2.15296780528007093e3 1.80122583515185424e-4 2.28541025979467395e3 3.30224736444506616e-4 2.56595877878851343e3 -3.00204305858642362e-5 2.55641930664296569e3 1.17079679284870530e-3 2.96975134226329419e3 3.00204305858642362e-5 2.86978456927045090e3 1.38093980694975493e-3 3.29608311933071764e3 3.00204305858642362e-5 3.28593777485508599e3 4.80326889373827780e-4 3.43574389631839995e3 7.20490334060741697e-4 3.89367839641607861e3 3.00204305858642362e-5 2.78058261233837857e3 0.00000000000000000e0 5.22108841334301178e3 3.00204305858642362e-5 5.60656202974740881e3 -3.23741033980695647e-5 3.26358780444735476e3 -1.39266376208979609e-4 4.79992536828177708e3 8.96349661161366276e-4 4.64784102636173247e3 4.79616346638067625e-4 4.80145013597166417e3 1.28030919199773052e-4 5.23625632595781190e3 -4.54747350886464119e-5 5.01001434560777216e3 -9.17831225599741288e2 3.00204305858642362e-5 -1.60585722586148472e3 6.00408611717284725e-5 -2.20365333962746536e3 0.00000000000000000e0 -2.89636195667242237e3 3.00204305858642362e-5 -3.45467559039747175e3 0.00000000000000000e0 -4.18224179998816271e3 1.20081722343456945e-4 -4.72248367486827283e3 -6.00408611717284725e-5 -5.44076549591210369e3 1.20081722343456945e-4 -6.02054944138785777e3 3.00204305858642362e-5 -6.66743529347258027e3 3.00204305858642362e-5 -7.34274250788757945e3 1.50102152929321191e-4 -7.87912753796860125e3 0.00000000000000000e0 -8.66184926398006064e3 6.30429042303148998e-4 -9.11118143971379141e3 0.00000000000000000e0 -9.93816814052195332e3 7.50510764646605930e-4 -1.04036012038122317e4 3.00204305858642362e-5 -1.11379549426970934e4 2.40163444686913890e-4 -1.17803130233795655e4 4.20286028202099314e-4 -1.22515667779765663e4 9.00612917575927121e-5 -1.32349167527578993e4 -6.00408611717284725e-5 -1.32999663426502957e4 -3.00204305858642362e-5 -1.47442679008236173e4 0.00000000000000000e0 -1.42578154026296052e4 1.20081722343456945e-4 -1.69278529128291702e4 7.80531195232470163e-4 -3.04439998885186506e4 7.20490334060741697e-4 -1.82989507910402681e4 -9.00612917575927121e-5 -1.66997287138315151e4 9.00612917575927121e-5 -1.86459493854762550e4 -1.80122583515185424e-4 -1.82698865236474703e4 -6.00408611717284725e-5 -1.96544639733620133e4 -6.00408611717284725e-5 -1.98000077034521382e4 -2.10143014101049657e-4
-3.30959066952019043e2 0.00000000000000000e0 -1.64525039691998387e2 -2.42805775485521735e-5 -3.62649842056139732e2 -2.42805775485521735e-5 -4.37308822154314214e2 -8.90287843446913030e-5 -4.69557443527612861e2 2.42805775485521735e-5 -6.85886657469936267e2 -3.23741033980695647e-4 -6.06941847880460045e2 4.85611550971043471e-5 -8.99677288468403503e2 -3.39928085679730430e-4 -7.95352654836545298e2 0.00000000000000000e0 -1.06437943069304106e3 -7.28417326456565206e-5 -1.03813604362956721e3 0.00000000000000000e0 -1.18859111183367008e3 8.09352584951739118e-5 -1.31667627574216772e3 -8.09352584951739118e-6 -1.30013673826923082e3 2.99460456432143474e-4 -1.59728757580523961e3 8.09352584951739118e-6 -1.43387913733583605e3 4.85611550971043471e-5 -1.84251140424862547e3 -2.18525197936969562e-4 -1.62677054853510572e3 2.42805775485521735e-5 -2.02127935722273810e3 4.28956870024421733e-4 -1.91597311016700155e3 1.61870516990347824e-5 -2.10317606956778036e3 1.61870516990347824e-5 -2.37296583431856288e3 2.42805775485521735e-5 -2.02300893477058685e3 4.93705076820560862e-4 -3.60303084590007938e3 1.61870516990347824e-5 -1.23565170024875238e3 -8.09352584951739118e-6 -1.16873928734939636e3 6.70219435505714392e-4 -3.88365430694648194e3 9.33697563709756481e-6 -2.49011201924886882e3 1.99840144432528177e-5 -3.03238893994972614e3 3.20077297999432631e-5 -2.98899315294143298e3 2.16004991671070457e-4 -2.95108484351658262e3 0.00000000000000000e0 -3.23741033980695647e-5 -9.46830024384226476e2 1.61870516990347824e-5 -1.76651787188175649e3 -7.28417326456565206e-5 -2.06703790034401527e3 4.85611550971043471e-5 -2.85452801855878852e3 -1.05215836043726085e-4 -3.19303811850968350e3 2.42805775485521735e-5 -3.89539862176713223e3 -1.61870516990347824e-5 -4.36412145281561698e3 -1.86151094538899997e-4 -4.90449814590787628e3 1.29496413592278259e-4 -5.54961575504053781e3 0.00000000000000000e0 -5.92078353934821826e3 3.88489240776834777e-4 -6.70800741293664578e3 -1.61870516990347824e-5 -6.98229324048726994e3 4.35207425653061296e-5 -7.80656893548670178e3 -2.99760216648792266e-5 -8.11158132403289073e3 -1.93267624126747251e-4 -8.83640013940034623e3 1.02673425317334463e-4 -9.30857591947553738e3 0.00000000000000000e0 -9.80863417128219407e3 4.32853752840856032e-4 -1.05527882013789495e4 -9.41469124882132638e-4 -1.07449193836428603e4 7.83373366175510319e-5 -1.18148857590427706e4 4.29878355134860545e-5 -1.16693922730837239e4 2.34923192010683056e-5 -1.30948572291567089e4 0.00000000000000000e0 -1.25225709201148838e4 0.00000000000000000e0 -1.50802856074605534e4 7.20490334060741697e-4 -2.91842951952947515e4 -2.55755416844749561e-3 -1.62591591845284693e4 1.04449782156734714e-4 -1.46600893590087526e4 -1.12043707645170785e-4 -1.64329663476792120e4 -3.99680288865056355e-5 -1.60128249197977202e4 -1.28030919199773052e-4 -1.73317290432351001e4 -3.50155460182577372e-3 -1.73123888948634158e4
-1.29496413592278259e-4 3.24500465698207563e2 -6.47482067961391294e-5 3.96970446514544051e2 -2.58992827184556518e-4 6.11747241263671526e2 0.00000000000000000e0 7.24405236196545843e2 -3.88489240776834777e-4 9.02655398427043565e2 -1.61870516990347824e-4 1.05906618474982406e3 -2.58992827184556518e-4 1.20183581886479374e3 -4.20863344174904341e-4 1.39224446411567737e3 -1.29496413592278259e-4 1.52545846074936276e3 -8.09352584951739118e-4 1.71648114561939747e3 -6.47482067961391294e-5 1.87513804723593580e3 -8.41726688349808683e-4 2.04127106817608706e3 -2.91366930582626082e-4 2.23202964511060054e3 -4.53237447572973906e-4 2.38986116896100521e3 -1.06834541213629564e-3 2.56931661906101272e3 -6.47482067961391294e-5 2.77863802127242843e3 9.71223101942086942e-5 2.87816184245670593e3 1.61870516990347824e-4 3.19099212373608043e3 3.23741033980695647e-5 3.18912080343736216e3 -2.26618723786486953e-4 3.56058498884870278e3 -9.71223101942086942e-4 3.57565989297370379e3 -2.00719441068031301e-3 3.74724678486870744e3 -1.29496413592278259e-4 4.16421021505186673e3 6.47482067961391294e-5 3.05872231782800009e3 2.91366930582626082e-4 5.56061604641833219e3 0.00000000000000000e0 6.08521475888856912e3 6.96331881044898047e-5 3.44758551187318562e3 -1.83004722487112282e-3 5.15580948055038880e3 -1.87849735766576487e-3 4.97453823173898945e3 -8.53539461331820484e-5 5.08462015451627303e3 4.54747350886464119e-5 5.63365571433216428e3 -9.54719334389508845e2 -9.71223101942086942e-5 -1.66755141135510598e3 -9.71223101942086942e-5 -2.29512062155379226e3 -1.61870516990347824e-4 -3.00262330599210281e3 -3.23741033980695647e-4 -3.60483682704249031e3 3.23741033980695647e-5 -4.32869918189915370e3 -4.20863344174904341e-4 -4.93199921023368461e3 0.00000000000000000e0 -5.63351061360073436e3 -6.15107964563321730e-4 -6.27420700474168370e3 -1.61870516990347824e-4 -6.93067304826655618e3 -3.23741033980695647e-4 -7.60947867997074900e3 -7.44604378155599989e-4 -8.24500233687075524e3 -6.47482067961391294e-5 -8.91681619821227468e3 -1.61870516990347824e-3 -9.58738294434269301e3 1.61870516990347824e-4 -1.02007895850242403e4 -1.74820158349575649e-3 -1.09357599156201250e4 -3.23741033980695647e-5 -1.14999996817299889e4 -5.50359757767182600e-4 -1.22398852105742862e4 -1.48920875631119998e-3 -1.28702816835968297e4 6.47482067961391294e-5 -1.34499297099743853e4 -6.47482067961391294e-5 -1.43480638058690602e4 6.15107964563321730e-4 -1.45496532038436053e4 0.00000000000000000e0 -1.59363086351227430e4 1.94244620388417388e-4 -1.54970611383475898e4 -1.48920875631119998e-3 -1.82989507910402681e4 -2.55755416844749561e-3 -3.28641056544398671e4 0.00000000000000000e0 -1.97896711803480212e4 0.00000000000000000e0 -1.79174062407305682e4 1.68345337669961737e-3 -2.01466614990764028e4 2.91366930582626082e-4 -1.95578356671610745e4 7.12230274757530424e-4 -2.11613970350299496e4 4.85611550971043471e-4
-3.18286974909653907e2 -8.70414851306122558e-6 -1.64729709872801749e2 0.00000000000000000e0 -3.13657003303546787e2 0.00000000000000000e0 -4.41973769582659713e2 -8.70414851306122558e-6 -4.02143533762000459e2 0.00000000000000000e0 -6.66223587231229317e2 0.00000000000000000e0 -5.58991994026314273e2 1.74082970261224512e-5 -8.18098227206576098e2 8.70414851306122558e-6 -7.96716912887518333e2 8.70414851306122558e-6 -9.10638558160314801e2 8.70414851306122558e-6 -1.07498906309899644e3 -8.70414851306122558e-6 -1.00580013473461338e3 1.74082970261224512e-5 -1.32016549034830155e3 1.74082970261224512e-5 -1.17569953772544977e3 0.00000000000000000e0 -1.47397311138774967e3 -8.70414851306122558e-6 -1.45130440905028013e3 1.74082970261224512e-5 -1.53909851583478007e3 -8.70414851306122558e-6 -1.79225416139239246e3 8.70414851306122558e-6 -1.59242278030546890e3 8.70414851306122558e-6 -2.09640514747810812e3 3.48165940522449023e-5 -1.75833008189130146e3 0.00000000000000000e0 -2.24137062478924008e3 2.69828603904897991e-4 -2.19192431245573925e3 1.74082970261224512e-5 -2.10462694494317748e3 8.70414851306122558e-6 -3.56754961750027678e3 0.00000000000000000e0 -1.11315382591570255e3 -8.70414851306122558e-6 -1.05153362852661280e3 -1.30717658919365904e-4 -3.81619956950629512e3 9.99200722162640886e-6 -2.54806931554441007e3 -1.06692432666477557e-4 -2.80956464799864170e3 3.41060513164848089e-5 -3.06353376799961552e3 4.23161505835878415e-4 -8.70414851306122558e-6 -9.53589849217450933e2 -8.70414851306122558e-6 -1.81776122349930324e3 -8.70414851306122558e-6 -2.11621421186691759e3 0.00000000000000000e0 -2.89768648755739332e3 -1.74082970261224512e-5 -3.31265345163700385e3 -1.74082970261224512e-5 -3.91613378489807883e3 -1.74082970261224512e-5 -4.54643194789383597e3 8.70414851306122558e-6 -4.93617036401161567e3 -8.70414851306122558e-6 -5.73796458080977209e3 8.70414851306122558e-6 -6.03531575453786081e3 8.70414851306122558e-6 -6.82785905432581239e3 -8.70414851306122558e-6 -7.24190250824818668e3 -8.70414851306122558e-6 -7.82570423272232892e3 0.00000000000000000e0 -8.50692208231862242e3 -2.27373675443232059e-5 -8.81483822965378567e3 1.28341781646668079e-5 -9.72598802597701615e3 -1.43884903991420271e-5 -9.90509655398596806e3 -1.60316204755872604e-5 -1.08003071046525165e4 1.77635683940025013e-5 -1.11655517596176396e4 0.00000000000000000e0 -1.17000117203502869e4 2.14939177567430272e-5 -1.25799300221274261e4 -7.04769576032049236e-5 -1.24861156214350885e4 -2.55795384873636033e-5 -1.40676067983846988e4 8.32667268468867405e-5 -1.31916224322736725e4 -9.00612917575927121e-5 -1.62591591845284693e4 0.00000000000000000e0 -3.10396111046884434e4 1.04449782156734714e-4 -1.74521050439135870e4 -7.46958050967805185e-5 -1.54051654033260384e4 -3.99680288865056355e-5 -1.74536313035322819e4 0.00000000000000000e0 -1.69613395428314107e4 -9.09494701772928238e-5 -1.82032955378219594e4
-6.96331881044898047e-5 3.33731851043239601e2 -1.04449782156734714e-4 4.06888269566252291e2 0.00000000000000000e0 6.36871823189721795e2 -3.48165940522449023e-5 7.34297601212574477e2 -3.48165940522449023e-5 9.46481658559150560e2 0.00000000000000000e0 1.07461372280681621e3 0.00000000000000000e0 1.25023241821509123e3 6.96331881044898047e-5 1.43561542742531833e3 6.96331881044898047e-5 1.55437120881174428e3 3.48165940522449023e-5 1.80874796456009767e3 3.48165940522449023e-5 1.87616190814310335e3 1.39266376208979609e-4 2.17316486370577832e3 6.96331881044898047e-5 2.23802264258665627e3 6.96331881044898047e-5 2.50674216388802006e3 1.04449782156734714e-4 2.65330693380860748e3 6.96331881044898047e-5 2.80316340379727035e3 4.52615722679183764e-4 3.10877563265421441e3 0.00000000000000000e0 3.08624898295306548e3 4.17799128626938855e-4 3.55479451599194317e3 6.96331881044898047e-5 3.41145741842296911e3 1.74082970261224518e-4 3.90820192066598747e3 1.74082970261224518e-4 3.85602323120792744e3 -1.04449782156734714e-4 4.03573862115535985e3 1.49711354424653087e-3 4.52864762294780030e3 3.48165940522449023e-5 3.22746373058180279e3 2.01936245503020429e-3 6.04738728569031900e3 -1.04449782156734714e-4 6.45258670672887911e3 4.10826928032292872e-4 3.73301397615932683e3 2.39808173319033813e-4 5.46903219955652185e3 8.53539461331820484e-5 5.30490339798461628e3 -4.54747350886464119e-5 5.43184720669387298e3 -9.95144046100904120e2 6.96331881044898047e-5 -1.72595880414405633e3 3.48165940522449023e-5 -2.39468116092211812e3 0.00000000000000000e0 -3.11073013179452528e3 1.04449782156734714e-4 -3.74996401717453364e3 0.00000000000000000e0 -4.50455506211255761e3 6.96331881044898047e-5 -5.10428795479356177e3 3.48165940522449023e-5 -5.88905816272244829e3 3.48165940522449023e-5 -6.47459636482494625e3 3.48165940522449023e-5 -7.24753164647040558e3 3.48165940522449023e-5 -7.87456767739058614e3 6.96331881044898047e-5 -8.57219285563814810e3 6.96331881044898047e-5 -9.30251520259161953e3 1.74082970261224518e-4 -9.87670921830385669e3 6.96331881044898047e-5 -1.07320803763855092e4 2.78532752417959219e-4 -1.11996451607865292e4 -6.96331881044898047e-5 -1.21170680891680131e4 -3.48165940522449023e-5 -1.25908033488997244e4 1.74082970261224518e-4 -1.34115823755109868e4 -3.48165940522449023e-5 -1.40853549488895151e4 9.40048039410612437e-4 -1.45985038813023475e4 -3.48165940522449023e-5 -1.56794497328860398e4 1.28821397993306142e-3 -1.57027343746563001e4 -6.96331881044898047e-5 -1.73437240817975144e4 2.78532752417959219e-4 -1.66997287138315151e4 1.04449782156734714e-4 -1.97896711803480212e4 1.04449782156734714e-4 -3.54177356939544479e4 0.00000000000000000e0 -2.12707450000682002e4 -6.96331881044898047e-5 -1.93393278191678073e4 -3.48165940522449037e-4 -2.15590588410474738e4 -3.48165940522449023e-5 -2.10788843105547130e4 1.07931441561959197e-3
-3.51597823078364456e2 -9.33697563709756481e-6 -1.76138394636371459e2 -9.33697563709756481e-6 -3.79117877169488054e2 -1.86739512741951296e-5 -4.67411428006769768e2 9.33697563709756481e-6 -4.92778338168076061e2 0.00000000000000000e0 -7.24932751017259761e2 -9.33697563709756481e-6 -6.47605907566628389e2 -1.86739512741951296e-5 -9.38947399642397954e2 1.86739512741951296e-5 -8.58616944499068609e2 9.33697563709756481e-6 -1.10613874008125254e3 0.00000000000000000e0 -1.11471538711826997e3 -1.86739512741951296e-5 -1.24971245274441117e3 0.00000000000000000e0 -1.38580132827970078e3 1.86739512741951296e-5 -1.40110811952531844e3 0.00000000000000000e0 -1.64463766623157426e3 0.00000000000000000e0 -1.57870956520866889e3 -9.33697563709756481e-6 -1.88061474553080620e3 1.86739512741951296e-5 -1.78426619807936504e3 -9.33697563709756481e-6 -2.09686390917340714e3 9.33697563709756481e-6 -2.01784456903553132e3 1.96076488379048869e-4 -2.28821729351125214e3 -2.80109269112926961e-5 -2.30219216872384823e3 9.33697563709756515e-5 -2.41796455497933448e3 0.00000000000000000e0 -2.73837968967072266e3 3.73479025483902592e-5 -2.37932560445131048e3 0.00000000000000000e0 -4.07796618633327080e3 -9.33697563709756481e-6 -1.48808309461401200e3 2.80109269112926961e-5 -1.22327923195442145e3 -5.99520433297584532e-5 -4.53289370039300411e3 2.77400324932841613e-4 -2.76882072842710204e3 -3.63797880709171295e-4 -3.45608423231169581e3 5.56155121955725917e-4 -9.33697563709756481e-6 -1.01474061683370905e3 9.33697563709756481e-6 -1.89822830460872865e3 0.00000000000000000e0 -2.22307822280720620e3 9.33697563709756481e-6 -3.05875007254874345e3 -2.80109269112926961e-5 -3.44185740598357233e3 9.33697563709756481e-6 -4.16973525386721212e3 0.00000000000000000e0 -4.70137147962068593e3 9.33697563709756481e-6 -5.26057696532688988e3 9.33697563709756481e-6 -5.95851806037828101e3 9.33697563709756481e-6 -6.37668555059089795e3 -2.80109269112926961e-5 -7.17399370953053403e3 -1.86739512741951296e-5 -7.54397717674937121e3 -1.86739512741951296e-5 -8.33682286823789036e3 0.00000000000000000e0 -8.75779579283530802e3 0.00000000000000000e0 -9.46614377822507595e3 2.56683563293336158e-5 -9.99485199377758545e3 1.58273394390562289e-4 -1.05841918400684226e4 -4.32853752840856032e-4 -1.12373495040118942e4 3.55271367880050025e-5 -1.16933446399181103e4 -9.20463705256224568e-4 -1.24919154847580303e4 5.15854026161832735e-4 -1.27756764450426253e4 3.05400149613887953e-4 -1.37937174680136086e4 -1.79056769411545220e-4 -1.37996008364171794e4 -2.77555756156289135e-5 -1.51818494361299890e4 9.00612917575927121e-5 -1.46600893590087526e4 0.00000000000000000e0 -1.74521050439135870e4 0.00000000000000000e0 -3.38135954982998737e4 -3.73479025483902592e-5 -1.88145805335437908e4 -1.67865721323323669e-3 -1.67798770412841441e4 2.73132627626182555e-3 -1.89926180951260903e4 -4.54747350886464119e-5 -1.82338158438044557e4
3.73479025483902592e-5 3.55785942174335844e2 -3.73479025483902592e-5 4.31014552448871711e2 -7.46958050967805185e-5 6.64223744761826993e2 -7.46958050967805185e-5 7.95735308045664055e2 -1.49391610193561037e-4 9.68887093621972781e2 -3.73479025483902592e-5 1.17246397453030204e3 0.00000000000000000e0 1.28316778882364679e3 -3.73479025483902592e-5 1.54034996486807040e3 0.00000000000000000e0 1.63701029554097454e3 -7.46958050967805185e-5 1.88013229345251852e3 0.00000000000000000e0 2.03966430736279813e3 -1.49391610193561037e-4 2.20044049195067237e3 0.00000000000000000e0 2.46526423559600926e3 1.12043707645170785e-4 2.53980620468219286e3 -1.12043707645170785e-4 2.86490669929584328e3 -7.46958050967805185e-5 2.94174911243949509e3 -2.24087415290341569e-4 3.20150045070022270e3 0.00000000000000000e0 3.41676838289117723e3 -1.49391610193561037e-4 3.48513696777352743e3 0.00000000000000000e0 3.91585494052826198e3 -7.46958050967805185e-5 3.78440597232909613e3 -1.49391610193561037e-4 4.32949640649660159e3 0.00000000000000000e0 4.20909106368938501e3 -1.00839336880653697e-3 4.48476022740784629e3 7.46958050967805185e-5 4.90346136312602630e3 -1.41922029683882989e-3 3.60035692779092597e3 3.73479025483902592e-5 6.54513525391031635e3 -2.61435317838731808e-4 7.01350674709999475e3 -1.19904086659516906e-4 4.08508952869368568e3 -8.53539461331820484e-5 5.90434989500287975e3 -3.36513039655983448e-3 5.79489383678577451e3 -1.02231240921568644e3 -3.73479025483902592e-5 -1.79804171569486448e3 3.73479025483902592e-5 -2.45299780252672372e3 -3.73479025483902592e-5 -3.24011851806638106e3 7.46958050967805185e-5 -3.85508601890016598e3 0.00000000000000000e0 -4.66222117663228528e3 -3.73479025483902592e-5 -5.29076938322603382e3 0.00000000000000000e0 -6.04471649658932984e3 0.00000000000000000e0 -6.75796716915755133e3 -3.73479025483902592e-5 -7.40878902991681662e3 -1.12043707645170785e-4 -8.21958797954103102e3 -7.46958050967805185e-5 -8.80013072346308218e3 1.12043707645170785e-4 -9.63084428433624635e3 -1.49391610193561037e-4 -1.02525572645451011e4 3.73479025483902592e-5 -1.09783084294878809e4 -2.24087415290341569e-4 -1.17534879748415460e4 -7.46958050967805185e-5 -1.23024938510685170e4 0.00000000000000000e0 -1.32384344924574270e4 -3.73479025483902592e-5 -1.36849309082975851e4 -7.46958050967805185e-5 -1.46229211278825460e4 -5.60218538225853882e-4 -1.52006086246547748e4 3.73479025483902592e-5 -1.58564061970789517e4 -7.84305953516195478e-4 -1.68672077212939075e4 7.46958050967805185e-5 -1.69559844699573841e4 -1.86739512741951303e-4 -1.86459493854762550e4 -1.12043707645170785e-4 -1.79174062407305682e4 -7.46958050967805185e-5 -2.12707450000682002e4 -3.73479025483902592e-5 -3.79269408441018604e4 1.12043707645170785e-4 -2.28277803460130708e4 3.36131122935512340e-4 -2.06021021913471741e4 7.46958050967805185e-5 -2.30624199048179435e4 -4.48174830580683138e-4
-3.49406583666223014e2 0.00000000000000000e0 -1.78600704225928553e2 0.00000000000000000e0 -3.55289178077811130e2 0.00000000000000000e0 -4.79057613578248720e2 1.99840144432528177e-5 -4.55100986895828896e2 9.99200722162640886e-6 -7.32634373168394859e2 4.99600361081320443e-5 -6.16324841162807502e2 0.00000000000000000e0 -9.18851664755138131e2 8.99280649946376798e-5 -8.58915538692883729e2 -9.99200722162640886e-6 -1.03878956436709313e3 1.99840144432528177e-5 -1.15700172442778648e3 1.09912079437890498e-4 -1.13994599759692505e3 -9.99200722162640886e-6 -1.44699776161161253e3 2.99760216648792266e-5 -1.29134341220193960e3 9.99200722162640886e-6 -1.66402113563890452e3 1.99840144432528177e-5 -1.54158965672834802e3 9.99200722162640886e-6 -1.78333296769750382e3 1.09912079437890498e-4 -1.88413928192687763e3 3.19744231092045084e-4 -1.84263280189611555e3 1.99840144432528177e-5 -2.25083030533923511e3 7.99360577730112709e-5 -1.93374759760445136e3 -9.99200722162640886e-6 -2.53732564048370023e3 0.00000000000000000e0 -2.17232534680533672e3 -9.99200722162640886e-6 -2.64118782400402097e3 7.19424519957101438e-4 -2.69748005639058920e3 4.19664303308309172e-4 -2.45717657740840423e3 1.99840144432528177e-5 -4.26231178494162941e3 1.99840144432528177e-5 -1.32766613405443923e3 -3.39728245535297901e-4 -1.30522804564492390e3 -9.60231893998298027e-5 -4.49645168636436665e3 -9.09494701772928238e-5 -2.95990457743755542e3 -1.08812958643511593e-4 -9.99200722162640886e-6 -1.03265587081402555e3 9.99200722162640886e-6 -1.95813223635710187e3 9.99200722162640886e-6 -2.28015763270583693e3 9.99200722162640886e-6 -3.13426609666045397e3 1.99840144432528177e-5 -3.55640185301098199e3 -9.99200722162640886e-6 -4.24573748158962917e3 9.99200722162640886e-6 -4.87981631103195923e3 9.99200722162640886e-6 -5.34326434098453228e3 9.99200722162640886e-6 -6.17981570916192868e3 2.99760216648792266e-4 -6.50140848157398887e3 -3.99680288865056355e-5 -7.39162665075454606e3 3.39728245535297901e-4 -7.76359239895718656e3 9.99200722162640886e-6 -8.50206488212101794e3 -9.99200722162640886e-6 -9.10900192274688379e3 3.41060513164848089e-5 -9.56450412870068976e3 -2.56683563293336158e-5 -1.04571227077521198e4 1.10791376073393600e-3 -1.06751584072473088e4 -8.01581023779363022e-5 -1.17086178852421344e4 8.34887714518117610e-4 -1.19222591499212886e4 0.00000000000000000e0 -1.28004138488790886e4 2.14939177567430272e-5 -1.33348913211595027e4 0.00000000000000000e0 -1.37416263268352886e4 7.67386154620908065e-5 -1.48650709641540143e4 1.11022302462515654e-3 -1.46069928552705624e4 -1.80122583515185424e-4 -1.64329663476792120e4 1.68345337669961737e-3 -1.54051654033260384e4 -6.96331881044898047e-5 -1.88145805335437908e4 1.12043707645170785e-4 -3.59611891065370073e4 -3.99680288865056355e-5 -2.00813008669142873e4 0.00000000000000000e0 -1.78343375523581926e4 1.09139364212751389e-3 -2.00329847361735410e4
3.99680288865056355e-5 3.53051547996585668e2 -7.99360577730112709e-5 4.34013065486738014e2 -7.99360577730112709e-5 6.77813045690811578e2 -7.99360577730112709e-5 7.77180639843777499e2 7.99360577730112709e-5 1.01515863715206933e3 0.00000000000000000e0 1.13010057312123990e3 0.00000000000000000e0 1.34777932814245105e3 0.00000000000000000e0 1.50759612793649467e3 0.00000000000000000e0 1.67423111374631617e3 3.99680288865056355e-5 1.90923253207131438e3 0.00000000000000000e0 2.00523929461127182e3 3.99680288865056355e-5 2.31817293361302745e3 0.00000000000000000e0 2.36365259365101110e3 -3.99680288865056355e-5 2.70681349334722654e3 0.00000000000000000e0 2.77359167633051129e3 0.00000000000000000e0 3.05253834209651131e3 -7.99360577730112709e-5 3.24224826986352355e3 -3.99680288865056355e-5 3.35660699235518223e3 0.00000000000000000e0 3.74396557756284665e3 0.00000000000000000e0 3.65502100585501921e3 -7.99360577730112709e-5 4.21601149991346392e3 7.99360577730112709e-5 4.01318270615291794e3 0.00000000000000000e0 4.56650205649111740e3 -1.19904086659516906e-4 4.51086971775538404e3 0.00000000000000000e0 4.65510174407768318e3 -5.19584375524573261e-4 5.25978476773047987e3 0.00000000000000000e0 3.67963875369525795e3 -7.99360577730112709e-5 6.96711620395973387e3 -7.99360577730112709e-5 7.35814089658504145e3 0.00000000000000000e0 4.23261365956051395e3 -1.77351466845721006e-3 6.21779971510250107e3 -1.07032714691257524e3 -7.99360577730112709e-5 -1.84844135997508374e3 -3.99680288865056355e-5 -2.57889669619260076e3 0.00000000000000000e0 -3.32904611877182788e3 0.00000000000000000e0 -4.03837567386489127e3 -7.99360577730112709e-5 -4.82471039120468959e3 7.99360577730112709e-5 -5.48806867950446576e3 -7.99360577730112709e-5 -6.32150280122090226e3 -3.99680288865056355e-5 -6.94301708126232643e3 1.59872115546022542e-4 -7.80074029371746747e3 0.00000000000000000e0 -8.42314901827734320e3 7.99360577730112709e-5 -9.24426335480177477e3 1.99840144432528177e-4 -9.94073671378714607e3 0.00000000000000000e0 -1.06498146301703400e4 -1.19904086659516906e-4 -1.14853459942665377e4 -3.99680288865056355e-5 -1.20424933625074009e4 7.99360577730112709e-5 -1.30185287749995387e4 0.00000000000000000e0 -1.34717072697299045e4 7.99360577730112709e-5 -1.44865270979011038e4 3.99680288865056355e-5 -1.49900967638672009e4 -3.99680288865056355e-5 -1.58469927180604482e4 -3.99680288865056355e-5 -1.66244289534489544e4 -1.19904086659516906e-4 -1.70953841083232292e4 -3.99680288865056355e-5 -1.83561594724324095e4 3.99680288865056355e-5 -1.82698865236474703e4 -3.99680288865056355e-5 -2.01466614990764028e4 -3.99680288865056355e-5 -1.93393278191678073e4 -1.67865721323323669e-3 -2.28277803460130708e4 -3.99680288865056355e-5 -4.08049061739745885e4 5.59552404411078896e-4 -2.43997239917526094e4 -3.99680288865056355e-5 -2.22118473629961954e4 -4.79616346638067625e-4
-3.66736171353299085e2 5.33462163332387785e-5 -1.86391167744659498e2 3.20077297999432631e-5 -3.81658772463655566e2 3.20077297999432631e-5 -4.95620299267862720e2 7.46847028665342805e-5 -4.95630381702749673e2 -4.26769730665910242e-5 -7.56889240505209727e2 1.38700162466420807e-4 -6.68525991631696684e2 -1.06692432666477560e-5 -9.57851809879617463e2 1.70707892266364097e-4 -9.10778020324354316e2 -1.06692432666477560e-5 -1.10839863062262020e3 1.17361675933125311e-4 -1.19124440837170573e3 1.06692432666477557e-4 -1.25482593917869440e3 0.00000000000000000e0 -1.45781731850647157e3 3.20077297999432685e-4 -1.44352295444738502e3 -1.60038648999716342e-4 -1.67768974961290951e3 5.22792920065739963e-4 -1.68435587388771046e3 -1.70707892266364097e-4 -1.86484816868670555e3 4.37438973932557983e-4 -1.94283160559471912e3 6.40154595998865261e-5 -2.06551437287316685e3 4.26769730665910242e-5 -2.17108013527145204e3 5.01454433532444455e-4 -2.31503340621941334e3 -3.73423514332671457e-4 -2.35568002140418230e3 8.21531731531877194e-4 -2.59379211229315797e3 -6.72162325798808633e-4 -2.55964346940196219e3 -2.13384865332955121e-5 -2.80939457049100884e3 -1.81377135533011851e-4 -2.96568238207228796e3 3.30746541266080439e-4 -2.77821369323305544e3 6.40154595998865370e-4 -4.48058237898507559e3 -8.00193244998581685e-4 -1.68128850841497979e3 3.20077297999432631e-5 -1.25684936116421409e3 -3.41060513164848089e-5 -5.05827811139170080e3 8.34232682933588876e-4 5.33462163332387785e-5 -1.07576166086253988e3 -1.06692432666477560e-5 -2.02684854102574991e3 6.40154595998865261e-5 -2.37088540654406552e3 -4.26769730665910242e-5 -3.24998678502552730e3 8.53539461331820484e-5 -3.68764725244830106e3 -5.33462163332387785e-5 -4.41658646841425252e3 6.40154595998865261e-5 -5.04199423908557947e3 6.40154595998865261e-5 -5.57789783468543101e3 -4.26769730665910242e-5 -6.36908724127582900e3 2.13384865332955114e-4 -6.79512801723403209e3 -2.02715622066307360e-4 -7.62446730894206303e3 2.88069568199489368e-4 -8.08617465030137009e3 -1.60038648999716342e-4 -8.81935269260170207e3 2.34723351866250623e-4 -9.41301246553116835e3 3.41060513164848089e-5 -1.00118721608977175e4 -3.85025344940004220e-5 -1.07132198282289264e4 1.20863319352793020e-3 -1.12549405726580790e4 -1.60316204755872604e-4 -1.19534313367197792e4 9.05941988094127629e-4 -1.25478795453881648e4 -1.76259007389489825e-4 -1.31663674796000960e4 1.71951342053944218e-4 -1.38276879124377156e4 1.05715436404807384e-3 -1.44434263079751272e4 -7.67386154620908092e-4 -1.50028898332488243e4 1.66533453693773481e-4 -1.58628733361365648e4 -6.00408611717284725e-5 -1.60128249197977202e4 2.91366930582626082e-4 -1.74536313035322819e4 -3.48165940522449037e-4 -1.67798770412841441e4 3.36131122935512340e-4 -2.00813008669142873e4 5.59552404411078896e-4 -3.85814610009749304e4 -2.13384865332955114e-4 -2.15991160757766920e4 4.54747350886464119e-5 -1.89414128880627250e4
8.53539461331820484e-5 3.82859563785587000e2 -4.26769730665910242e-5 4.61585434585742917e2 -4.26769730665910242e-5 7.14205716523253045e2 4.26769730665910242e-5 8.53780799614512034e2 1.70707892266364097e-4 1.03900534962342317e3 -4.26769730665910242e-5 1.26210097608492333e3 -1.28030919199773052e-4 1.37041735293053102e3 -8.53539461331820484e-5 1.66405562596061441e3 -4.26769730665910242e-5 1.74277535127664873e3 0.00000000000000000e0 2.03426261951023002e3 -4.26769730665910242e-5 2.17312495447430365e3 4.26769730665910242e-5 2.37332344599217049e3 0.00000000000000000e0 2.64238166032271283e3 -8.53539461331820484e-5 2.71605048052236998e3 4.26769730665910242e-5 3.10062032400360022e3 8.53539461331820484e-5 3.11340549159488955e3 0.00000000000000000e0 3.49645897954609109e3 -4.26769730665910242e-5 3.59687892141913335e3 1.28030919199773052e-4 3.81408755818490908e3 4.26769730665910242e-5 4.14643947914683577e3 -4.26769730665910242e-5 4.09509886716286110e3 4.26769730665910242e-5 4.68205051342707247e3 8.53539461331820484e-5 4.43060867074685029e3 5.12123676799092209e-4 5.08113633181928071e3 0.00000000000000000e0 4.93146059077354039e3 1.23763221893113951e-3 5.17352852167363199e3 -4.26769730665910242e-5 5.73060172035511096e3 1.70707892266364097e-4 4.09847098818971790e3 -4.26769730665910242e-5 7.58017303863489724e3 0.00000000000000000e0 7.98054202557629924e3 3.68345354218035936e-3 4.67899876843702623e3 -1.09344798007171562e3 0.00000000000000000e0 -1.92500700784137302e3 -4.26769730665910242e-5 -2.62234840633368549e3 8.53539461331820484e-5 -3.47082616527494292e3 -4.26769730665910242e-5 -4.11904926980177788e3 4.26769730665910242e-5 -4.99604015460342089e3 -4.26769730665910242e-5 -5.65262875671379607e3 -4.26769730665910242e-5 -6.47544549190470843e3 8.53539461331820484e-5 -7.22630099794230409e3 0.00000000000000000e0 -7.92611424671463374e3 -4.26769730665910242e-5 -8.80461683525624176e3 4.26769730665910242e-5 -9.39580216527957782e3 -8.53539461331820484e-5 -1.03359671331570989e4 -8.53539461331820484e-5 -1.09301101481218411e4 -4.26769730665910242e-5 -1.17908856609449958e4 2.13384865332955114e-4 -1.25351186396560624e4 0.00000000000000000e0 -1.31916639246387749e4 4.26769730665910242e-5 -1.41611794686191679e4 0.00000000000000000e0 -1.46116454178724107e4 -4.26769730665910242e-5 -1.57219187518986564e4 1.70707892266364097e-4 -1.61393093215167501e4 0.00000000000000000e0 -1.71415951474518406e4 6.40154595998865370e-4 -1.78266596611020868e4 1.28030919199773052e-4 -1.84026190847674807e4 8.53539461331820484e-5 -1.96544639733620133e4 -1.28030919199773052e-4 -1.95578356671610745e4 0.00000000000000000e0 -2.15590588410474738e4 2.73132627626182555e-3 -2.06021021913471741e4 0.00000000000000000e0 -2.43997239917526094e4 -2.13384865332955114e-4 -4.34776419037774540e4 0.00000000000000000e0 -2.60159427853068337e4 9.81570380531593401e-4
-3.84331985969765810e2 -3.41060513164848089e-5 -1.93579774077079492e2 2.27373675443232059e-5 -4.06594574542396003e2 1.13686837721616030e-5 -5.17385433340677992e2 0.00000000000000000e0 -5.22947300396481296e2 0.00000000000000000e0 -8.02752265371964313e2 0.00000000000000000e0 -6.89651710672478657e2 -1.13686837721616030e-5 -1.03108487792269443e3 4.54747350886464119e-5 -9.31989382024767110e2 -2.27373675443232059e-5 -1.19176078214877634e3 2.27373675443232059e-5 -1.24029875223641284e3 2.27373675443232059e-5 -1.31413011104086763e3 -1.13686837721616030e-5 -1.56765395331603941e3 4.43378667114302516e-4 -1.45588402347129886e3 -2.27373675443232059e-5 -1.85179520713063539e3 4.43378667114302516e-4 -1.67338865795230140e3 -3.41060513164848089e-5 -2.04813211190923948e3 6.82121026329696178e-5 -1.98963481539138343e3 1.13686837721616030e-4 -2.15751940757513648e3 -1.13686837721616030e-5 -2.37568887642147729e3 7.04858393874019384e-4 -2.23384468860388097e3 -1.13686837721616030e-5 -2.75566168115304254e3 2.16004991671070457e-4 -2.36877883708075342e3 2.27373675443232059e-5 -3.03232899900862685e3 2.04636307898908854e-4 -2.66752960342842061e3 1.81898940354585648e-4 -3.11564952397702655e3 -1.13686837721616030e-5 -3.26687698546379534e3 1.47792889038100839e-4 -2.90054978213660752e3 -1.02318153949454427e-4 -5.02361200638290484e3 -4.88853402202948928e-4 -1.62530877534372576e3 -4.54747350886464119e-5 -1.60540239448891953e3 4.83613149526718189e-5 1.13686837721616030e-5 -1.11647975700179813e3 1.13686837721616030e-5 -2.10025075375597226e3 -2.27373675443232059e-5 -2.45036657133823610e3 0.00000000000000000e0 -3.37857550221087877e3 0.00000000000000000e0 -3.80335866339009954e3 0.00000000000000000e0 -4.59292873529193457e3 1.13686837721616030e-5 -5.21087764582262025e3 0.00000000000000000e0 -5.77788043756299885e3 -3.41060513164848089e-5 -6.61693688925879542e3 1.47792889038100839e-4 -6.99851542549367878e3 -2.27373675443232059e-5 -7.95805647157976637e3 1.70530256582424045e-4 -8.30700846563559026e3 3.41060513164848089e-5 -9.20157781365560368e3 0.00000000000000000e0 -9.71039357864356134e3 3.41060513164848089e-5 -1.03685084241078584e4 0.00000000000000000e0 -1.11607023313808895e4 4.89208673570828870e-4 -1.15289456061873352e4 -4.80948614267617813e-5 -1.25736170048185159e4 3.90798504668055048e-4 -1.27708992636144103e4 -3.91686683087755160e-5 -1.38671796889866528e4 -4.29878355134860545e-5 -1.41582685387220408e4 4.69846384021366112e-5 -1.50037014122972323e4 0.00000000000000000e0 -1.56972332206350984e4 4.99600361081320443e-4 -1.60105691634271352e4 -6.00408611717284725e-5 -1.73317290432351001e4 7.12230274757530424e-4 -1.69613395428314107e4 -3.48165940522449023e-5 -1.89926180951260903e4 7.46958050967805185e-5 -1.78343375523581926e4 -3.99680288865056355e-5 -2.15991160757766920e4 0.00000000000000000e0 -4.12577171118755359e4 5.45696821063756943e-4 -2.29609693716215079e4
-9.09494701772928238e-5 3.78124013877823018e2 0.00000000000000000e0 4.65313996755867265e2 -2.27373675443232059e-4 7.23041330275009386e2 -4.54747350886464119e-5 8.36356912259361707e2 -2.72848410531878471e-4 1.08035305856901687e3 -2.72848410531878471e-4 1.21590187518449966e3 -2.27373675443232059e-4 1.43783954626997001e3 -5.91171556152403355e-4 1.61362427206768189e3 -4.54747350886464119e-5 1.79786738954135217e3 -1.09139364212751389e-3 2.02924366021761671e3 -1.36424205265939236e-4 2.16650764741643798e3 -1.27329258248209953e-3 2.45552519118064083e3 -3.63797880709171295e-4 2.55367094723624177e3 -7.27595761418342590e-4 2.87893412860285025e3 -1.45519152283668518e-3 2.97127135127084330e3 -9.09494701772928238e-5 3.28316396007721778e3 0.00000000000000000e0 3.42872858709597494e3 9.09494701772928238e-5 3.65669202437857166e3 -1.36424205265939236e-4 3.92444076169340406e3 -2.72848410531878471e-4 4.00330350203148555e3 -1.77351466845721006e-3 4.43479193563689478e3 -3.13775672111660242e-3 4.34923076682025567e3 -1.81898940354585648e-4 4.90845495733083226e3 0.00000000000000000e0 4.74633811791136395e3 9.09494701772928238e-5 5.26301146237528883e3 9.09494701772928238e-5 5.27131546732562128e3 -4.54747350886464119e-5 5.34896030330855865e3 0.00000000000000000e0 6.05362856731517240e3 0.00000000000000000e0 4.23973060605931096e3 -2.27373675443232059e-4 7.92542209637758788e3 -4.54747350886464119e-5 8.42135127641086001e3 -1.14132717499160208e3 -1.81898940354585648e-4 -1.97551235032733530e3 4.54747350886464119e-5 -2.74904623438487761e3 -2.27373675443232059e-4 -3.55686051989323460e3 -3.18323145620524883e-4 -4.30889917879540008e3 -4.54747350886464119e-5 -5.14752064191270620e3 -5.00222085975110531e-4 -5.86534661124460399e3 0.00000000000000000e0 -6.73460071993758902e3 -6.82121026329696178e-4 -7.42747324693482369e3 -3.18323145620524883e-4 -8.30921362648950890e3 -3.63797880709171295e-4 -9.00350878509925678e3 -9.09494701772928238e-4 -9.86391319202084560e3 4.54747350886464119e-5 -1.05994297427969286e4 -2.63753463514149189e-3 -1.13955380584229715e4 1.36424205265939236e-4 -1.22146776448062155e4 -2.86490831058472395e-3 -1.29102592381968861e4 -4.54747350886464119e-5 -1.38364086069486802e4 -1.04591890703886747e-3 -1.44286449994979193e4 -1.86446413863450289e-3 -1.54382055825408315e4 9.09494701772928238e-5 -1.59841066306398716e4 4.54747350886464119e-5 -1.69840264334197855e4 4.09272615797817707e-4 -1.76140226358256768e4 4.54747350886464119e-5 -1.84409670509921852e4 9.09494701772928238e-5 -1.93411546661081957e4 -2.95585778076201677e-3 -1.98000077034521382e4 -3.50155460182577372e-3 -2.11613970350299496e4 -9.09494701772928238e-5 -2.10788843105547130e4 -4.54747350886464119e-5 -2.30624199048179435e4 1.09139364212751389e-3 -2.22118473629961954e4 4.54747350886464119e-5 -2.60159427853068337e4 5.45696821063756943e-4 -4.65617740701418370e4 4.54747350886464119e-5
-3.82454735181614296e2 2.41806574763359095e-5 -1.96714919953322465e2 -3.62709862145038642e-5 -3.85242390188444972e2 4.83613149526718189e-5 -5.25068251078231128e2 3.62709862145038642e-5 -4.97948059885455734e2 7.25419724290077284e-5 -7.93664818066197540e2 1.08812958643511593e-4 -6.85458298221863743e2 -2.41806574763359095e-5 -9.85391727814643900e2 2.78077560977862959e-4 -9.57774346033168854e2 -1.32993616119847502e-4 -1.11781541792810299e3 3.74800190883206596e-4 -1.26928740887821687e3 -1.57174273596183411e-4 -1.25633435055227937e3 3.86890519621374551e-4 -1.54680591305522694e3 1.17276188760229161e-3 -1.46626657505644062e3 1.57174273596183411e-4 -1.74425602171845981e3 -8.22142354195420921e-4 -1.76091617443141467e3 -3.50619533406870687e-4 -1.88229762336788986e3 -9.67226299053436378e-5 -2.08574656044291351e3 3.74800190883206596e-4 -2.03905068829612878e3 6.04516436908397668e-5 -2.35291419548033718e3 3.62709862145038642e-5 -2.29191207647971851e3 -9.06774655362596496e-4 -2.50816911169238119e3 0.00000000000000000e0 -2.65228248963467149e3 6.89148738075573419e-4 -2.58901206029449349e3 -3.62709862145038642e-4 -3.03412316089435353e3 -2.65987232239695004e-4 -2.73985002525733989e3 -1.08812958643511593e-4 -3.27119013476817554e3 -3.62709862145038642e-5 -3.20532192543687643e3 1.20903287381679547e-5 -3.13997623901940415e3 2.41806574763359095e-5 -4.99813764247569816e3 0.00000000000000000e0 -1.74819556377769914e3 -8.70503669148092740e-4 1.20903287381679547e-5 -1.13687741710721821e3 1.20903287381679547e-5 -2.15658759140646680e3 6.04516436908397668e-5 -2.51721011874650458e3 -4.83613149526718189e-5 -3.44472378651650115e3 1.20903287381679534e-4 -3.93054258680525209e3 -1.08812958643511593e-4 -4.66695493470670135e3 1.93445259810687276e-4 -5.38294790222160191e3 -1.32993616119847502e-4 -5.89247609106280379e3 1.20903287381679534e-4 -6.78966089111554538e3 3.62709862145038642e-5 -7.19999351839195606e3 -6.04516436908397668e-5 -8.09529989242996271e3 4.59432492050382225e-4 -8.60888622429278803e3 -3.86890519621374551e-4 -9.32111451733552713e3 7.01239066813741374e-4 -1.00599227935926901e4 2.90167889716030913e-4 -1.05548156878576538e4 -2.43849385128669355e-4 -1.14555592278131608e4 7.91366971952811474e-4 -1.18842552025322220e4 -5.45075096169966855e-4 -1.27343298311211038e4 9.59232693276135143e-4 -1.33260277629720913e4 1.76259007389489825e-4 -1.39281987607375868e4 2.14939177567430272e-5 -1.47996071370948266e4 -1.01016972564593722e-3 -1.51612348060048407e4 1.30455646285554372e-3 -1.61651815734242791e4 1.11022302462515654e-4 -1.65676168100592477e4 -2.10143014101049657e-4 -1.73123888948634158e4 4.85611550971043471e-4 -1.82032955378219594e4 1.07931441561959197e-3 -1.82338158438044557e4 -4.48174830580683138e-4 -2.00329847361735410e4 -4.79616346638067625e-4 -1.89414128880627250e4 9.81570380531593401e-4 -2.29609693716215079e4 4.54747350886464119e-5 -4.36577654703729204e4